order_id,order_date,customer_id,product_id,seller_id,quantity,discount,payment_method,order_status
ORD000001,2024-04-01,CUST0867,PROD0027,SELL023,4,0.15,UPI,Delivered
ORD000002,2024-04-28,CUST0600,PROD0027,SELL063,1,0.0,Credit Card,Delivered
ORD000003,2024-05-22,CUST0933,PROD0150,SELL043,1,0.15,Debit Card,Delivered
ORD000004,2024-03-09,CUST0903,PROD0127,SELL018,1,0.1,UPI,Cancelled
ORD000005,2024-08-17,CUST0287,PROD0103,SELL045,2,0.05,UPI,Shipped
ORD000006,2025-02-05,CUST0227,PROD0016,SELL034,4,0.15,COD,Returned
ORD000007,2024-08-13,CUST1138,PROD0061,SELL058,1,0.1,Net Banking,Delivered
ORD000008,2024-08-28,CUST0532,PROD0157,SELL057,1,0.1,Credit Card,Delivered
ORD000009,2024-12-09,CUST0745,PROD0049,SELL060,2,0.1,COD,Shipped
ORD000010,2025-02-04,CUST0643,PROD0127,SELL076,1,0.2,Debit Card,Shipped
ORD000011,2024-08-29,CUST0493,PROD0086,SELL054,3,0.0,COD,Delivered
ORD000012,2024-06-11,CUST0529,PROD0123,SELL050,2,0.15,Net Banking,Returned
ORD000013,2024-10-26,CUST0456,PROD0149,SELL057,2,0.15,COD,Shipped
ORD000014,2024-01-18,CUST0170,PROD0003,SELL043,4,0.15,Net Banking,Delivered
ORD000015,2024-12-26,CUST0262,PROD0170,SELL069,1,0.1, upi ,Delivered
ORD000016,2025-11-19,CUST0166,PROD0120,SELL012,1,0.0,Debit Card,Delivered
ORD000017,2024-10-17,CUST0944,PROD0158,SELL040,3,0.0,Debit Card,Shipped
ORD000018,2024-03-20,CUST0539,PROD0070,SELL036,1,0.05,Credit Card,Delivered
ORD000019,2025-05-31,CUST0396,PROD0086,SELL015,4,0.1,COD,Returned
ORD000020,2024-04-02,CUST0808,PROD0039,SELL062,3,0.0,Debit Card,Cancelled
ORD000021,2024-05-21,CUST0293,PROD0075,SELL079,2,0.15,Credit Card,Delivered
ORD000022,2024-04-17,CUST0443,PROD0117,SELL013,1,0.1,COD,Delivered
ORD000023,2025-10-07,CUST1096,PROD0130,SELL062,3,0.2,COD,Shipped
ORD000024,2025-12-18,CUST0993,PROD0174,SELL068,1,0.05,UPI,Returned
ORD000025,2025-02-20,CUST0038,PROD0015,SELL016,4,0.15,Debit Card,Delivered
ORD000026,2025-03-27,CUST0639,PROD0141,SELL069,3,0.15,Net Banking,Shipped
ORD000027,2025-04-16,CUST0717,PROD0090,SELL079,3,0.05,Net Banking,Shipped
ORD000028,2025-03-22,CUST0039,PROD0013,SELL010,2,0.2,UPI,Shipped
ORD000029,2025-02-01,CUST0170,PROD0150,SELL063,2,0.1,Net Banking,Returned
ORD000030,2025-12-22,CUST1004,PROD0022,SELL024,2,0.25,Debit Card,Returned
ORD000031,2025-06-19,CUST1049,PROD0131,SELL012,1,0.1,UPI,Delivered
ORD000032,2024-03-05,CUST0011,PROD0120,SELL064,3,0.0,Credit Card,Shipped
ORD000033,2024-10-13,CUST0836,PROD0156,SELL053,1,0.1,Debit Card,Shipped
ORD000034,2025-12-13,CUST1068,PROD0014,SELL006,2,0.25,Net Banking,delivered
ORD000035,2024-10-22,CUST0781,PROD0040,SELL008,2,0.15,Net Banking,Shipped
ORD000036,2024-05-29,CUST0364,PROD0094,SELL021,4,0.2,Credit Card,Delivered
ORD000037,2025-09-26,CUST0868,PROD0149,SELL017,3,0.15,Net Banking,Delivered
ORD000038,2025-03-31,CUST0028,PROD0168,SELL051,1,0.05,Net Banking,Cancelled
ORD000039,2025-02-15,CUST0478,PROD0084,SELL008,4,0.1,COD,Delivered
ORD000040,2024-11-03,CUST1081,PROD0100,SELL027,3,0.1,UPI,Delivered
ORD000041,2024-03-31,CUST0134,PROD0164,SELL018,1,0.1,Debit Card,Returned
ORD000042,2024-10-07,CUST0370,PROD0003,SELL001,1,0.05,Credit Card,Delivered
ORD000043,2024-11-15,CUST1191,PROD0082,SELL053,2,0.0,Credit Card,Delivered
ORD000044,2025-11-11,CUST1104,PROD0004,SELL042,4,0.2,Net Banking,Delivered
ORD000045,2024-08-12,CUST0764,PROD0094,SELL017,4,0.0,Net Banking,Delivered
ORD000046,2024-04-19,CUST1029,PROD0166,SELL045,4,0.1,Debit Card,Delivered
ORD000047,2024-11-08,CUST0235,PROD0057,SELL030,3,0.05,Credit Card,Delivered
ORD000048,2025-12-29,CUST0811,PROD0129,SELL012,2,0.05,COD,Delivered
ORD000049,2024-12-18,CUST0797,PROD0123,SELL011,3,0.15,UPI,Cancelled
ORD000050,2024-10-04,CUST0983,PROD0064,SELL035,3,0.0,COD,Shipped
ORD000051,2025-05-02,CUST0561,PROD0143,SELL047,2,0.0,COD,Shipped
ORD000052,2025-04-19,CUST0030,PROD0159,SELL002,1,0.05,Net Banking,Cancelled
ORD000053,2024-08-06,CUST0632,PROD0005,SELL060,2,0.15,Credit Card,Delivered
ORD000054,2025-12-08,CUST0158,PROD0070,SELL077,1,0.05,Credit Card,Returned
ORD000055,2025-03-09,CUST0554,PROD0148,SELL010,2,0.1,Net Banking,Delivered
ORD000056,2024-02-12,CUST0378,PROD0068,SELL079,3,0.1,Debit Card,Delivered
ORD000057,2024-10-24,CUST0877,PROD0104,SELL076,3,0.05,Credit Card,Cancelled
ORD000058,2025-11-05,CUST0974,PROD0057,SELL073,2,0.25,COD,Delivered
ORD000059,2024-10-14,CUST0598,PROD0133,SELL064,2,0.1,Net Banking,Delivered
ORD000060,2025-02-19,CUST0187,PROD0027,SELL012,3,0.15,Net Banking,Returned
ORD000061,2025-03-23,CUST0732,PROD0109,SELL020,4,0.2,COD,Shipped
ORD000062,2025-05-29,CUST1032,PROD0026,SELL038,4,0.05,Debit Card,Delivered
ORD000063,2025-09-29,CUST0339,PROD0071,SELL017,3,0.0,Debit Card,Delivered
ORD000064,2024-04-19,CUST0504,PROD0006,SELL010,3,0.0,Debit Card,Delivered
ORD000065,2025-01-12,CUST0596,PROD0020,SELL065,3,0.05,UPI,Shipped
ORD000066,2025-01-24,CUST0523,PROD0109,SELL003,4,0.05,Debit Card,Delivered
ORD000067,2024-04-21,CUST0060,PROD0099,SELL079,3,0.05,Credit Card,Delivered
ORD000068,2025-05-07,CUST0442,PROD0011,SELL018,1,0.05,COD,Delivered
ORD000069,2024-03-27,CUST0627,PROD0125,SELL016,4,0.1,Net Banking,Delivered
ORD000070,2024-11-29,CUST0554,PROD0135,SELL013,1,0.05,Credit Card,Delivered
ORD000071,2024-08-29,CUST0391,PROD0009,SELL070,4,,Credit Card,Shipped
ORD000072,2024-04-23,CUST0590,PROD0071,SELL018,2,0.15,UPI,Delivered
ORD000073,2025-08-24,CUST0196,PROD0164,SELL058,2,0.0,Debit Card,Delivered
ORD000074,2024-06-27,CUST0030,PROD0075,SELL022,1,0.2,Net Banking,Shipped
ORD000075,2024-07-05,CUST0586,PROD0021,SELL004,2,0.15,UPI,Delivered
ORD000076,2025-09-16,CUST0513,PROD0082,SELL050,1,0.1,Net Banking,Returned
ORD000077,2025-10-03,CUST0905,PROD0041,SELL011,4,0.15,Debit Card,Returned
ORD000078,2024-01-26,CUST0906,PROD0070,SELL039,3,0.1,COD,Delivered
ORD000079,2024-07-22,CUST0625,PROD0169,SELL051,2,0.1,UPI,Delivered
ORD000080,2025-06-02,CUST0679,PROD0072,SELL023,1,0.05,Credit Card,Returned
ORD000081,2025-07-22,CUST0196,PROD0085,SELL044,4,0.1,COD,Delivered
ORD000082,2025-12-31,CUST0036,PROD0005,SELL063,4,0.15,Credit Card,Shipped
ORD000083,2025-02-09,CUST0295,PROD0046,SELL019,3,0.2,COD,Returned
ORD000084,2024-01-06,CUST0162,PROD0127,SELL035,1,0.0,Debit Card,Returned
ORD000085,2025-09-30,CUST1178,PROD0161,SELL078,4,0.15,UPI,Returned
ORD000086,2024-04-27,CUST1174,PROD0025,SELL071,2,0.05,Debit Card,Delivered
ORD000087,2024-03-29,CUST0059,PROD0069,SELL079,4,0.25,Debit Card,Delivered
ORD000088,2025-05-07,CUST0939,PROD0142,SELL022,2,0.0,Debit Card,Cancelled
ORD000089,2025-03-17,CUST0717,PROD0144,SELL062,4,0.0,COD,Delivered
ORD000090,2024-02-13,CUST0433,PROD0062,SELL018,3,0.15,Net Banking,Cancelled
ORD000091,2024-05-03,CUST0355,PROD0002,SELL072,2,0.0,COD,Returned
ORD000092,2025-03-07,CUST0449,PROD0174,SELL016,3,0.1,COD,Shipped
ORD000093,2024-07-05,CUST0749,PROD0072,SELL014,4,0.05,COD,Delivered
ORD000094,2025-05-15,CUST0846,PROD0105,SELL072,4,0.15,COD,Delivered
ORD000095,2024-10-27,CUST0648,PROD0065,SELL017,4,0.1,Credit Card,Cancelled
ORD000096,2025-03-05,CUST1182,PROD0073,SELL035,1,0.15,Net Banking,Delivered
ORD000097,2024-12-13,CUST0181,PROD0071,SELL014,3,0.1,Net Banking,Returned
ORD000098,2024-09-23,CUST1089,PROD0089,SELL025,4,0.0,Debit Card,Returned
ORD000099,2024-09-07,CUST1106,PROD0167,SELL009,3,0.1,UPI,Delivered
ORD000100,2025-05-24,CUST1028,PROD0121,SELL015,1,0.05,Net Banking,Shipped
ORD000101,2025-01-11,CUST1140,PROD0101,SELL019,4,0.1,UPI,Delivered
ORD000102,2025-03-10,CUST0586,PROD0035,SELL016,1,0.2,Credit Card,Delivered
ORD000103,2025-02-26,CUST0486,PROD0173,SELL015,1,0.1,Net Banking,Delivered
ORD000104,2024-05-31,CUST0845,PROD0145,SELL007,1,0.0,COD,Cancelled
ORD000105,2025-10-29,CUST0122,PROD0138,SELL059,4,0.15,UPI,Cancelled
ORD000106,2025-02-15,CUST0946,PROD0053,SELL070,2,0.05,Credit Card,Shipped
ORD000107,2025-06-08,CUST0017,PROD0078,SELL063,2,0.2,Net Banking,Cancelled
ORD000108,2025-10-06,CUST0412,PROD0101,SELL074,3,0.05,Credit Card,Returned
ORD000109,2025-11-06,CUST0305,PROD0019,SELL073,3,0.0,Net Banking,Delivered
ORD000110,2025-05-02,CUST1065,PROD0076,SELL065,2,0.15,UPI,Delivered
ORD000111,2025-07-29,CUST0889,PROD0023,SELL012,2,0.0,Debit Card,Delivered
ORD000112,2024-12-10,CUST0564,PROD0175,SELL060,3,0.1,UPI,Shipped
ORD000113,2025-06-23,CUST0062,PROD0093,SELL071,3,0.15,UPI,Delivered
ORD000114,2024-08-23,CUST0455,PROD0177,SELL002,3,0.15,Net Banking,Delivered
ORD000115,2025-06-04,CUST0505,PROD0076,SELL065,3,0.1,COD,Cancelled
ORD000116,2024-03-03,CUST0065,PROD0033,SELL068,1,0.2,COD,Delivered
ORD000117,2025-10-30,CUST0757,PROD0129,SELL002,3,0.1,Net Banking,Delivered
ORD000118,2024-06-27,CUST0839,PROD0176,SELL059,1,0.15,Credit Card,Delivered
ORD000119,2025-04-24,CUST0417,PROD0125,SELL055,3,0.15,COD,Delivered
ORD000120,2024-01-09,CUST1180,PROD0141,SELL006,3,0.1,UPI,Returned
ORD000121,2024-04-23,CUST0336,PROD0134,SELL013,2,0.15,Credit Card,Cancelled
ORD000122,2025-12-22,CUST0916,PROD0006,SELL003,0,0.15,Net Banking,Delivered
ORD000123,2025-09-01,CUST0919,PROD0169,SELL004,4,0.2,UPI,Shipped
ORD000124,2024-06-11,CUST0837,PROD0018,SELL012,4,0.1,COD,Shipped
ORD000125,2024-04-05,CUST1199,PROD0101,SELL002,1,0.05,UPI,Delivered
ORD000126,2025-08-18,CUST0558,PROD0154,SELL029,2,0.1,Net Banking,Delivered
ORD000127,2025-12-24,CUST0574,PROD0007,SELL060,3,0.2,Net Banking,Delivered
ORD000128,2024-05-03,CUST0288,PROD0044,SELL079,1,0.15,Net Banking,Delivered
ORD000129,2025-04-30,CUST0664,PROD0046,SELL011,1,0.15,Debit Card,Delivered
ORD000130,2024-07-26,CUST0679,PROD0063,SELL070,4,0.15,Debit Card,Shipped
ORD000131,2025-06-28,CUST0798,PROD0034,SELL051,3,0.1,Credit Card,Cancelled
ORD000132,2024-11-01,CUST0852,PROD0140,SELL025,3,0.1,UPI,Returned
ORD000133,2024-04-01,CUST0843,PROD0070,SELL072,3,0.05,COD,Returned
ORD000134,2024-08-25,CUST0297,PROD0010,SELL049,4,0.2,Credit Card,Returned
ORD000135,2025-01-28,CUST0482,PROD0145,SELL036,3,0.1,Net Banking,Delivered
ORD000136,2025-08-06,CUST0067,PROD0012,SELL039,1,0.1,COD,Delivered
ORD000137,2024-01-16,CUST0726,PROD0052,SELL077,4,0.0,Credit Card,Delivered
ORD000138,2025-12-01,CUST0827,PROD0045,SELL030,4,0.1,COD,Returned
ORD000139,2025-04-19,CUST0703,PROD0138,SELL052,2,0.15,Credit Card,Delivered
ORD000140,2025-10-01,CUST0336,PROD0163,SELL043,4,0.1,UPI,Cancelled
ORD000141,2025-11-10,CUST0676,PROD0032,SELL015,4,0.15,COD,Delivered
ORD000142,2024-04-22,CUST0854,PROD0088,SELL032,2,0.1,Credit Card,Returned
ORD000143,2024-03-09,CUST0297,PROD0046,SELL031,2,0.2,COD,Delivered
ORD000144,2025-07-21,CUST0962,PROD0110,SELL038,3,0.1,UPI,Delivered
ORD000145,2024-05-17,CUST0246,PROD0107,SELL003,1,0.1,Net Banking,Delivered
ORD000146,2024-04-18,CUST1053,PROD0070,SELL028,1,0.05,UPI,Delivered
ORD000147,2024-12-08,CUST1171,PROD0070,SELL017,1,0.05,Debit Card,Returned
ORD000148,2025-10-29,CUST0668,PROD0167,SELL048,1,0.15,UPI,Shipped
ORD000149,2025-08-04,CUST0024,PROD0029,SELL064,1,0.1,Net Banking,Delivered
ORD000150,2025-01-13,CUST0657,PROD0130,SELL072,4,0.05,Debit Card,Shipped
ORD000151,2024-05-23,CUST1160,PROD0171,SELL044,2,0.25,Debit Card,Delivered
ORD000152,2024-09-02,CUST0899,PROD0109,SELL079,2,0.15,Credit Card,Delivered
ORD000153,2025-05-18,CUST1148,PROD0025,SELL062,4,0.1,Net Banking,Delivered
ORD000154,2024-04-24,CUST1062,PROD0028,SELL034,3,0.0,UPI,Delivered
ORD000155,2025-01-18,CUST0093,PROD0141,SELL049,1,0.25,COD,Delivered
ORD000156,2024-01-09,CUST0830,PROD0081,SELL059,3,0.15,COD,Delivered
ORD000157,2024-08-25,CUST0696,PROD0168,SELL069,3,0.1,UPI,Returned
ORD000158,2024-06-30,CUST0868,PROD0084,SELL007,1,0.1,Credit Card,Delivered
ORD000159,2025-05-12,CUST0301,PROD0025,SELL002,4,0.0,Net Banking,Cancelled
ORD000160,2025-10-30,CUST1062,PROD0149,SELL033,2,0.05,UPI,Shipped
ORD000161,2024-04-17,CUST1100,PROD0154,SELL068,3,0.0,Credit Card,Returned
ORD000162,2025-08-05,CUST0103,PROD0173,SELL075,3,0.1,UPI,Delivered
ORD000163,2025-04-24,CUST0980,PROD0096,SELL009,2,0.1,Debit Card,Delivered
ORD000164,2025-12-09,CUST1155,PROD0090,SELL025,2,0.2,COD,Shipped
ORD000165,2025-10-28,CUST1029,PROD0083,SELL024,1,0.15,UPI,Delivered
ORD000166,2024-03-14,CUST1184,PROD0030,SELL070,4,0.1,Credit Card,Delivered
ORD000167,2025-06-27,CUST0718,PROD0005,SELL004,2,0.15,Debit Card,Shipped
ORD000168,2025-03-08,CUST0631,PROD0079,SELL041,1,0.2,UPI,Delivered
ORD000169,2024-03-23,CUST0756,PROD0030,SELL003,1,0.0,UPI,Delivered
ORD000170,2024-07-06,CUST0437,PROD0128,SELL023,3,0.1,Debit Card,Delivered
ORD000171,2025-11-08,CUST0811,PROD0113,SELL018,1,0.0,Debit Card,Delivered
ORD000172,2025-01-31,CUST0784,PROD0148,SELL080,3,0.05,Net Banking,Returned
ORD000173,2024-09-04,CUST0091,PROD0058,SELL001,3,0.0,Debit Card,Delivered
ORD000174,2024-08-22,CUST0502,PROD0072,SELL021,3,0.0,Credit Card,Delivered
ORD000175,2025-09-04,CUST0174,PROD0109,SELL013,3,0.0,UPI,Cancelled
ORD000176,2024-07-26,CUST0856,PROD0042,SELL018,1,0.05,Net Banking,Cancelled
ORD000177,2024-04-26,CUST0972,PROD0179,SELL028,4,0.05,Credit Card,Delivered
ORD000178,2025-02-23,CUST0929,PROD0161,SELL080,1,0.15,UPI,Delivered
ORD000179,2025-12-26,CUST1096,PROD0019,SELL024,3,0.1,Credit Card,Delivered
ORD000180,2024-05-14,CUST0218,PROD0042,SELL065,2,0.15,Credit Card,Cancelled
ORD000181,2024-07-05,CUST0636,PROD0033,SELL061,1,0.15,COD,Shipped
ORD000182,2024-12-08,CUST0220,PROD0150,SELL046,4,0.1,Credit Card,Delivered
ORD000183,2024-05-26,CUST1178,PROD0106,SELL017,2,0.2,Debit Card,Delivered
ORD000184,2025-04-20,CUST0760,PROD0159,SELL035,1,0.0,Credit Card,Delivered
ORD000185,2024-07-04,CUST0013,PROD0026,SELL056,1,0.1,Debit Card,Shipped
ORD000186,2024-04-03,CUST0202,PROD0006,SELL060,3,0.2,Debit Card,Shipped
ORD000187,2024-07-09,CUST0942,PROD0135,SELL012,3,0.05,COD,Delivered
ORD000188,2025-11-11,CUST1140,PROD0049,SELL036,3,0.15,Net Banking,Returned
ORD000189,2025-11-14,CUST0278,PROD0124,SELL059,2,0.15,UPI,Delivered
ORD000190,2025-01-04,CUST0686,PROD0180,SELL054,4,0.15,COD,Returned
ORD000191,2024-10-19,CUST0869,PROD0150,SELL015,1,0.2,UPI,Shipped
ORD000192,2025-08-22,CUST1037,PROD0162,SELL062,2,0.1,Credit Card,Delivered
ORD000193,2024-05-22,CUST0241,PROD0043,SELL005,2,0.2,Net Banking,Shipped
ORD000194,2025-04-23,CUST0196,PROD0055,SELL041,3,0.2,Net Banking,Delivered
ORD000195,2025-05-12,CUST0511,PROD0015,SELL037,1,0.2,COD,Cancelled
ORD000196,2025-06-03,CUST0434,PROD0115,SELL029,4,0.05,Net Banking,Delivered
ORD000197,2024-06-08,CUST0092,PROD0096,SELL069,3,0.25,Net Banking,Shipped
ORD000198,2025-06-07,CUST1109,PROD0069,SELL065,4,0.05,Net Banking,Delivered
ORD000199,2025-03-23,CUST1114,PROD0091,SELL045,3,0.1,UPI,Cancelled
ORD000200,2025-10-01,CUST0709,PROD0030,SELL020,3,0.1,Credit Card,Delivered
ORD000201,2024-03-15,CUST0688,PROD0098,SELL022,1,0.25,COD,Shipped
ORD000202,2025-03-24,CUST0170,PROD0109,SELL073,1,0.2,Net Banking,Returned
ORD000203,2025-08-29,CUST0115,PROD0090,SELL001,1,0.1,UPI,Delivered
ORD000204,2024-07-22,CUST0883,PROD0076,SELL054,1,0.1,COD,Delivered
ORD000205,2025-06-27,CUST0558,PROD0153,SELL020,2,0.0,COD,Delivered
ORD000206,2024-03-13,CUST0078,PROD0063,SELL049,1,0.25,COD,Delivered
ORD000207,2025-06-08,CUST0369,PROD0091,SELL026,1,0.15,Net Banking,Cancelled
ORD000208,2025-03-19,CUST0948,PROD0126,SELL035,3,0.15,Credit Card,Cancelled
ORD000209,2024-05-20,CUST1032,PROD0013,SELL035,4,0.0,Credit Card,Cancelled
ORD000210,2024-02-18,CUST0318,PROD0044,SELL052,1,0.2,UPI,Delivered
ORD000211,2025-06-28,CUST0877,PROD0011,SELL068,4,0.1,COD,Delivered
ORD000212,2024-06-25,CUST0727,PROD0056,SELL073,4,0.05,COD,Delivered
ORD000213,2024-12-29,CUST0729,PROD0064,SELL060,4,0.05,COD,Delivered
ORD000214,2024-02-14,CUST1192,PROD0144,SELL032,1,0.0,Credit Card,Cancelled
ORD000215,2025-12-05,CUST0030,PROD0116,SELL035,1,0.15,Debit Card,Delivered
ORD000216,2025-02-05,CUST0613,PROD0053,SELL037,2,0.1,Debit Card,Shipped
ORD000217,2025-11-11,CUST0965,PROD0135,SELL004,4,0.15,Net Banking,Shipped
ORD000218,2024-04-27,CUST1006,PROD0075,SELL050,1,0.25,Net Banking,Shipped
ORD000219,2024-05-30,CUST0386,PROD0070,SELL065,1,0.1,Credit Card,Cancelled
ORD000220,2025-03-22,CUST0900,PROD0177,SELL005,3,0.0,COD,Returned
ORD000221,2025-03-17,CUST1060,PROD0092,SELL040,1,0.15,COD,Shipped
ORD000222,2025-08-01,CUST0544,PROD0169,SELL005,3,0.05,Debit Card,Shipped
ORD000223,2025-11-09,CUST0833,PROD0072,SELL033,1,0.1,Debit Card,Cancelled
ORD000224,2025-08-23,CUST0866,PROD0015,SELL030,3,0.15,UPI,Delivered
ORD000225,2024-04-12,CUST0142,PROD0074,SELL020,3,0.15,Net Banking,Delivered
ORD000226,2024-08-14,CUST0218,PROD0074,SELL061,3,0.15,COD,Returned
ORD000227,2025-10-30,CUST0621,PROD0022,SELL005,3,0.05,COD,Cancelled
ORD000228,2025-02-05,CUST0260,PROD0070,SELL055,4,0.05,UPI,Shipped
ORD000229,2025-09-25,CUST0043,PROD0053,SELL068,1,0.05,Debit Card,Delivered
ORD000230,2025-02-15,CUST0022,PROD0145,SELL013,2,0.0,Credit Card,Delivered
ORD000231,2024-02-06,CUST0059,PROD0059,SELL044,3,0.15,Debit Card,Delivered
ORD000232,2024-12-11,CUST0270,PROD0047,SELL016,4,0.15,UPI,Delivered
ORD000233,2025-08-25,CUST0529,PROD0007,SELL027,4,0.05,COD,Delivered
ORD000234,2025-04-23,CUST0756,PROD0122,SELL053,1,0.25,UPI,Delivered
ORD000235,2024-04-07,CUST0033,PROD0036,SELL063,1,0.1,Net Banking,Delivered
ORD000236,2024-06-02,CUST0984,PROD0134,SELL075,4,0.1,Credit Card,Returned
ORD000237,2025-09-16,CUST0464,PROD0033,SELL038,1,0.2,Credit Card,Delivered
ORD000238,2025-12-16,CUST0547,PROD0152,SELL056,3,0.15,COD,Delivered
ORD000239,2025-07-04,CUST0852,PROD0125,SELL077,3,0.2,UPI,Delivered
ORD000240,2024-03-12,CUST0205,PROD0105,SELL034,2,0.2,Net Banking,Cancelled
ORD000241,2025-03-28,CUST0714,PROD0084,SELL065,1,0.05,Debit Card,Shipped
ORD000242,2025-08-29,CUST0253,PROD0094,SELL046,3,0.2,COD,Delivered
ORD000243,2025-04-12,CUST0455,PROD0070,SELL002,1,0.05,Debit Card,Delivered
ORD000244,2025-03-10,CUST0433,PROD0110,SELL061,1,0.0,UPI,Cancelled
ORD000245,2024-12-07,CUST0791,PROD0170,SELL020,3,0.1,Credit Card,Delivered
ORD000246,2024-06-27,CUST0184,PROD0020,SELL047,3,0.0,Net Banking,Delivered
ORD000247,2024-07-24,CUST0070,PROD0128,SELL076,2,0.0,Debit Card,Delivered
ORD000248,2025-06-29,CUST0200,PROD0060,SELL008,4,0.0,Net Banking,Shipped
ORD000249,2024-02-21,CUST0788,PROD0065,SELL021,1,0.05,COD,Delivered
ORD000250,2024-03-02,CUST0995,PROD0028,SELL054,4,0.0,COD,Delivered
ORD000251,2024-10-16,CUST0285,PROD0170,SELL056,1,0.15,COD,Delivered
ORD000252,2025-07-20,CUST0271,PROD0064,SELL048,4,0.15,Debit Card,Cancelled
ORD000253,2025-04-25,CUST0048,PROD0139,SELL002,4,0.1,Credit Card,Returned
ORD000254,2025-03-07,CUST0013,PROD0002,SELL054,4,0.1,Net Banking,Shipped
ORD000255,2025-01-25,CUST0787,PROD0098,SELL077,4,0.15,Net Banking,Delivered
ORD000256,2024-03-21,CUST0271,PROD0017,SELL028,1,0.15,Credit Card,Shipped
ORD000257,2024-08-30,CUST0719,PROD0112,SELL001,3,0.1,Debit Card,Shipped
ORD000258,2024-02-28,CUST0383,PROD0092,SELL067,4,0.0,Debit Card,Cancelled
ORD000259,2025-07-08,CUST1069,PROD0169,SELL019,2,0.05,COD,Delivered
ORD000260,2025-07-02,CUST0678,PROD0071,SELL024,2,0.0,Net Banking,Returned
ORD000261,2024-07-07,CUST0246,PROD0089,SELL052,3,0.1,UPI,Returned
ORD000262,2024-08-02,CUST0115,PROD0018,SELL013,4,0.15,UPI,Returned
ORD000263,2024-08-20,CUST0954,PROD0039,SELL038,3,0.0,Debit Card,Returned
ORD000264,2025-10-12,CUST0600,PROD0073,SELL006,1,0.2,COD,Delivered
ORD000265,2024-12-23,CUST0342,PROD0024,SELL001,2,0.15,Debit Card,Delivered
ORD000266,2025-07-11,CUST1084,PROD0112,SELL065,1,0.15,Credit Card,Delivered
ORD000267,2024-11-24,CUST0371,PROD0073,SELL016,1,0.15,COD,Cancelled
ORD000268,2025-05-25,CUST0759,PROD0004,SELL016,3,0.0,Net Banking,Cancelled
ORD000269,2025-01-21,CUST0978,PROD0061,SELL067,2,0.15,Credit Card,Cancelled
ORD000270,2024-07-22,CUST0894,PROD0035,SELL017,1,0.1,COD,Delivered
ORD000271,2025-10-02,CUST0552,PROD0044,SELL063,2,0.0,Net Banking,Delivered
ORD000272,2025-06-02,CUST0019,PROD0112,SELL046,1,0.1,Debit Card,Cancelled
ORD000273,2025-07-16,CUST0216,PROD0143,SELL016,3,0.15,UPI,Returned
ORD000274,2025-11-24,CUST1182,PROD0159,SELL047,2,0.15,UPI,Shipped
ORD000275,2024-06-30,CUST0852,PROD0093,SELL028,4,0.0,UPI,Returned
ORD000276,2024-03-07,CUST0338,PROD0076,SELL056,1,0.25,Credit Card,Delivered
ORD000277,2025-03-01,CUST0730,PROD0178,SELL061,4,0.2,Net Banking,Cancelled
ORD000278,2024-08-26,CUST0408,PROD0116,SELL045,2,0.05,COD,Delivered
ORD000279,2024-11-14,CUST0444,PROD0113,SELL040,1,0.05,Credit Card,Shipped
ORD000280,2024-06-20,CUST0372,PROD0004,SELL059,1,0.1,Credit Card,Delivered
ORD000281,2024-10-18,CUST0865,PROD0007,SELL018,3,0.05,UPI,Delivered
ORD000282,2024-10-14,CUST0365,PROD0127,SELL031,1,0.1,Net Banking,Delivered
ORD000283,2024-09-13,CUST0218,PROD0051,SELL044,2,0.15,Credit Card,Delivered
ORD000284,2025-06-26,CUST0053,PROD0004,SELL008,1,0.2,UPI,Shipped
ORD000285,2025-03-09,CUST0763,PROD0179,SELL045,4,0.05,Debit Card,Cancelled
ORD000286,2024-12-12,CUST0204,PROD0123,SELL076,2,0.05,Net Banking,Delivered
ORD000287,2024-03-23,CUST0258,PROD0106,SELL001,1,0.2,UPI,Delivered
ORD000288,2025-02-21,CUST1056,PROD0151,SELL017,3,0.1,Debit Card,Delivered
ORD000289,2024-05-07,CUST0872,PROD0159,SELL073,1,0.25,Net Banking,Cancelled
ORD000290,2024-08-17,CUST1076,PROD0063,SELL076,3,0.1,Credit Card,Delivered
ORD000291,2024-10-30,CUST0018,PROD0174,SELL017,2,0.15,Debit Card,Delivered
ORD000292,2024-04-13,CUST0399,PROD0020,SELL056,2,0.15,Credit Card,Delivered
ORD000293,2024-10-11,CUST1155,PROD0174,SELL003,3,0.0,UPI,Cancelled
ORD000294,2024-07-14,CUST0829,PROD0058,SELL066,2,0.2,UPI,Delivered
ORD000295,2025-09-13,CUST0017,PROD0119,SELL072,2,0.15,Net Banking,Delivered
ORD000296,2025-09-20,CUST1061,PROD0144,SELL008,2,0.15,UPI,Delivered
ORD000297,2024-01-04,CUST0687,PROD0051,SELL052,4,0.1,Net Banking,Delivered
ORD000298,2025-03-16,CUST0265,PROD0030,SELL024,1,0.1,Net Banking,Cancelled
ORD000299,2025-04-13,CUST0374,PROD0078,SELL031,4,0.0,Debit Card,Returned
ORD000300,2024-10-03,CUST0669,PROD0045,SELL046,1,0.15,Debit Card,Cancelled
ORD000301,2024-12-08,CUST0619,PROD0068,SELL079,1,0.0,Net Banking,Delivered
ORD000302,2025-07-31,CUST0787,PROD0024,SELL042,4,0.15,Net Banking,Shipped
ORD000303,2024-10-03,CUST0195,PROD0130,SELL014,2,0.15,UPI,Returned
ORD000304,2024-02-17,CUST0180,PROD0032,SELL044,3,0.2,Debit Card,Delivered
ORD000305,2024-09-29,CUST0044,PROD0136,SELL070,4,0.0,COD,Delivered
ORD000306,2024-07-04,CUST1170,PROD0082,SELL062,4,0.2,Net Banking,Shipped
ORD000307,2024-10-06,CUST0783,PROD0147,SELL008,2,0.05,Net Banking,Delivered
ORD000308,2024-06-17,CUST1033,PROD0088,SELL023,2,0.1,COD,Delivered
ORD000309,2024-04-19,CUST0392,PROD0147,SELL036,4,0.0,Credit Card,Delivered
ORD000310,2025-12-21,CUST1132,PROD0117,SELL011,3,0.1,COD,Delivered
ORD000311,2024-04-04,CUST0089,PROD0004,SELL042,1,0.0,UPI,Delivered
ORD000312,2025-05-31,CUST0197,PROD0068,SELL019,2,0.0,Net Banking,Delivered
ORD000313,2025-06-08,CUST0149,PROD0121,SELL023,2,0.2,UPI,Returned
ORD000314,2025-03-27,CUST0581,PROD0089,SELL052,4,0.1,COD,Delivered
ORD000315,2025-10-28,CUST0883,PROD0057,SELL036,3,0.1,UPI,Shipped
ORD000316,2024-01-04,CUST0010,PROD0162,SELL031,4,0.05,UPI,Shipped
ORD000317,2024-08-08,CUST0623,PROD0121,SELL017,4,0.0,UPI,Delivered
ORD000318,2024-05-14,CUST0501,PROD0075,SELL058,3,0.1,Net Banking,Returned
ORD000319,2025-02-25,CUST0053,PROD0053,SELL013,2,0.05,COD,Delivered
ORD000320,2025-04-09,CUST0586,PROD0053,SELL007,4,0.05,Debit Card,Shipped
ORD000321,2025-10-18,CUST0176,PROD0025,SELL001,3,0.1,Credit Card,Cancelled
ORD000322,2024-10-04,CUST0130,PROD0001,SELL064,4,0.2,Net Banking,Delivered
ORD000323,2024-06-21,CUST1072,PROD0159,SELL012,1,0.1,COD,Shipped
ORD000324,2025-11-06,CUST1065,PROD0150,SELL078,1,0.05,Debit Card,Returned
ORD000325,2025-05-06,CUST0107,PROD0074,SELL042,3,0.05,Debit Card,Cancelled
ORD000326,2025-07-13,CUST1048,PROD0107,SELL026,3,0.05,UPI,Delivered
ORD000327,2024-11-21,CUST0054,PROD0068,SELL060,1,0.1,COD,Shipped
ORD000328,2024-11-23,CUST0292,PROD0063,SELL043,1,0.2,UPI,Returned
ORD000329,2024-10-11,CUST0366,PROD0112,SELL015,2,0.0,Net Banking,Delivered
ORD000330,2025-07-01,CUST0119,PROD0071,SELL035,3,0.15,Net Banking,Delivered
ORD000331,2024-06-02,CUST0782,PROD0141,SELL072,4,0.1,Credit Card,Cancelled
ORD000332,2025-12-14,CUST0842,PROD0115,SELL009,3,0.1,COD,Delivered
ORD000333,2024-05-08,CUST0310,PROD0179,SELL005,2,0.0,Credit Card,Delivered
ORD000334,2024-12-02,CUST0004,PROD0156,SELL002,3,0.15,Credit Card,Delivered
ORD000335,2024-08-17,CUST0833,PROD0007,SELL042,1,0.0,Debit Card,Delivered
ORD000336,2025-04-14,CUST0964,PROD0078,SELL021,3,0.15,Debit Card,Returned
ORD000337,2025-05-12,CUST0888,PROD0135,SELL036,3,0.15,UPI,Cancelled
ORD000338,2025-11-02,CUST0076,PROD0079,SELL009,2,0.1,Debit Card,Shipped
ORD000339,2025-07-30,CUST0402,PROD0077,SELL058,2,0.15,COD,Returned
ORD000340,2024-06-30,CUST0986,PROD0112,SELL006,1,0.05,Credit Card,Returned
ORD000341,2024-05-31,CUST0360,PROD0180,SELL029,1,0.05,COD,Returned
ORD000342,2025-10-10,CUST0377,PROD0037,SELL046,4,0.0,COD,Shipped
ORD000343,2024-12-22,CUST0046,PROD0146,SELL051,4,0.15,Net Banking,Delivered
ORD000344,2024-03-12,CUST1093,PROD0134,SELL072,2,0.15,COD,Delivered
ORD000345,2025-08-26,CUST1066,PROD0018,SELL020,2,0.1,Net Banking,Returned
ORD000346,2025-04-19,CUST1005,PROD0104,SELL009,4,0.0,COD,Delivered
ORD000347,2024-01-19,CUST0362,PROD0151,SELL064,2,0.1,COD,Delivered
ORD000348,2025-07-26,CUST0949,PROD0094,SELL047,1,0.15,Net Banking,Delivered
ORD000349,2025-03-19,CUST0725,PROD0152,SELL024,2,0.05,UPI,Delivered
ORD000350,2025-03-25,CUST0894,PROD0028,SELL011,2,0.0,Net Banking,Returned
ORD000351,2025-09-24,CUST0806,PROD0115,SELL019,4,0.1,Net Banking,Returned
ORD000352,2024-12-28,CUST0240,PROD0109,SELL027,1,0.2,Net Banking,Delivered
ORD000353,2024-12-03,CUST0599,PROD0052,SELL043,1,0.05,Debit Card,Delivered
ORD000354,2025-03-27,CUST1016,PROD0099,SELL070,2,0.0,Debit Card,Delivered
ORD000355,2024-05-24,CUST0888,PROD0084,SELL069,2,0.1,Net Banking,Shipped
ORD000356,2024-04-20,CUST0294,PROD0147,SELL017,3,0.15,Credit Card,Shipped
ORD000357,2025-09-08,CUST1043,PROD0064,SELL036,3,0.1,UPI,Delivered
ORD000358,2024-06-06,CUST0844,PROD0039,SELL015,1,0.0,Credit Card,Delivered
ORD000359,2025-01-03,CUST0687,PROD0113,SELL043,4,0.15,Net Banking,Delivered
ORD000360,2024-07-16,CUST0416,PROD0066,SELL011,3,0.25,Credit Card,Delivered
ORD000361,2024-06-17,CUST0969,PROD0163,SELL062,3,0.05,Credit Card,Returned
ORD000362,2025-03-12,CUST0262,PROD0063,SELL042,1,0.05,UPI,Delivered
ORD000363,2025-08-09,CUST0446,PROD0084,SELL016,4,0.1,Net Banking,Delivered
ORD000364,2024-11-19,CUST0667,PROD0126,SELL049,1,0.05,Net Banking,Cancelled
ORD000365,2024-04-11,CUST0726,PROD0096,SELL054,4,0.05,Debit Card,Delivered
ORD000366,2024-06-27,CUST0927,PROD0081,SELL038,4,0.0,Net Banking,Shipped
ORD000367,2024-04-30,CUST0470,PROD0008,SELL078,4,0.1,Credit Card,Delivered
ORD000368,2025-10-07,CUST0432,PROD0120,SELL025,4,0.05,Credit Card,Delivered
ORD000369,2024-08-21,CUST0673,PROD0047,SELL069,3,0.1,Debit Card,Cancelled
ORD000370,2024-09-30,CUST0583,PROD0137,SELL026,3,0.15,Debit Card,Shipped
ORD000371,2024-02-21,CUST0988,PROD0079,SELL043,3,0.05,Debit Card,Returned
ORD000372,2024-11-22,CUST0093,PROD0096,SELL062,1,0.15,Credit Card,Delivered
ORD000373,2025-10-30,CUST0598,PROD0005,SELL005,4,0.05,UPI,Returned
ORD000374,2024-10-26,CUST0134,PROD0099,SELL005,1,0.15,Debit Card,Shipped
ORD000375,2025-04-21,CUST0679,PROD0134,SELL030,2,0.1,UPI,Cancelled
ORD000376,2024-05-13,CUST0819,PROD0083,SELL040,3,0.0,Net Banking,Shipped
ORD000377,2024-04-14,CUST0917,PROD0076,SELL006,2,0.15,Debit Card,Shipped
ORD000378,2025-06-18,CUST0172,PROD0129,SELL075,1,0.15,Net Banking,Shipped
ORD000379,2024-02-18,CUST0692,PROD0108,SELL034,3,0.15,Credit Card,Cancelled
ORD000380,2024-11-23,CUST0066,PROD0036,SELL034,2,0.2,Net Banking,Returned
ORD000381,2024-08-19,CUST1113,PROD0105,SELL076,1,0.1,Credit Card,Shipped
ORD000382,2024-01-12,CUST0252,PROD0003,SELL011,1,0.15,Debit Card,Delivered
ORD000383,2025-01-23,CUST0777,PROD0180,SELL039,2,0.1,UPI,Returned
ORD000384,2025-12-05,CUST0156,PROD0030,SELL055,3,0.05,Net Banking,Cancelled
ORD000385,2024-02-20,CUST0566,PROD0180,SELL054,1,0.0,Debit Card,Delivered
ORD000386,2025-08-19,CUST0206,PROD0175,SELL053,1,0.1,COD,Cancelled
ORD000387,2025-01-29,CUST0740,PROD0176,SELL036,2,0.0,Debit Card,Cancelled
ORD000388,2025-06-12,CUST0512,PROD0076,SELL073,3,0.0,Debit Card,Returned
ORD000389,2024-03-11,CUST0340,PROD0113,SELL015,2,0.05,Net Banking,Cancelled
ORD000390,2025-09-27,CUST0278,PROD0040,SELL019,4,0.2,Credit Card,Shipped
ORD000391,2024-01-09,CUST0365,PROD0010,SELL044,2,0.25,Debit Card,Delivered
ORD000392,2025-10-24,CUST0654,PROD0171,SELL056,1,0.2,UPI,Shipped
ORD000393,2025-04-25,CUST0057,PROD0042,SELL074,2,0.1,Net Banking,Returned
ORD000394,2024-09-03,CUST0949,PROD0059,SELL024,1,0.1,Debit Card,Cancelled
ORD000395,2024-01-06,CUST0633,PROD0153,SELL033,1,0.1,Debit Card,Returned
ORD000396,2025-03-22,CUST1168,PROD0168,SELL057,3,0.0,Debit Card,Cancelled
ORD000397,2024-03-04,CUST0302,PROD0135,SELL041,4,0.1,UPI,Shipped
ORD000398,2025-03-21,CUST0562,PROD0058,SELL056,2,0.05,Credit Card,Delivered
ORD000399,2025-07-19,CUST0921,PROD0003,SELL054,4,0.1,UPI,Shipped
ORD000400,2024-07-14,CUST0581,PROD0089,SELL036,2,0.05,Net Banking,Shipped
ORD000401,2024-06-23,CUST1169,PROD0033,SELL021,1,0.15,Debit Card,Shipped
ORD000402,2024-06-11,CUST0314,PROD0147,SELL071,3,0.0,UPI,Delivered
ORD000403,2024-06-13,CUST1193,PROD0051,SELL020,3,0.05,Credit Card,Returned
ORD000404,2024-03-24,CUST1141,PROD0052,SELL053,2,0.2,Net Banking,Returned
ORD000405,2024-07-01,CUST0413,PROD0058,SELL019,3,0.15,Debit Card,Cancelled
ORD000406,2025-04-26,CUST0440,PROD0033,SELL057,1,0.0,Debit Card,Returned
ORD000407,2024-08-09,CUST0931,PROD0153,SELL042,4,0.1,UPI,Shipped
ORD000408,2025-07-24,CUST0021,PROD0065,SELL043,4,0.1,Debit Card,Delivered
ORD000409,2025-08-21,CUST0196,PROD0040,SELL008,2,0.2,UPI,Delivered
ORD000410,2025-07-10,CUST0074,PROD0126,SELL028,3,0.1,Net Banking,Delivered
ORD000411,2025-01-29,CUST1088,PROD0052,SELL051,3,0.0,Credit Card,Returned
ORD000412,2024-08-19,CUST1076,PROD0056,SELL027,2,0.25,Debit Card,Shipped
ORD000413,2025-11-10,CUST0132,PROD0020,SELL056,3,0.15,UPI,Shipped
ORD000414,2024-05-30,CUST0414,PROD0149,SELL032,3,0.0,COD,Shipped
ORD000415,2024-12-05,CUST0828,PROD0031,SELL018,4,0.1,Net Banking,Delivered
ORD000416,2024-11-27,CUST1111,PROD0094,SELL020,2,0.0,Debit Card,Shipped
ORD000417,2025-06-29,CUST0292,PROD0122,SELL066,4,0.1,COD,Delivered
ORD000418,2025-02-03,CUST0668,PROD0028,SELL044,3,0.2,COD,Delivered
ORD000419,2025-08-07,CUST1114,PROD0039,SELL008,1,0.15,Net Banking,Cancelled
ORD000420,2025-11-02,CUST0473,PROD0037,SELL045,1,0.15,Net Banking,Delivered
ORD000421,2024-10-12,CUST0404,PROD0081,SELL076,3,0.15,UPI,Returned
ORD000422,2025-10-01,CUST0755,PROD0122,SELL023,2,0.0,Net Banking,Returned
ORD000423,2024-05-04,CUST0390,PROD0169,SELL022,4,0.1,Credit Card,Cancelled
ORD000424,2025-10-31,CUST0508,PROD0113,SELL032,2,0.15,Debit Card,Cancelled
ORD000425,2024-05-10,CUST0929,PROD0075,SELL032,2,0.05,UPI,Returned
ORD000426,2025-09-13,CUST0932,PROD0041,SELL070,2,0.1,Credit Card,Returned
ORD000427,2024-10-12,CUST0518,PROD0032,SELL021,3,0.1,Net Banking,Delivered
ORD000428,2025-12-06,CUST0167,PROD0116,SELL077,3,0.0,Net Banking,Delivered
ORD000429,2024-04-04,CUST0740,PROD0085,SELL079,2,0.15,Credit Card,Delivered
ORD000430,2024-12-06,CUST0274,PROD0154,SELL025,2,0.0,Net Banking,Delivered
ORD000431,2025-10-21,CUST0878,PROD0040,SELL035,4,0.2,Debit Card,Delivered
ORD000432,2024-02-04,CUST0519,PROD0150,SELL054,1,0.1,Net Banking,Shipped
ORD000433,2024-07-12,CUST1139,PROD0142,SELL079,4,0.05,UPI,Returned
ORD000434,2024-03-02,CUST1056,PROD0034,SELL010,1,0.1,COD,Delivered
ORD000435,2024-08-22,CUST0363,PROD0041,SELL015,3,0.25,Debit Card,Delivered
ORD000436,2024-10-12,CUST0584,PROD0164,SELL056,2,0.2,Credit Card,Cancelled
ORD000437,2025-03-28,CUST0596,PROD0178,SELL014,3,0.05,UPI,Returned
ORD000438,2024-07-07,CUST1027,PROD0058,SELL050,3,0.0,COD,Shipped
ORD000439,2024-04-25,CUST1188,PROD0142,SELL020,3,0.15,UPI,Delivered
ORD000440,2024-05-04,CUST1163,PROD0121,SELL007,4,0.1,COD,Shipped
ORD000441,2025-11-16,CUST0838,PROD0130,SELL047,4,0.15,Net Banking,Cancelled
ORD000442,2025-11-27,CUST0765,PROD0101,SELL016,2,0.1,Net Banking,Cancelled
ORD000443,2024-06-10,CUST0319,PROD0059,SELL001,1,0.15,Credit Card,Delivered
ORD000444,2024-05-22,CUST0980,PROD0040,SELL042,1,0.05,COD,Shipped
ORD000445,2024-02-09,CUST0838,PROD0156,SELL011,4,0.1,Credit Card,Delivered
ORD000446,2025-12-02,CUST0159,PROD0110,SELL028,3,0.25,Debit Card,Delivered
ORD000447,2025-05-31,CUST0268,PROD0077,SELL077,3,0.05,UPI,Shipped
ORD000448,2025-07-10,CUST0216,PROD0021,SELL053,1,0.05,Debit Card,Returned
ORD000449,2024-07-31,CUST0352,PROD0159,SELL006,4,0.2,Credit Card,Delivered
ORD000450,2025-04-13,CUST0583,PROD0022,SELL001,4,0.0,Credit Card,Delivered
ORD000451,2024-02-13,CUST0599,PROD0122,SELL037,4,0.15,Net Banking,Shipped
ORD000452,2025-05-09,CUST0838,PROD0172,SELL045,3,0.15,Net Banking,Returned
ORD000453,2025-02-27,CUST0577,PROD0127,SELL024,4,0.2,Credit Card,Cancelled
ORD000454,2024-08-30,CUST0084,PROD0007,SELL057,1,0.15,UPI,Cancelled
ORD000455,2025-06-03,CUST0564,PROD0090,SELL001,3,0.2,Net Banking,Delivered
ORD000456,2025-04-17,CUST0918,PROD0002,SELL063,2,0.0,Debit Card,Delivered
ORD000457,2024-11-16,CUST0218,PROD0131,SELL001,3,0.25,Credit Card,Returned
ORD000458,2024-05-16,CUST0775,PROD0107,SELL037,3,0.2,Credit Card,Shipped
ORD000459,2024-01-18,CUST0598,PROD0083,SELL066,1,0.15,COD,Returned
ORD000460,2025-11-16,CUST0610,PROD0022,SELL052,4,0.0,Credit Card,Delivered
ORD000461,2024-07-24,CUST0209,PROD0001,SELL034,2,0.0,UPI,Shipped
ORD000462,2024-08-08,CUST1184,PROD0080,SELL054,4,0.15,Debit Card,Delivered
ORD000463,2025-05-12,CUST0933,PROD0059,SELL010,4,0.1,UPI,Cancelled
ORD000464,2024-07-05,CUST0852,PROD0056,SELL077,4,0.05,Credit Card,Delivered
ORD000465,2024-10-01,CUST0434,PROD0072,SELL070,2,0.15,COD,Cancelled
ORD000466,2025-06-03,CUST1130,PROD0114,SELL074,4,0.0,Net Banking,Cancelled
ORD000467,2025-03-11,CUST0928,PROD0153,SELL079,3,0.1,Net Banking,Delivered
ORD000468,2025-04-24,CUST0510,PROD0140,SELL032,1,0.05,COD,Delivered
ORD000469,2024-01-04,CUST0818,PROD0180,SELL045,1,0.15,Credit Card,Cancelled
ORD000470,2024-11-25,CUST1008,PROD0100,SELL058,2,0.2,Net Banking,Delivered
ORD000471,2024-12-13,CUST0223,PROD0110,SELL078,3,0.05,Net Banking,Shipped
ORD000472,2025-04-07,CUST0763,PROD0009,SELL010,2,0.05,Credit Card,Cancelled
ORD000473,2024-04-20,CUST0961,PROD0105,SELL013,4,0.0,COD,Delivered
ORD000474,2024-04-26,CUST0508,PROD0034,SELL070,3,0.0,COD,Delivered
ORD000475,2025-07-11,CUST1063,PROD0140,SELL009,2,0.15,Credit Card,Delivered
ORD000476,2025-05-07,CUST0558,PROD0153,SELL063,3,0.05,COD,Shipped
ORD000477,2025-08-15,CUST1188,PROD0168,SELL041,4,0.15,UPI,Delivered
ORD000478,2024-07-16,CUST0037,PROD0013,SELL067,1,0.2,Net Banking,Delivered
ORD000479,2025-12-30,CUST0628,PROD0173,SELL075,4,0.0,Credit Card,Delivered
ORD000480,2024-07-18,CUST0220,PROD0142,SELL016,2,0.2,Net Banking,Delivered
ORD000481,2025-04-20,CUST0123,PROD0011,SELL065,1,0.1,UPI,Delivered
ORD000482,2024-04-28,CUST0661,PROD0074,SELL043,3,0.05,COD,Delivered
ORD000483,2025-11-02,CUST0275,PROD0101,SELL051,4,0.1,Credit Card,Delivered
ORD000484,2024-08-30,CUST0362,PROD0131,SELL004,3,0.0,UPI,Cancelled
ORD000485,2025-08-09,CUST0894,PROD0116,SELL002,3,0.05,COD,Returned
ORD000486,2024-08-30,CUST1149,PROD0176,SELL079,1,0.05,Credit Card,Cancelled
ORD000487,2025-08-01,CUST0339,PROD0135,SELL016,3,0.15,Credit Card,Delivered
ORD000488,2024-11-28,CUST0734,PROD0168,SELL075,2,0.15,UPI,Delivered
ORD000489,2024-02-15,CUST0376,PROD0025,SELL016,3,0.05,UPI,Delivered
ORD000490,2024-05-19,CUST0415,PROD0171,SELL009,3,0.0,Debit Card,Shipped
ORD000491,2025-05-14,CUST0931,PROD0046,SELL034,3,0.05,Net Banking,Returned
ORD000492,2024-05-21,CUST0258,PROD0002,SELL049,4,0.15,UPI,Delivered
ORD000493,2024-07-20,CUST0960,PROD0138,SELL036,3,0.1,Credit Card,Delivered
ORD000494,2025-01-31,CUST0728,PROD0025,SELL020,3,0.2,COD,Delivered
ORD000495,2024-07-03,CUST0757,PROD0044,SELL009,3,0.15,Credit Card,Delivered
ORD000496,2024-04-04,CUST0470,PROD0097,SELL038,4,0.05,COD,Delivered
ORD000497,2025-04-01,CUST0655,PROD0073,SELL058,2,0.0,UPI,Delivered
ORD000498,2025-05-18,CUST0835,PROD0038,SELL062,4,0.1,UPI,Shipped
ORD000499,2025-06-19,CUST0982,PROD0114,SELL041,2,0.25,Credit Card,Delivered
ORD000500,2025-11-21,CUST0280,PROD0010,SELL062,2,0.05,Debit Card,Delivered
ORD000501,2024-04-01,CUST9999,PROD0170,SELL020,4,0.15,Net Banking,Returned
ORD000502,2024-11-07,CUST1074,PROD0068,SELL071,1,0.1,Net Banking,Returned
ORD000503,2024-06-20,CUST0453,PROD0026,SELL062,1,0.05,COD,Delivered
ORD000504,2025-10-20,CUST1045,PROD0134,SELL007,2,0.15,Net Banking,Returned
ORD000505,2025-01-29,CUST0360,PROD0064,SELL025,4,0.0,UPI,Shipped
ORD000506,2024-03-12,CUST0195,PROD0168,SELL044,2,0.1,Credit Card,Delivered
ORD000507,2025-05-20,CUST0295,PROD0175,SELL018,1,0.15,UPI,Cancelled
ORD000508,2024-02-01,CUST0972,PROD0143,SELL076,4,0.15,Credit Card,Delivered
ORD000509,2024-07-19,CUST0789,PROD0060,SELL077,3,0.2,Net Banking,Delivered
ORD000510,2025-06-11,CUST0513,PROD0148,SELL049,3,0.15,UPI,Delivered
ORD000511,2025-01-04,CUST0633,PROD0045,SELL068,3,0.15,COD,Delivered
ORD000512,2025-07-10,CUST0355,PROD0139,SELL050,1,0.1,Net Banking,Cancelled
ORD000513,2025-02-21,CUST1076,PROD0053,SELL066,2,0.05,Debit Card,Cancelled
ORD000514,2025-09-08,CUST0870,PROD0111,SELL009,3,0.1,UPI,Shipped
ORD000515,2025-02-15,CUST0943,PROD0177,SELL051,3,0.1,Net Banking,Delivered
ORD000516,2024-02-11,CUST0792,PROD0019,SELL022,4,0.1,Credit Card,Cancelled
ORD000517,2024-02-22,CUST1125,PROD0077,SELL023,4,0.25,Net Banking,Cancelled
ORD000518,2025-07-21,CUST0555,PROD0089,SELL021,1,0.1,Net Banking,Shipped
ORD000519,2024-01-29,CUST0437,PROD0125,SELL042,4,0.2,Net Banking,Shipped
ORD000520,2024-10-02,CUST1138,PROD0017,SELL050,3,0.1,Net Banking,Delivered
ORD000521,2024-01-12,CUST0262,PROD0062,SELL076,1,0.25,Debit Card,Delivered
ORD000522,2024-08-09,CUST0644,PROD0144,SELL056,1,0.1,Net Banking,Cancelled
ORD000523,2025-03-11,CUST0724,PROD0149,SELL033,2,0.1,Net Banking,Delivered
ORD000524,2024-05-06,CUST1096,PROD0140,SELL080,2,0.1,COD,Delivered
ORD000525,2024-12-06,CUST0542,PROD0128,SELL076,1,0.1,Credit Card,Shipped
ORD000526,2025-12-29,CUST0406,PROD0013,SELL071,2,0.0,UPI,Returned
ORD000527,2024-02-21,CUST0854,PROD0067,SELL072,1,0.0,Net Banking,Delivered
ORD000528,2024-02-16,CUST0312,PROD0055,SELL032,4,0.1,Debit Card,Returned
ORD000529,2024-07-17,CUST0674,PROD0108,SELL043,1,0.2,Net Banking,Delivered
ORD000530,2025-08-27,CUST0420,PROD0102,SELL010,4,0.1,Net Banking,Delivered
ORD000531,2024-10-23,CUST0964,PROD0033,SELL046,1,0.2,Net Banking,Delivered
ORD000532,2025-04-12,CUST0891,PROD0144,SELL027,1,0.15,Debit Card,Cancelled
ORD000533,2024-01-25,CUST0407,PROD0141,SELL003,4,0.1,Net Banking,Cancelled
ORD000534,2025-06-21,CUST0805,PROD0139,SELL063,2,0.25,Credit Card,Delivered
ORD000535,2024-02-19,CUST0621,PROD0123,SELL078,2,0.0,Debit Card,Shipped
ORD000536,2025-06-04,CUST0517,PROD0105,SELL033,4,0.25,Debit Card,Returned
ORD000537,2024-04-18,CUST0291,PROD0100,SELL053,3,0.0,Net Banking,Shipped
ORD000538,2025-09-19,CUST0593,PROD0064,SELL010,4,0.1,COD,Delivered
ORD000539,2024-08-04,CUST1195,PROD0115,SELL069,3,0.2,Net Banking,Delivered
ORD000540,2024-05-14,CUST0623,PROD0072,SELL035,2,0.1,Net Banking,Delivered
ORD000541,2024-09-03,CUST1158,PROD0086,SELL024,2,0.15,COD,Delivered
ORD000542,2024-01-01,CUST0734,PROD0164,SELL045,4,0.2,Credit Card,Cancelled
ORD000543,2024-04-30,CUST0444,PROD0024,SELL057,2,0.0,COD,Delivered
ORD000544,2025-03-13,CUST1047,PROD0042,SELL031,2,0.05,Debit Card,Shipped
ORD000545,2024-08-07,CUST0259,PROD0029,SELL007,2,0.2,UPI,Delivered
ORD000546,2024-09-15,CUST0498,PROD0009,SELL022,3,0.05,COD,Cancelled
ORD000547,2025-08-13,CUST0267,PROD0066,SELL005,2,0.2,Credit Card,Shipped
ORD000548,2024-03-31,CUST0502,PROD0052,SELL049,2,0.25,UPI,Delivered
ORD000549,2024-10-16,CUST1047,PROD0022,SELL034,2,0.25,COD,Delivered
ORD000550,2024-05-16,CUST0100,PROD0156,SELL068,3,0.05,Debit Card,Returned
ORD000551,2024-12-18,CUST0789,PROD0036,SELL080,3,0.05,Debit Card,Cancelled
ORD000552,2024-08-30,CUST0374,PROD0020,SELL071,4,0.15,Credit Card,Cancelled
ORD000553,2024-02-03,CUST1041,PROD0092,SELL036,3,0.1,COD,Shipped
ORD000554,2024-02-21,CUST0814,PROD0171,SELL077,2,0.0,Net Banking,Shipped
ORD000555,2025-09-15,CUST0063,PROD0054,SELL056,3,0.0,Credit Card,Shipped
ORD000556,2024-02-11,CUST1031,PROD0131,SELL044,1,0.15,Debit Card,Shipped
ORD000557,2025-07-26,CUST1042,PROD0164,SELL018,1,0.15,Credit Card,Delivered
ORD000558,2025-10-31,CUST0515,PROD0142,SELL005,2,0.1,Credit Card,Returned
ORD000559,2024-12-06,CUST0129,PROD0122,SELL061,2,0.15,Credit Card,Delivered
ORD000560,2024-08-16,CUST0199,PROD0076,SELL077,2,0.1,Debit Card,Shipped
ORD000561,2025-07-21,CUST1081,PROD0115,SELL007,3,0.15,UPI,Shipped
ORD000562,2025-12-19,CUST1146,PROD0029,SELL040,2,0.05,COD,Delivered
ORD000563,2024-03-29,CUST0102,PROD0033,SELL078,4,0.05,COD,Delivered
ORD000564,2025-12-05,CUST0219,PROD0101,SELL019,4,0.15,Net Banking,Delivered
ORD000565,2025-11-20,CUST1035,PROD0125,SELL042,4,0.1,UPI,Delivered
ORD000566,2024-04-14,CUST0393,PROD0139,SELL009,2,0.15,UPI,Delivered
ORD000567,2024-02-10,CUST0171,PROD0131,SELL034,3,0.0,UPI,Returned
ORD000568,2025-06-06,CUST0132,PROD0042,SELL042,3,0.0,UPI,Delivered
ORD000569,2024-02-26,CUST0277,PROD0062,SELL060,4,0.05,UPI,Delivered
ORD000570,2025-03-15,CUST1088,PROD0152,SELL017,4,0.05,COD,Delivered
ORD000571,2024-02-17,CUST0227,PROD0138,SELL015,3,0.05,Net Banking,Returned
ORD000572,2025-05-19,CUST0994,PROD0100,SELL068,3,0.0,Net Banking,Delivered
ORD000573,2024-06-18,CUST0874,PROD0026,SELL034,4,0.0,Debit Card,Delivered
ORD000574,2024-03-11,CUST0966,PROD0166,SELL072,4,0.1,Credit Card,Delivered
ORD000575,2024-02-18,CUST0511,PROD0144,SELL067,3,0.2,Credit Card,Shipped
ORD000576,2024-05-17,CUST0273,PROD0035,SELL068,1,0.15,Net Banking,Delivered
ORD000577,2025-01-30,CUST0080,PROD0095,SELL026,2,0.2,Credit Card,Delivered
ORD000578,2024-02-26,CUST0265,PROD0097,SELL046,2,0.1,UPI,Cancelled
ORD000579,2025-08-09,CUST0793,PROD0141,SELL025,3,0.15,Debit Card,Delivered
ORD000580,2025-03-17,CUST0021,PROD0010,SELL021,1,0.0,UPI,Delivered
ORD000581,2024-08-05,CUST0883,PROD0160,SELL018,1,0.15,UPI,Shipped
ORD000582,2025-12-22,CUST0142,PROD0065,SELL034,1,0.1,Debit Card,Shipped
ORD000583,2025-04-26,CUST0975,PROD0137,SELL078,1,0.15,Debit Card,Returned
ORD000584,2025-05-06,CUST0375,PROD0131,SELL030,1,0.0,UPI,Shipped
ORD000585,2024-05-07,CUST1065,PROD0066,SELL077,2,0.1,Debit Card,Returned
ORD000586,2025-06-03,CUST0446,PROD0095,SELL030,3,0.0,Credit Card,Returned
ORD000587,2025-02-12,CUST0116,PROD0027,SELL027,1,0.05,Debit Card,Shipped
ORD000588,2025-12-20,CUST0809,PROD0038,SELL037,3,0.0,Net Banking,Delivered
ORD000589,2024-12-15,CUST0066,PROD0101,SELL079,4,0.15,Credit Card,Delivered
ORD000590,2025-05-10,CUST0527,PROD0165,SELL004,4,0.15,UPI,Cancelled
ORD000591,2024-09-06,CUST0952,PROD0021,SELL069,1,0.1,Debit Card,Delivered
ORD000592,2024-01-30,CUST0987,PROD0165,SELL013,2,0.05,Credit Card,Shipped
ORD000593,2024-04-03,CUST0301,PROD0094,SELL074,3,0.1,Debit Card,Delivered
ORD000594,2025-09-25,CUST0289,PROD0060,SELL063,1,0.1,UPI,Returned
ORD000595,2025-06-23,CUST0276,PROD0140,SELL070,2,0.1,COD,Delivered
ORD000596,2024-09-23,CUST0673,PROD0130,SELL057,4,0.1,COD,Delivered
ORD000597,2025-05-25,CUST0075,PROD0131,SELL029,1,0.1,Debit Card,Cancelled
ORD000598,2024-01-04,CUST0060,PROD0041,SELL032,1,0.05,COD,Returned
ORD000599,2024-01-28,CUST1151,PROD0028,SELL004,1,0.0,COD,Shipped
ORD000600,2025-01-05,CUST0162,PROD0141,SELL042,1,0.1,COD,Shipped
ORD000601,2025-04-01,CUST0111,PROD0136,SELL021,3,0.1,UPI,Returned
ORD000602,2025-11-15,CUST1036,PROD0126,SELL062,2,0.25,Net Banking,Returned
ORD000603,2025-07-09,CUST0521,PROD0165,SELL011,1,0.2,COD,Delivered
ORD000604,2024-07-07,CUST0197,PROD0154,SELL054,3,0.1,Net Banking,Cancelled
ORD000605,2025-08-18,CUST0876,PROD0179,SELL056,4,0.15,Debit Card,Delivered
ORD000606,2024-12-25,CUST0601,PROD0043,SELL036,4,0.25,Net Banking,Returned
ORD000607,2025-08-26,CUST0931,PROD0031,SELL021,3,0.05,Net Banking,Shipped
ORD000608,2024-05-07,CUST0013,PROD0104,SELL015,1,0.1,Credit Card,Delivered
ORD000609,2024-01-20,CUST0674,PROD0172,SELL036,1,0.0,COD,Shipped
ORD000610,2024-02-12,CUST0419,PROD0025,SELL001,1,0.15,COD,Returned
ORD000611,2025-12-25,CUST0422,PROD0117,SELL035,2,0.1,Net Banking,Cancelled
ORD000612,2024-02-28,CUST0180,PROD0119,SELL016,2,0.15,UPI,Delivered
ORD000613,2025-11-17,CUST0996,PROD0073,SELL073,4,0.1,Net Banking,Shipped
ORD000614,2025-06-15,CUST0496,PROD0115,SELL078,2,0.0,UPI,Cancelled
ORD000615,2024-04-16,CUST0294,PROD0022,SELL043,2,0.1,COD,Shipped
ORD000616,2025-09-23,CUST0736,PROD0086,SELL022,1,0.05,UPI,Delivered
ORD000617,2024-04-15,CUST0836,PROD0049,SELL067,3,0.15,UPI,Delivered
ORD000618,2024-04-14,CUST0511,PROD0103,SELL025,4,0.0,Credit Card,Cancelled
ORD000619,2025-02-24,CUST0049,PROD0145,SELL034,1,0.1,UPI,Returned
ORD000620,2024-07-29,CUST0623,PROD0152,SELL039,4,0.05,UPI,Returned
ORD000621,2024-07-31,CUST0991,PROD0157,SELL079,2,0.2,COD,Delivered
ORD000622,2024-05-22,CUST0754,PROD0085,SELL055,4,0.0,Net Banking,Delivered
ORD000623,2025-03-20,CUST0758,PROD0083,SELL046,4,0.0,Credit Card,Returned
ORD000624,2024-01-20,CUST0155,PROD0147,SELL022,4,0.0,UPI,Returned
ORD000625,2024-06-28,CUST1078,PROD0022,SELL011,2,0.1,COD,Delivered
ORD000626,2025-02-08,CUST0779,PROD0059,SELL040,1,0.1,Credit Card,Delivered
ORD000627,2024-12-21,CUST0401,PROD0059,SELL063,2,0.0,Debit Card,Returned
ORD000628,2025-05-26,CUST0202,PROD0123,SELL037,2,0.05,Credit Card,Delivered
ORD000629,2024-06-07,CUST0844,PROD0137,SELL066,2,0.2,Debit Card,Cancelled
ORD000630,2025-04-18,CUST1007,PROD0164,SELL023,3,0.0,Net Banking,Delivered
ORD000631,2025-07-09,CUST0944,PROD0173,SELL080,3,0.0,UPI,Delivered
ORD000632,2024-10-10,CUST0738,PROD0169,SELL075,2,0.15,COD,Cancelled
ORD000633,2024-07-06,CUST0616,PROD0058,SELL007,1,0.0,UPI,Delivered
ORD000634,2025-02-09,CUST0984,PROD0010,SELL015,3,0.2,Debit Card,Delivered
ORD000635,2025-02-27,CUST0923,PROD0116,SELL051,3,0.15,Net Banking,Delivered
ORD000636,2024-03-09,CUST0867,PROD0178,SELL075,1,0.15,UPI,Shipped
ORD000637,2025-02-17,CUST0093,PROD0146,SELL029,3,0.2,UPI,Shipped
ORD000638,2024-04-22,CUST0089,PROD0047,SELL057,4,0.0,UPI,Delivered
ORD000639,2025-02-19,CUST0866,PROD0089,SELL013,4,0.1,Credit Card,Returned
ORD000640,2025-11-12,CUST0405,PROD0087,SELL035,1,0.15,Net Banking,Shipped
ORD000641,2025-01-27,CUST0386,PROD0060,SELL005,2,0.05,UPI,Returned
ORD000642,2025-07-10,CUST0338,PROD0075,SELL040,1,0.15,COD,Shipped
ORD000643,2024-08-14,CUST0829,PROD0078,SELL038,3,0.2,Net Banking,Cancelled
ORD000644,2025-11-05,CUST0441,PROD0141,SELL027,1,0.15,UPI,Delivered
ORD000645,2025-08-17,CUST0268,PROD0149,SELL047,1,0.2,UPI,Returned
ORD000646,2025-11-01,CUST0592,PROD0019,SELL055,2,0.15,COD,Cancelled
ORD000647,2025-06-26,CUST1049,PROD0123,SELL004,3,0.1,COD,Returned
ORD000648,2025-04-19,CUST0980,PROD0035,SELL025,4,0.1,COD,Returned
ORD000649,2025-01-18,CUST0047,PROD0146,SELL001,1,0.0,UPI,Delivered
ORD000650,2025-11-09,CUST0184,PROD0137,SELL078,4,0.15,Net Banking,Returned
ORD000651,2025-09-12,CUST0749,PROD0100,SELL038,3,0.0,Debit Card,Shipped
ORD000652,2024-10-31,CUST0337,PROD0127,SELL062,3,0.25,Net Banking,Shipped
ORD000653,2024-03-03,CUST0280,PROD0086,SELL001,3,0.0,UPI,Returned
ORD000654,2024-01-03,CUST0034,PROD0140,SELL079,1,0.15,COD,Shipped
ORD000655,2024-06-19,CUST0020,PROD0177,SELL038,4,0.1,COD,Delivered
ORD000656,2024-02-15,CUST0623,PROD0139,SELL058,3,0.1,Debit Card,Returned
ORD000657,2024-06-03,CUST1063,PROD0145,SELL019,2,0.1,UPI,Delivered
ORD000658,2024-03-21,CUST1032,PROD0162,SELL049,2,0.05,Net Banking,Delivered
ORD000659,2025-12-18,CUST0702,PROD0167,SELL014,1,0.05,COD,Returned
ORD000660,2024-03-10,CUST1184,PROD0090,SELL048,2,0.05,Credit Card,Cancelled
ORD000661,2025-04-03,CUST0486,PROD0018,SELL052,1,0.2,UPI,Cancelled
ORD000662,2024-09-14,CUST1079,PROD0094,SELL002,4,0.0,Debit Card,Delivered
ORD000663,2024-05-07,CUST0926,PROD0165,SELL043,3,0.1,UPI,Returned
ORD000664,2025-05-27,CUST0072,PROD0038,SELL064,3,0.0,COD,Delivered
ORD000665,2025-12-10,CUST0599,PROD0094,SELL029,1,0.15,Net Banking,Cancelled
ORD000666,2025-07-31,CUST1011,PROD0165,SELL053,1,0.1,Net Banking,Returned
ORD000667,2025-12-13,CUST0436,PROD0116,SELL064,3,0.1,COD,Cancelled
ORD000668,2025-03-07,CUST0332,PROD0072,SELL021,3,0.0,Net Banking,Delivered
ORD000669,2025-05-07,CUST0692,PROD0079,SELL073,1,0.15,Credit Card,Cancelled
ORD000670,2024-04-17,CUST0245,PROD0128,SELL025,4,0.15,Credit Card,Shipped
ORD000671,2025-09-15,CUST1019,PROD0054,SELL067,3,0.1,UPI,Delivered
ORD000672,2025-06-30,CUST0185,PROD0073,SELL056,2,0.1,Debit Card,Returned
ORD000673,2024-07-04,CUST0531,PROD0029,SELL060,3,0.2,Net Banking,Delivered
ORD000674,2024-09-16,CUST0388,PROD0128,SELL016,4,0.15,UPI,Returned
ORD000675,2025-03-22,CUST0401,PROD0124,SELL073,1,0.15,Credit Card,Cancelled
ORD000676,2024-01-10,CUST0594,PROD0048,SELL078,4,0.05,COD,Shipped
ORD000677,2025-08-20,CUST1039,PROD0169,SELL014,4,0.15,COD,Cancelled
ORD000678,2024-07-24,CUST0136,PROD0178,SELL065,1,0.1,COD,Delivered
ORD000679,2024-02-24,CUST1082,PROD0058,SELL062,3,0.1,COD,Shipped
ORD000680,2024-08-29,CUST0457,PROD0170,SELL028,2,0.15,UPI,Returned
ORD000681,2025-09-02,CUST1019,PROD0029,SELL079,1,0.05,Net Banking,Shipped
ORD000682,2024-07-19,CUST0229,PROD0115,SELL064,1,0.15,COD,Delivered
ORD000683,2025-01-29,CUST0111,PROD0144,SELL030,1,0.0,Credit Card,Delivered
ORD000684,2025-08-16,CUST0278,PROD0039,SELL067,4,0.2,UPI,Delivered
ORD000685,2024-01-25,CUST0405,PROD0164,SELL027,1,0.05,COD,Cancelled
ORD000686,2025-07-09,CUST0945,PROD0162,SELL041,2,0.1,Debit Card,Shipped
ORD000687,2024-07-30,CUST0987,PROD0005,SELL016,2,0.05,Net Banking,Shipped
ORD000688,2025-05-23,CUST0385,PROD0029,SELL030,3,0.15,Credit Card,Delivered
ORD000689,2024-05-17,CUST0275,PROD0038,SELL062,1,0.1,Credit Card,Returned
ORD000690,2024-04-11,CUST0929,PROD0030,SELL031,3,0.2,Net Banking,Delivered
ORD000691,2025-07-30,CUST0874,PROD0068,SELL041,1,0.1,Debit Card,Delivered
ORD000692,2025-08-13,CUST0709,PROD0025,SELL017,1,0.1,COD,Delivered
ORD000693,2025-12-18,CUST0407,PROD0062,SELL033,4,0.1,Credit Card,Returned
ORD000694,2025-05-10,CUST0676,PROD0171,SELL018,3,0.05,Credit Card,Delivered
ORD000695,2024-12-06,CUST0402,PROD0160,SELL041,3,0.0,Net Banking,Delivered
ORD000696,2024-05-22,CUST0927,PROD0160,SELL002,2,0.05,COD,Shipped
ORD000697,2024-08-03,CUST0866,PROD0031,SELL061,3,0.15,Net Banking,Cancelled
ORD000698,2025-04-18,CUST0548,PROD0059,SELL046,3,0.1,Debit Card,Delivered
ORD000699,2024-09-10,CUST0570,PROD0023,SELL033,4,0.0,COD,Cancelled
ORD000700,2024-12-19,CUST0356,PROD0069,SELL014,4,0.1,COD,Returned
ORD000701,2024-05-02,CUST0486,PROD0169,SELL076,2,0.2,Net Banking,Shipped
ORD000702,2024-11-17,CUST1013,PROD0023,SELL028,4,0.05,COD,Delivered
ORD000703,2024-06-22,CUST0716,PROD0055,SELL033,3,0.05,Debit Card,Delivered
ORD000704,2024-03-22,CUST0240,PROD0033,SELL049,2,0.05,Net Banking,Cancelled
ORD000705,2024-04-06,CUST0879,PROD0178,SELL072,3,0.15,Net Banking,Delivered
ORD000706,2025-01-13,CUST0468,PROD0180,SELL051,4,0.05,Credit Card,Shipped
ORD000707,2024-09-24,CUST0142,PROD0008,SELL059,2,0.1,UPI,Cancelled
ORD000708,2024-03-14,CUST0556,PROD0064,SELL063,3,0.15,UPI,Shipped
ORD000709,2025-01-10,CUST0115,PROD0178,SELL050,2,0.2,Net Banking,Shipped
ORD000710,2024-04-30,CUST0372,PROD0147,SELL038,3,0.1,Net Banking,Cancelled
ORD000711,2024-01-12,CUST0114,PROD0009,SELL003,3,0.1,COD,Delivered
ORD000712,2024-04-06,CUST0057,PROD0076,SELL061,1,0.1,Debit Card,Shipped
ORD000713,2024-11-23,CUST0841,PROD0086,SELL010,1,0.2,COD,Returned
ORD000714,2025-11-28,CUST1158,PROD0052,SELL046,1,0.2,Net Banking,Shipped
ORD000715,2024-06-25,CUST0988,PROD0002,SELL009,4,0.1,Debit Card,Delivered
ORD000716,2024-07-27,CUST0696,PROD0013,SELL027,2,0.25,COD,Delivered
ORD000717,2024-06-26,CUST0496,PROD0151,SELL016,4,0.05,UPI,Delivered
ORD000718,2024-09-16,CUST0372,PROD0108,SELL050,4,0.2,UPI,Delivered
ORD000719,2025-06-08,CUST0747,PROD0131,SELL079,3,0.15,Debit Card,Returned
ORD000720,2024-08-23,CUST1152,PROD0067,SELL025,2,0.05,Credit Card,Delivered
ORD000721,2025-04-25,CUST0516,PROD0132,SELL074,2,0.0,UPI,Shipped
ORD000722,2025-10-18,CUST1123,PROD0030,SELL042,1,0.1,Debit Card,Delivered
ORD000723,2025-11-22,CUST0015,PROD0121,SELL050,1,0.1,Credit Card,Delivered
ORD000724,2025-02-15,CUST0410,PROD0080,SELL071,3,0.05,UPI,Cancelled
ORD000725,2025-06-05,CUST0002,PROD0160,SELL056,2,0.1,Net Banking,Delivered
ORD000726,2025-11-02,CUST0054,PROD0138,SELL003,3,0.1,Debit Card,Delivered
ORD000727,2025-07-29,CUST0767,PROD0077,SELL029,1,0.15,COD,Cancelled
ORD000728,2024-08-07,CUST0928,PROD0015,SELL013,1,0.15,Debit Card,Shipped
ORD000729,2024-04-06,CUST0783,PROD0173,SELL068,1,0.15,Debit Card,Shipped
ORD000730,2024-03-24,CUST0588,PROD0062,SELL009,2,0.0,COD,Delivered
ORD000731,2025-10-06,CUST0917,PROD0089,SELL071,2,0.15,Debit Card,Shipped
ORD000732,2025-02-10,CUST0810,PROD0100,SELL026,3,0.15,Credit Card,Delivered
ORD000733,2024-08-04,CUST0238,PROD0128,SELL063,4,0.25,Credit Card,Shipped
ORD000734,2024-09-09,CUST1120,PROD0160,SELL009,4,0.1,Debit Card,Shipped
ORD000735,2024-07-24,CUST0773,PROD0049,SELL018,1,0.0,Credit Card,Shipped
ORD000736,2025-08-09,CUST0945,PROD0012,SELL004,2,0.15,Debit Card,Delivered
ORD000737,2025-03-23,CUST0835,PROD0013,SELL057,2,0.1,UPI,Returned
ORD000738,2025-10-04,CUST0296,PROD0168,SELL051,1,0.0,COD,Shipped
ORD000739,2024-08-08,CUST0697,PROD0159,SELL008,2,0.05,Net Banking,Cancelled
ORD000740,2024-12-11,CUST0631,PROD0160,SELL072,4,0.15,UPI,Returned
ORD000741,2024-03-29,CUST1097,PROD0109,SELL022,4,0.15,Credit Card,Cancelled
ORD000742,2025-12-11,CUST0544,PROD0074,SELL042,2,0.15,Credit Card,Delivered
ORD000743,2025-01-09,CUST0212,PROD0039,SELL030,1,0.0,COD,Delivered
ORD000744,2025-02-08,CUST0442,PROD0038,SELL058,4,0.05,COD,Delivered
ORD000745,2024-10-29,CUST0268,PROD0144,SELL033,3,0.15,Credit Card,Returned
ORD000746,2024-07-17,CUST1143,PROD0083,SELL079,4,0.2,Net Banking,Shipped
ORD000747,2025-11-24,CUST0440,PROD0135,SELL059,3,0.05,Debit Card,Returned
ORD000748,2024-12-23,CUST0207,PROD0151,SELL070,1,0.0,Debit Card,Delivered
ORD000749,2025-05-08,CUST0827,PROD0098,SELL033,1,0.1,COD,Cancelled
ORD000750,2024-01-28,CUST0951,PROD0161,SELL015,1,0.0,Debit Card,Returned
ORD000751,2024-07-20,CUST0710,PROD0084,SELL065,4,0.1,Net Banking,Cancelled
ORD000752,2025-08-10,CUST0378,PROD0138,SELL071,2,0.25,UPI,Returned
ORD000753,2024-03-05,CUST0956,PROD0038,SELL010,1,0.1,UPI,Delivered
ORD000754,2024-03-15,CUST0719,PROD0061,SELL044,4,0.0,UPI,Returned
ORD000755,2025-08-14,CUST0412,PROD0065,SELL057,2,0.1,Net Banking,Returned
ORD000756,2024-08-13,CUST0122,PROD0092,SELL057,2,0.1,COD,Delivered
ORD000757,2024-07-19,CUST0335,PROD0179,SELL037,3,0.15,Net Banking,Shipped
ORD000758,2025-02-17,CUST0487,PROD0006,SELL001,3,0.2,Net Banking,Delivered
ORD000759,2024-05-22,CUST1105,PROD0062,SELL016,2,0.25,Net Banking,Returned
ORD000760,2024-02-01,CUST0954,PROD0100,SELL051,3,0.25,Credit Card,Cancelled
ORD000761,2024-01-04,CUST0890,PROD0118,SELL079,3,0.15,Debit Card,Shipped
ORD000762,2024-02-27,CUST0229,PROD0160,SELL080,2,0.1,Debit Card,Delivered
ORD000763,2024-04-25,CUST0860,PROD0098,SELL007,4,0.15,Credit Card,Delivered
ORD000764,2025-05-23,CUST0168,PROD0106,SELL038,3,0.2,Debit Card,Delivered
ORD000765,2024-08-05,CUST1075,PROD0032,SELL070,4,0.05,Debit Card,Returned
ORD000766,2024-02-22,CUST0648,PROD0039,SELL052,2,0.05,COD,Delivered
ORD000767,2024-01-11,CUST0222,PROD0055,SELL031,3,0.0,Credit Card,Returned
ORD000768,2024-12-14,CUST0628,PROD0106,SELL041,2,0.2,Credit Card,Shipped
ORD000769,2025-09-06,CUST0100,PROD0062,SELL036,4,0.2,Debit Card,Returned
ORD000770,2024-09-04,CUST0908,PROD0102,SELL008,1,0.15,COD,Delivered
ORD000771,2024-02-16,CUST0587,PROD0009,SELL032,1,0.15,COD,Returned
ORD000772,2024-06-15,CUST0304,PROD0089,SELL033,1,0.15,COD,Shipped
ORD000773,2024-12-31,CUST0622,PROD0158,SELL016,2,0.15,COD,Returned
ORD000774,2024-05-17,CUST1130,PROD0117,SELL004,2,0.0,COD,Shipped
ORD000775,2025-12-16,CUST0089,PROD0033,SELL079,2,0.05,Net Banking,Cancelled
ORD000776,2025-07-12,CUST0621,PROD0121,SELL017,1,0.1,UPI,Delivered
ORD000777,2024-09-08,CUST0215,PROD0078,SELL045,2,0.0,UPI,Cancelled
ORD000778,2025-11-26,CUST1126,PROD0114,SELL073,3,0.2,COD,Returned
ORD000779,2024-08-25,CUST1029,PROD0091,SELL054,2,0.0,Net Banking,Delivered
ORD000780,2024-04-12,CUST0072,PROD0100,SELL074,2,0.15,Debit Card,Delivered
ORD000781,2025-11-16,CUST0622,PROD0166,SELL050,2,0.0,Net Banking,Delivered
ORD000782,2025-12-02,CUST0210,PROD0088,SELL034,2,0.05,Net Banking,Delivered
ORD000783,2024-08-16,CUST0917,PROD0015,SELL007,2,0.25,UPI,Delivered
ORD000784,2025-03-10,CUST1073,PROD0136,SELL046,1,0.1,UPI,Delivered
ORD000785,2024-05-06,CUST1199,PROD0058,SELL004,4,0.1,COD,Shipped
ORD000786,2025-04-14,CUST0333,PROD0178,SELL028,2,0.05,UPI,Returned
ORD000787,2025-05-19,CUST0788,PROD0120,SELL043,3,0.2,Credit Card,Delivered
ORD000788,2025-06-02,CUST0414,PROD0102,SELL078,3,0.05,Debit Card,Delivered
ORD000789,2025-02-19,CUST0925,PROD0078,SELL011,1,0.05,Net Banking,Returned
ORD000790,2025-05-29,CUST0607,PROD0085,SELL024,3,0.15,Credit Card,Shipped
ORD000791,2025-02-09,CUST0084,PROD0062,SELL056,4,0.2,UPI,Delivered
ORD000792,2025-08-22,CUST0146,PROD0114,SELL007,3,0.1,COD,Returned
ORD000793,2024-05-11,CUST0648,PROD0110,SELL047,3,0.1,UPI,Cancelled
ORD000794,2024-12-19,CUST0108,PROD0039,SELL016,2,0.2,Credit Card,Returned
ORD000795,2024-10-31,CUST0430,PROD0037,SELL062,4,0.1,Credit Card,Delivered
ORD000796,2025-01-24,CUST0140,PROD0011,SELL004,3,0.15,Debit Card,Delivered
ORD000797,2024-04-13,CUST0391,PROD0021,SELL017,2,0.0,Net Banking,Returned
ORD000798,2024-08-24,CUST0104,PROD0008,SELL077,3,0.15,UPI,Returned
ORD000799,2025-11-28,CUST0439,PROD0093,SELL067,1,0.1,Net Banking,Shipped
ORD000800,2024-03-17,CUST0516,PROD0107,SELL022,4,0.0,COD,Cancelled
ORD000801,2025-04-09,CUST1083,PROD0090,SELL022,4,0.05,Debit Card,Delivered
ORD000802,2025-04-30,CUST1064,PROD0155,SELL014,4,0.15,UPI,Returned
ORD000803,2024-12-12,CUST0088,PROD0020,SELL057,3,0.1,COD,Returned
ORD000804,2024-01-25,CUST0352,PROD0110,SELL021,2,0.1,COD,Delivered
ORD000805,2024-01-26,CUST0465,PROD0113,SELL053,1,0.2,Debit Card,Delivered
ORD000806,2024-07-20,CUST0176,PROD0134,SELL078,2,0.1,Debit Card,Delivered
ORD000807,2024-03-15,CUST0731,PROD0035,SELL079,3,0.15,UPI,Delivered
ORD000808,2024-03-09,CUST0366,PROD0052,SELL001,1,0.1,Credit Card,Delivered
ORD000809,2024-04-27,CUST0882,PROD0125,SELL024,1,0.15,COD,Shipped
ORD000810,2024-05-19,CUST0459,PROD0021,SELL027,3,0.0,COD,Cancelled
ORD000811,2025-09-04,CUST0470,PROD0111,SELL043,3,0.05,Net Banking,Returned
ORD000812,2025-04-11,CUST1198,PROD0080,SELL015,4,0.05,Debit Card,Delivered
ORD000813,2024-01-23,CUST0100,PROD0157,SELL052,4,0.1,UPI,Delivered
ORD000814,2025-04-04,CUST0393,PROD0088,SELL007,4,0.2,Credit Card,Delivered
ORD000815,2024-04-09,CUST0577,PROD0131,SELL034,4,0.15,Debit Card,Returned
ORD000816,2024-11-03,CUST0462,PROD0076,SELL046,3,0.2,UPI,Delivered
ORD000817,2024-01-28,CUST0466,PROD0171,SELL047,1,0.1,Debit Card,Returned
ORD000818,2024-03-06,CUST0237,PROD0162,SELL017,3,0.0,Net Banking,Delivered
ORD000819,2024-04-06,CUST0985,PROD0030,SELL036,3,0.15,UPI,Cancelled
ORD000820,2024-11-12,CUST1015,PROD0054,SELL004,3,0.0,Net Banking,Delivered
ORD000821,2024-12-04,CUST0028,PROD0006,SELL002,3,0.0,Debit Card,Returned
ORD000822,2024-09-14,CUST0085,PROD0042,SELL040,1,0.1,Net Banking,Returned
ORD000823,2025-03-29,CUST0332,PROD0114,SELL027,3,0.1,Net Banking,Returned
ORD000824,2025-06-10,CUST0347,PROD0011,SELL021,3,0.25,COD,Shipped
ORD000825,2025-06-16,CUST0528,PROD0074,SELL004,4,0.05,COD,Cancelled
ORD000826,2025-02-27,CUST0365,PROD0042,SELL009,4,0.2,Debit Card,Delivered
ORD000827,2025-02-02,CUST0749,PROD0101,SELL080,2,0.0,UPI,Delivered
ORD000828,2024-12-25,CUST0177,PROD0026,SELL023,1,0.15,UPI,Delivered
ORD000829,2024-06-22,CUST0103,PROD0104,SELL060,2,0.05,UPI,Delivered
ORD000830,2024-12-21,CUST0176,PROD0101,SELL055,2,0.1,Debit Card,Cancelled
ORD000831,2024-01-08,CUST1024,PROD0101,SELL021,4,0.15,Net Banking,Delivered
ORD000832,2025-12-07,CUST0624,PROD0049,SELL014,3,0.1,COD,Delivered
ORD000833,2024-09-27,CUST0399,PROD0088,SELL031,1,0.15,UPI,Delivered
ORD000834,2025-07-06,CUST0810,PROD0012,SELL075,4,0.1,UPI,Delivered
ORD000835,2025-11-30,CUST0515,PROD0138,SELL040,2,0.25,Debit Card,Returned
ORD000836,2024-12-29,CUST0866,PROD0071,SELL028,3,0.15,Debit Card,Delivered
ORD000837,2025-09-21,CUST0080,PROD0109,SELL041,1,0.0,Credit Card,Returned
ORD000838,2024-12-16,CUST1051,PROD0066,SELL052,3,0.1,Net Banking,Returned
ORD000839,2024-04-06,CUST0207,PROD0109,SELL055,1,0.2,Net Banking,Returned
ORD000840,2024-01-20,CUST0820,PROD0064,SELL057,1,0.25,Debit Card,Delivered
ORD000841,2024-04-09,CUST0809,PROD0081,SELL045,1,0.1,Net Banking,Shipped
ORD000842,2025-11-19,CUST1033,PROD0050,SELL029,3,0.1,Debit Card,Cancelled
ORD000843,2024-12-13,CUST0634,PROD0085,SELL053,2,0.0,UPI,Shipped
ORD000844,2024-08-21,CUST0913,PROD0158,SELL076,1,0.0,Net Banking,Delivered
ORD000845,2024-11-22,CUST0845,PROD0138,SELL068,1,0.05,Debit Card,Returned
ORD000846,2024-07-06,CUST0502,PROD0124,SELL049,2,0.1,COD,Delivered
ORD000847,2025-09-28,CUST0866,PROD0070,SELL070,1,0.1,UPI,Returned
ORD000848,2025-12-31,CUST0056,PROD0059,SELL005,1,0.2,UPI,Delivered
ORD000849,2024-03-03,CUST0335,PROD0166,SELL013,1,0.15,Credit Card,Delivered
ORD000850,2025-06-09,CUST1133,PROD0062,SELL055,3,0.1,Debit Card,Shipped
ORD000851,2024-09-02,CUST0049,PROD0147,SELL069,4,0.25,COD,Cancelled
ORD000852,2024-02-04,CUST0754,PROD0110,SELL012,1,0.1,Debit Card,Delivered
ORD000853,2025-11-05,CUST1128,PROD0020,SELL055,2,0.15,Debit Card,Delivered
ORD000854,2024-02-15,CUST0266,PROD0100,SELL072,3,0.15,Debit Card,Delivered
ORD000855,2024-05-30,CUST1200,PROD0089,SELL075,1,0.05,UPI,Delivered
ORD000856,2024-01-19,CUST0186,PROD0097,SELL050,2,0.2,Credit Card,Cancelled
ORD000857,2024-12-10,CUST0803,PROD0129,SELL012,2,0.05,Net Banking,Delivered
ORD000858,2025-03-14,CUST0787,PROD0168,SELL051,2,0.2,Credit Card,Shipped
ORD000859,2024-08-22,CUST0226,PROD0057,SELL001,2,0.15,COD,Returned
ORD000860,2024-02-22,CUST1013,PROD0031,SELL061,3,0.1,Net Banking,Cancelled
ORD000861,2024-03-25,CUST0556,PROD0092,SELL031,2,0.0,COD,Returned
ORD000862,2025-11-13,CUST0477,PROD0154,SELL080,1,0.1,UPI,Returned
ORD000863,2025-08-12,CUST0269,PROD0091,SELL059,3,0.05,Debit Card,Delivered
ORD000864,2025-11-15,CUST0829,PROD0064,SELL013,2,0.0,Credit Card,Delivered
ORD000865,2025-01-23,CUST0112,PROD0026,SELL071,3,0.15,Debit Card,Delivered
ORD000866,2025-02-03,CUST0538,PROD0155,SELL069,4,0.0,Net Banking,Cancelled
ORD000867,2025-07-28,CUST0961,PROD0105,SELL043,2,0.0,UPI,Delivered
ORD000868,2025-03-26,CUST1107,PROD0118,SELL080,1,0.2,Credit Card,Shipped
ORD000869,2024-11-15,CUST0555,PROD0032,SELL063,3,0.05,Credit Card,Cancelled
ORD000870,2024-08-01,CUST1127,PROD0085,SELL001,1,0.2,Net Banking,Delivered
ORD000871,2024-12-20,CUST0063,PROD0039,SELL025,3,0.0,Debit Card,Returned
ORD000872,2024-02-16,CUST1188,PROD0109,SELL019,4,0.2,COD,Returned
ORD000873,2024-05-20,CUST0651,PROD0038,SELL041,1,0.2,UPI,Returned
ORD000874,2025-06-23,CUST0185,PROD0131,SELL036,1,0.05,UPI,Delivered
ORD000875,2025-09-26,CUST0093,PROD0034,SELL045,4,0.15,COD,Cancelled
ORD000876,2024-03-15,CUST0940,PROD0012,SELL002,2,0.15,COD,Shipped
ORD000877,2024-03-11,CUST0678,PROD0057,SELL041,2,0.05,Credit Card,Delivered
ORD000878,2024-03-03,CUST0901,PROD0133,SELL042,4,0.05,Credit Card,Delivered
ORD000879,2025-08-01,CUST0917,PROD0056,SELL015,1,0.0,COD,Delivered
ORD000880,2024-08-15,CUST0269,PROD0001,SELL044,2,0.0,Credit Card,Returned
ORD000881,2024-08-26,CUST0807,PROD0116,SELL005,4,0.15,COD,Delivered
ORD000882,2024-01-10,CUST1122,PROD0127,SELL071,3,0.1,COD,Shipped
ORD000883,2025-12-11,CUST0779,PROD0172,SELL050,3,0.15,Debit Card,Delivered
ORD000884,2024-11-13,CUST1099,PROD0132,SELL075,4,0.15,Net Banking,Shipped
ORD000885,2025-08-05,CUST1094,PROD0099,SELL071,1,0.15,UPI,Cancelled
ORD000886,2025-06-01,CUST0355,PROD0166,SELL034,2,0.1,UPI,Delivered
ORD000887,2024-04-13,CUST0283,PROD0177,SELL062,1,0.15,Net Banking,Delivered
ORD000888,2025-08-08,CUST1198,PROD0054,SELL048,2,0.05,Net Banking,Delivered
ORD000889,2025-02-06,CUST0136,PROD0019,SELL010,4,0.15,Credit Card,Delivered
ORD000890,2025-03-17,CUST0116,PROD0171,SELL064,1,0.1,Credit Card,Shipped
ORD000891,2024-05-26,CUST1012,PROD0142,SELL026,3,0.1,COD,Returned
ORD000892,2025-09-11,CUST0577,PROD0022,SELL066,1,0.15,Debit Card,Delivered
ORD000893,2025-11-12,CUST0973,PROD0096,SELL071,2,0.05,Net Banking,Delivered
ORD000894,2024-10-24,CUST0830,PROD0091,SELL034,3,0.1,Net Banking,Shipped
ORD000895,2024-03-08,CUST0274,PROD0029,SELL077,2,0.15,UPI,Cancelled
ORD000896,2025-09-12,CUST0970,PROD0017,SELL062,2,0.0,UPI,Shipped
ORD000897,2025-10-10,CUST1012,PROD0115,SELL050,4,0.05,UPI,Delivered
ORD000898,2025-01-05,CUST0297,PROD0050,SELL061,1,0.15,COD,Cancelled
ORD000899,2025-02-27,CUST0260,PROD0128,SELL063,1,0.1,Debit Card,Delivered
ORD000900,2024-06-12,CUST0785,PROD0069,SELL018,3,0.25,Credit Card,Delivered
ORD000901,2024-02-19,CUST1033,PROD0086,SELL999,3,0.0,Net Banking,Returned
ORD000902,2025-11-21,CUST0702,PROD0129,SELL072,3,0.05,Credit Card,Cancelled
ORD000903,2024-12-19,CUST1057,PROD0157,SELL068,1,0.0,COD,Shipped
ORD000904,2024-07-20,CUST0586,PROD0113,SELL073,4,0.15,Net Banking,Delivered
ORD000905,2025-05-21,CUST0547,PROD0012,SELL031,2,0.05,COD,Cancelled
ORD000906,2024-01-20,CUST0884,PROD0165,SELL034,1,0.05,Net Banking,Delivered
ORD000907,2024-02-28,CUST0693,PROD0022,SELL028,1,0.15,Credit Card,Shipped
ORD000908,2024-06-26,CUST1026,PROD0059,SELL020,3,0.0,COD,Shipped
ORD000909,2024-11-25,CUST0310,PROD0087,SELL012,3,0.1,Debit Card,Delivered
ORD000910,2024-09-25,CUST0616,PROD0174,SELL013,2,0.0,COD,Delivered
ORD000911,2024-05-16,CUST0481,PROD0176,SELL071,3,0.2,COD,Returned
ORD000912,2024-09-13,CUST0800,PROD0051,SELL001,1,0.15,UPI,Delivered
ORD000913,2024-09-01,CUST0788,PROD0134,SELL058,1,0.05,Credit Card,Cancelled
ORD000914,2025-01-18,CUST0451,PROD0040,SELL005,2,0.05,Net Banking,Cancelled
ORD000915,2025-02-15,CUST0349,PROD0043,SELL010,3,0.2,Debit Card,Delivered
ORD000916,2025-10-07,CUST0388,PROD0035,SELL014,3,0.0,Credit Card,Cancelled
ORD000917,2025-08-12,CUST0518,PROD0060,SELL034,4,0.2,UPI,Delivered
ORD000918,2024-08-01,CUST0098,PROD0073,SELL054,2,0.1,COD,Delivered
ORD000919,2025-10-21,CUST0755,PROD0175,SELL046,3,0.2,Credit Card,Shipped
ORD000920,2025-01-15,CUST0099,PROD0167,SELL026,2,0.1,COD,Delivered
ORD000921,2024-05-17,CUST0323,PROD0092,SELL040,2,0.15,Net Banking,Delivered
ORD000922,2024-09-05,CUST0421,PROD0119,SELL043,1,0.1,COD,Returned
ORD000923,2025-06-26,CUST1189,PROD0070,SELL079,2,0.15,Net Banking,Returned
ORD000924,2025-08-23,CUST0755,PROD0171,SELL009,1,0.1,Credit Card,Delivered
ORD000925,2024-09-30,CUST0507,PROD0128,SELL013,4,0.05,Credit Card,Delivered
ORD000926,2024-04-25,CUST0192,PROD0178,SELL020,1,0.1,Debit Card,Delivered
ORD000927,2024-05-20,CUST0764,PROD0073,SELL008,2,0.0,Credit Card,Delivered
ORD000928,2024-03-16,CUST0606,PROD0073,SELL064,4,0.15,Net Banking,Shipped
ORD000929,2025-05-25,CUST0940,PROD0059,SELL065,2,0.15,Debit Card,Returned
ORD000930,2025-01-02,CUST1149,PROD0141,SELL069,2,0.15,COD,Shipped
ORD000931,2024-11-25,CUST0886,PROD0057,SELL077,4,0.2,UPI,Returned
ORD000932,2025-05-06,CUST0245,PROD0002,SELL075,4,0.15,Net Banking,Delivered
ORD000933,2025-08-28,CUST0377,PROD0029,SELL017,4,0.15,UPI,Shipped
ORD000934,2025-08-04,CUST0152,PROD0174,SELL061,3,0.0,Debit Card,Shipped
ORD000935,2024-04-10,CUST0669,PROD0020,SELL066,2,0.05,Net Banking,Cancelled
ORD000936,2025-03-07,CUST0867,PROD0110,SELL063,4,0.15,Credit Card,Delivered
ORD000937,2025-10-07,CUST1128,PROD0055,SELL059,3,0.1,COD,Returned
ORD000938,2025-07-19,CUST0339,PROD0150,SELL012,3,0.05,Debit Card,Cancelled
ORD000939,2024-08-28,CUST1144,PROD0142,SELL069,2,0.0,Debit Card,Cancelled
ORD000940,2024-10-14,CUST0012,PROD0125,SELL057,4,0.1,Credit Card,Delivered
ORD000941,2025-10-12,CUST0684,PROD0117,SELL046,3,0.05,COD,Cancelled
ORD000942,2024-01-25,CUST0499,PROD0089,SELL058,4,0.0,COD,Returned
ORD000943,2025-01-19,CUST0231,PROD0009,SELL080,2,0.0,Debit Card,Cancelled
ORD000944,2024-03-25,CUST0125,PROD0064,SELL029,3,0.05,Credit Card,Delivered
ORD000945,2025-10-15,CUST0240,PROD0031,SELL010,3,0.2,COD,Delivered
ORD000946,2024-01-29,CUST1144,PROD0037,SELL048,2,0.1,Debit Card,Delivered
ORD000947,2024-01-18,CUST0240,PROD0022,SELL058,2,0.0,Debit Card,Cancelled
ORD000948,2024-08-28,CUST0500,PROD0037,SELL028,4,0.05,Net Banking,Cancelled
ORD000949,2024-05-26,CUST0170,PROD0063,SELL024,3,0.05,UPI,Delivered
ORD000950,2024-12-28,CUST0113,PROD0075,SELL003,3,0.05,Credit Card,Cancelled
ORD000951,2024-08-06,CUST1176,PROD0121,SELL071,2,0.0,UPI,Shipped
ORD000952,2024-09-17,CUST0144,PROD0021,SELL010,2,0.15,COD,Delivered
ORD000953,2025-02-16,CUST0176,PROD0024,SELL060,3,0.05,Credit Card,Shipped
ORD000954,2025-02-13,CUST1121,PROD0043,SELL016,2,0.1,Net Banking,Delivered
ORD000955,2025-11-14,CUST0831,PROD0042,SELL027,4,0.15,Credit Card,Shipped
ORD000956,2024-12-17,CUST0644,PROD0012,SELL037,3,0.15,Debit Card,Delivered
ORD000957,2025-02-16,CUST0459,PROD0076,SELL018,4,0.05,UPI,Delivered
ORD000958,2025-05-10,CUST0415,PROD0166,SELL020,2,0.15,COD,Delivered
ORD000959,2024-05-07,CUST0788,PROD0158,SELL033,3,0.0,COD,Returned
ORD000960,2025-05-02,CUST0627,PROD0006,SELL071,3,0.1,COD,Cancelled
ORD000961,2025-09-22,CUST0355,PROD0148,SELL018,1,0.0,Net Banking,Returned
ORD000962,2024-08-20,CUST0116,PROD0021,SELL075,1,0.2,Debit Card,Delivered
ORD000963,2024-05-10,CUST0524,PROD0069,SELL075,3,0.2,UPI,Cancelled
ORD000964,2024-09-10,CUST0293,PROD0071,SELL052,4,0.15,Net Banking,Shipped
ORD000965,2024-07-20,CUST0377,PROD0120,SELL012,4,0.05,Debit Card,Returned
ORD000966,2025-03-03,CUST1060,PROD0146,SELL071,1,0.05,Credit Card,Cancelled
ORD000967,2025-09-23,CUST1013,PROD0155,SELL066,1,0.2,COD,Shipped
ORD000968,2025-03-11,CUST0488,PROD0140,SELL013,2,0.2,UPI,Delivered
ORD000969,2024-04-01,CUST0690,PROD0105,SELL045,1,0.2,Debit Card,Delivered
ORD000970,2024-08-18,CUST0281,PROD0023,SELL072,2,0.1,Credit Card,Cancelled
ORD000971,2025-05-18,CUST0981,PROD0080,SELL045,3,0.1,Debit Card,Returned
ORD000972,2024-08-29,CUST0550,PROD0160,SELL045,1,0.0,COD,Cancelled
ORD000973,2025-03-04,CUST0724,PROD0053,SELL032,1,0.1,COD,Delivered
ORD000974,2025-05-22,CUST0835,PROD0043,SELL020,1,0.1,UPI,Returned
ORD000975,2024-08-28,CUST0397,PROD0159,SELL028,1,0.1,Debit Card,Cancelled
ORD000976,2025-04-18,CUST0121,PROD0095,SELL032,3,0.1,Credit Card,Cancelled
ORD000977,2024-10-18,CUST0720,PROD0179,SELL048,2,0.15,Debit Card,Shipped
ORD000978,2024-04-08,CUST0934,PROD0120,SELL003,2,0.15,UPI,Returned
ORD000979,2024-09-29,CUST0595,PROD0035,SELL078,1,0.05,Debit Card,Delivered
ORD000980,2024-11-18,CUST1050,PROD0132,SELL001,1,0.1,Debit Card,Delivered
ORD000981,2024-01-02,CUST1119,PROD0048,SELL015,3,0.0,UPI,Cancelled
ORD000982,2025-10-14,CUST0763,PROD0098,SELL006,1,0.2,Net Banking,Delivered
ORD000983,2025-01-20,CUST1139,PROD0097,SELL067,2,0.15,Debit Card,Delivered
ORD000984,2024-01-27,CUST0043,PROD0083,SELL070,2,0.05,COD,Cancelled
ORD000985,2025-09-26,CUST1144,PROD0161,SELL062,4,0.05,Credit Card,Shipped
ORD000986,2025-09-17,CUST0231,PROD0062,SELL057,2,0.0,Debit Card,Cancelled
ORD000987,2024-01-09,CUST0789,PROD0095,SELL080,4,0.2,UPI,Shipped
ORD000988,2024-04-29,CUST0892,PROD0065,SELL042,1,0.1,Credit Card,Returned
ORD000989,2024-09-22,CUST0060,PROD0026,SELL023,1,0.05,UPI,Cancelled
ORD000990,2025-01-05,CUST1121,PROD0080,SELL052,2,0.1,Net Banking,Delivered
ORD000991,2025-06-14,CUST0680,PROD0169,SELL003,2,0.2,COD,Returned
ORD000992,2024-11-06,CUST0216,PROD0092,SELL038,3,0.1,Debit Card,Delivered
ORD000993,2025-03-23,CUST0051,PROD0092,SELL060,3,0.15,Net Banking,Delivered
ORD000994,2024-01-08,CUST0175,PROD0179,SELL018,1,0.2,Debit Card,Delivered
ORD000995,2025-04-26,CUST0046,PROD0044,SELL019,1,0.15,Credit Card,Delivered
ORD000996,2025-10-31,CUST0679,PROD0037,SELL072,4,0.05,UPI,Delivered
ORD000997,2025-01-19,CUST0737,PROD0023,SELL053,4,0.05,Debit Card,Returned
ORD000998,2024-11-28,CUST0183,PROD0077,SELL039,1,0.2,UPI,Delivered
ORD000999,2024-08-05,CUST0030,PROD0133,SELL079,4,0.1,COD,Delivered
ORD001000,2025-11-28,CUST0960,PROD0152,SELL017,1,0.15,COD,Returned
ORD001001,2024-01-25,CUST0126,PROD0087,SELL037,3,0.05,Net Banking,Delivered
ORD001002,2024-07-28,CUST1103,PROD0109,SELL005,4,0.05,COD,Delivered
ORD001003,2024-04-11,CUST1072,PROD0179,SELL046,2,0.15,Net Banking,Delivered
ORD001004,2025-09-25,CUST0334,PROD0035,SELL002,1,0.15,Credit Card,Shipped
ORD001005,2024-12-18,CUST0325,PROD0081,SELL009,3,0.15,COD,Delivered
ORD001006,2025-11-05,CUST0291,PROD0005,SELL002,3,0.15,Net Banking,Cancelled
ORD001007,2025-05-01,CUST0178,PROD0142,SELL010,4,0.15,Debit Card,Cancelled
ORD001008,2025-02-11,CUST0376,PROD0049,SELL045,1,0.1,COD,Delivered
ORD001009,2025-01-13,CUST0348,PROD0178,SELL073,4,0.0,Net Banking,Delivered
ORD001010,2024-05-28,CUST0605,PROD0001,SELL048,4,0.05,Debit Card,Cancelled
ORD001011,2025-02-14,CUST0668,PROD0174,SELL010,4,0.0,COD,Delivered
ORD001012,2025-05-15,CUST1139,PROD0130,SELL036,1,0.15,UPI,Cancelled
ORD001013,2025-12-06,CUST0093,PROD0175,SELL049,3,0.1,Credit Card,Delivered
ORD001014,2025-02-05,CUST0569,PROD0066,SELL055,3,0.25,COD,Delivered
ORD001015,2025-11-17,CUST0389,PROD0063,SELL029,2,0.15,COD,Returned
ORD001016,2025-11-21,CUST0813,PROD0047,SELL005,2,0.1,Net Banking,Delivered
ORD001017,2025-01-16,CUST0617,PROD0049,SELL046,2,0.05,Credit Card,Returned
ORD001018,2024-11-17,CUST0315,PROD0039,SELL036,4,0.1,UPI,Delivered
ORD001019,2024-04-14,CUST0288,PROD0099,SELL066,3,0.2,COD,Returned
ORD001020,2024-07-15,CUST0318,PROD0022,SELL031,2,0.25,Net Banking,Returned
ORD001021,2025-10-04,CUST0180,PROD0023,SELL073,3,0.15,Debit Card,Delivered
ORD001022,2024-04-11,CUST0587,PROD0159,SELL053,3,0.1,COD,Delivered
ORD001023,2024-10-17,CUST0068,PROD0064,SELL056,2,0.0,COD,Delivered
ORD001024,2025-05-25,CUST0995,PROD0016,SELL048,4,0.0,UPI,Shipped
ORD001025,2024-06-24,CUST0804,PROD0157,SELL066,2,0.0,Net Banking,Delivered
ORD001026,2025-12-13,CUST0260,PROD0097,SELL010,1,0.15,Debit Card,Shipped
ORD001027,2025-04-19,CUST0474,PROD0180,SELL027,3,0.2,UPI,Returned
ORD001028,2024-01-21,CUST0754,PROD0034,SELL060,1,0.1,Credit Card,Returned
ORD001029,2024-06-29,CUST0468,PROD0082,SELL013,1,0.15,COD,Delivered
ORD001030,2025-06-25,CUST1065,PROD0155,SELL019,2,0.2,Credit Card,Returned
ORD001031,2025-09-22,CUST0463,PROD0043,SELL003,3,0.15,Credit Card,Delivered
ORD001032,2025-11-08,CUST0511,PROD0173,SELL068,3,0.1,Credit Card,Delivered
ORD001033,2025-09-14,CUST0910,PROD0055,SELL049,2,0.1,Debit Card,Shipped
ORD001034,2024-02-24,CUST1185,PROD0160,SELL027,2,0.05,UPI,Returned
ORD001035,2025-06-17,CUST0828,PROD0157,SELL042,2,0.1,COD,Delivered
ORD001036,2024-03-21,CUST1070,PROD0029,SELL060,2,0.1,UPI,Cancelled
ORD001037,2024-02-25,CUST0130,PROD0097,SELL055,1,0.1,Credit Card,Delivered
ORD001038,2025-05-20,CUST0294,PROD0037,SELL072,2,0.0,COD,Delivered
ORD001039,2024-12-15,CUST0144,PROD0130,SELL075,1,0.0,Debit Card,Returned
ORD001040,2025-04-18,CUST1118,PROD0151,SELL067,3,0.0,Net Banking,Cancelled
ORD001041,2025-09-14,CUST1171,PROD0068,SELL041,2,0.0,Debit Card,Shipped
ORD001042,2024-02-20,CUST1154,PROD0073,SELL015,4,0.15,Debit Card,Delivered
ORD001043,2025-01-20,CUST1174,PROD0123,SELL028,1,0.0,Net Banking,Delivered
ORD001044,2025-09-01,CUST0175,PROD0036,SELL003,2,0.05,COD,Delivered
ORD001045,2024-11-17,CUST0031,PROD0145,SELL017,3,0.1,Credit Card,Delivered
ORD001046,2025-01-17,CUST0366,PROD0049,SELL074,4,0.1,Net Banking,Cancelled
ORD001047,2024-12-29,CUST0421,PROD0171,SELL003,1,0.15,Net Banking,Returned
ORD001048,2025-10-25,CUST0071,PROD0026,SELL014,3,0.15,UPI,Shipped
ORD001049,2024-02-06,CUST0664,PROD0133,SELL076,1,0.0,Net Banking,Returned
ORD001050,2025-10-03,CUST0591,PROD0004,SELL058,4,0.15,Net Banking,Shipped
ORD001051,2025-08-19,CUST0526,PROD0167,SELL033,2,0.05,Debit Card,Returned
ORD001052,2025-08-16,CUST0584,PROD0012,SELL016,3,0.05,UPI,Delivered
ORD001053,2024-10-28,CUST1035,PROD0138,SELL024,4,0.05,Debit Card,Delivered
ORD001054,2025-01-12,CUST0591,PROD0164,SELL028,4,0.1,Credit Card,Delivered
ORD001055,2024-09-26,CUST0070,PROD0026,SELL054,1,0.15,COD,Delivered
ORD001056,2024-07-03,CUST0043,PROD0177,SELL061,1,0.1,Debit Card,Delivered
ORD001057,2025-10-01,CUST0437,PROD0027,SELL041,3,0.2,COD,Delivered
ORD001058,2025-01-04,CUST0961,PROD0061,SELL054,1,0.1,UPI,Delivered
ORD001059,2025-06-12,CUST0064,PROD0180,SELL080,1,0.0,Net Banking,Delivered
ORD001060,2024-03-14,CUST0653,PROD0107,SELL010,4,0.1,Debit Card,Shipped
ORD001061,2025-07-30,CUST0222,PROD0133,SELL037,3,0.1,Net Banking,Returned
ORD001062,2025-04-26,CUST1121,PROD0149,SELL080,1,0.15,Debit Card,Shipped
ORD001063,2025-12-30,CUST0676,PROD0023,SELL061,1,0.15,Debit Card,Delivered
ORD001064,2024-04-07,CUST0415,PROD0023,SELL077,3,0.0,Net Banking,Cancelled
ORD001065,2025-01-29,CUST0132,PROD0009,SELL031,1,0.05,Net Banking,Cancelled
ORD001066,2025-01-08,CUST0841,PROD0056,SELL066,1,0.05,Debit Card,Returned
ORD001067,2025-01-28,CUST0485,PROD0153,SELL053,1,0.25,UPI,Delivered
ORD001068,2024-02-09,CUST0613,PROD0127,SELL037,1,0.15,Debit Card,Delivered
ORD001069,2024-12-11,CUST0477,PROD0080,SELL019,3,0.2,Net Banking,Delivered
ORD001070,2024-08-06,CUST0498,PROD0085,SELL037,2,0.2,UPI,Returned
ORD001071,2025-03-27,CUST0028,PROD0011,SELL056,1,0.15,UPI,Delivered
ORD001072,2024-06-18,CUST0343,PROD0015,SELL008,3,0.05,COD,Cancelled
ORD001073,2024-11-14,CUST0561,PROD0015,SELL056,1,0.25,UPI,Delivered
ORD001074,2025-03-29,CUST1020,PROD0053,SELL012,2,0.0,UPI,Delivered
ORD001075,2024-02-16,CUST0601,PROD0011,SELL075,2,0.05,Net Banking,Shipped
ORD001076,2025-07-29,CUST0557,PROD0117,SELL013,4,0.0,UPI,Returned
ORD001077,2025-06-07,CUST0716,PROD0020,SELL003,2,0.05,UPI,Returned
ORD001078,2024-02-11,CUST0092,PROD0111,SELL059,4,0.05,Net Banking,Delivered
ORD001079,2024-02-17,CUST0220,PROD0132,SELL003,2,0.1,Credit Card,Returned
ORD001080,2025-09-13,CUST1045,PROD0179,SELL038,4,0.0,Credit Card,Delivered
ORD001081,2024-07-26,CUST0994,PROD0176,SELL012,1,0.1,COD,Returned
ORD001082,2025-09-21,CUST0496,PROD0147,SELL027,2,0.1,Net Banking,Cancelled
ORD001083,2024-12-30,CUST0644,PROD0004,SELL057,4,0.15,COD,Returned
ORD001084,2024-09-07,CUST0593,PROD0135,SELL053,2,0.15,UPI,Delivered
ORD001085,2024-07-18,CUST1124,PROD0160,SELL049,3,0.15,Credit Card,Cancelled
ORD001086,2025-04-26,CUST0666,PROD0118,SELL071,3,0.15,COD,Delivered
ORD001087,2024-03-21,CUST0699,PROD0149,SELL005,2,0.15,Credit Card,Shipped
ORD001088,2024-10-21,CUST0216,PROD0008,SELL008,3,0.1,Credit Card,Returned
ORD001089,2024-09-09,CUST0808,PROD0134,SELL037,3,0.15,COD,Shipped
ORD001090,2024-04-22,CUST0133,PROD0121,SELL031,3,0.05,UPI,Delivered
ORD001091,2024-09-14,CUST0158,PROD0113,SELL027,2,0.25,UPI,Delivered
ORD001092,2025-01-21,CUST0359,PROD0132,SELL052,4,0.25,COD,Delivered
ORD001093,2025-05-10,CUST1057,PROD0092,SELL045,1,0.15,UPI,Cancelled
ORD001094,2024-03-04,CUST0488,PROD0091,SELL001,1,0.15,UPI,Delivered
ORD001095,2025-09-29,CUST0558,PROD0063,SELL037,3,0.0,Net Banking,Returned
ORD001096,2025-10-04,CUST0434,PROD0031,SELL051,1,0.05,COD,Cancelled
ORD001097,2025-05-20,CUST0239,PROD0121,SELL008,3,0.15,Credit Card,Returned
ORD001098,2025-11-06,CUST0513,PROD0026,SELL079,4,0.05,Debit Card,Cancelled
ORD001099,2024-11-08,CUST1072,PROD0118,SELL055,1,0.15,Net Banking,Shipped
ORD001100,2025-08-23,CUST0636,PROD0110,SELL066,4,0.05,Credit Card,Delivered
ORD001101,2025-06-15,CUST0374,PROD0054,SELL002,1,0.25,COD,Delivered
ORD001102,2025-02-15,CUST1168,PROD0048,SELL054,3,0.2,Net Banking,Delivered
ORD001103,2024-05-11,CUST0682,PROD0172,SELL070,4,0.15,Credit Card,Cancelled
ORD001104,2025-02-11,CUST0786,PROD0061,SELL022,1,0.0,COD,Shipped
ORD001105,2025-10-20,CUST0522,PROD0144,SELL028,1,0.1,Debit Card,Delivered
ORD001106,2025-12-20,CUST0787,PROD0145,SELL038,4,0.25,Net Banking,Delivered
ORD001107,2024-11-23,CUST0745,PROD0035,SELL053,1,0.2,UPI,Shipped
ORD001108,2024-06-30,CUST0182,PROD0109,SELL046,2,0.1,Debit Card,Delivered
ORD001109,2025-06-30,CUST0016,PROD0086,SELL048,4,0.0,COD,Delivered
ORD001110,2024-02-25,CUST0387,PROD0139,SELL077,2,0.15,UPI,Cancelled
ORD001111,2024-04-20,CUST0236,PROD0014,SELL070,1,0.15,Net Banking,Cancelled
ORD001112,2025-02-14,CUST0792,PROD0040,SELL011,3,0.2,COD,Delivered
ORD001113,2025-12-24,CUST0080,PROD0178,SELL064,3,0.05,Credit Card,Shipped
ORD001114,2024-08-28,CUST0548,PROD0076,SELL024,2,0.1,COD,Delivered
ORD001115,2024-11-20,CUST0136,PROD0178,SELL073,4,0.15,UPI,Delivered
ORD001116,2024-08-23,CUST0139,PROD0155,SELL024,1,0.0,UPI,Shipped
ORD001117,2024-11-18,CUST0189,PROD0137,SELL074,4,0.15,Debit Card,Delivered
ORD001118,2024-01-06,CUST0738,PROD0040,SELL074,3,0.15,Net Banking,Shipped
ORD001119,2025-03-10,CUST0879,PROD0134,SELL063,3,0.15,Credit Card,Delivered
ORD001120,2025-03-11,CUST0256,PROD0062,SELL023,1,0.1,UPI,Delivered
ORD001121,2024-08-18,CUST0204,PROD0110,SELL069,1,0.05,Net Banking,Delivered
ORD001122,2024-07-12,CUST0455,PROD0095,SELL068,1,0.1,COD,Delivered
ORD001123,2025-07-10,CUST0809,PROD0002,SELL047,3,0.0,Credit Card,Shipped
ORD001124,2024-05-17,CUST0044,PROD0125,SELL061,3,0.2,Net Banking,Cancelled
ORD001125,2024-02-04,CUST0247,PROD0148,SELL080,3,0.15,Net Banking,Delivered
ORD001126,2024-01-30,CUST0312,PROD0032,SELL028,2,0.05,UPI,Returned
ORD001127,2025-10-06,CUST0791,PROD0060,SELL022,2,0.05,Net Banking,Shipped
ORD001128,2024-09-23,CUST0595,PROD0175,SELL028,4,0.15,Net Banking,Delivered
ORD001129,2024-03-15,CUST0928,PROD0096,SELL067,1,0.0,Net Banking,Cancelled
ORD001130,2025-10-04,CUST0166,PROD0006,SELL039,2,0.1,COD,Shipped
ORD001131,2024-04-18,CUST0271,PROD0001,SELL015,2,0.1,Debit Card,Delivered
ORD001132,2024-09-03,CUST0091,PROD0085,SELL004,2,0.0,Debit Card,Delivered
ORD001133,2024-01-16,CUST0140,PROD0085,SELL032,1,0.15,COD,Delivered
ORD001134,2025-05-11,CUST0885,PROD0025,SELL074,2,0.05,COD,Shipped
ORD001135,2025-05-26,CUST1058,PROD0018,SELL076,2,0.05,Credit Card,Delivered
ORD001136,2025-07-07,CUST0463,PROD0109,SELL064,4,0.25,Credit Card,Delivered
ORD001137,2024-07-11,CUST0543,PROD0077,SELL011,2,0.25,Credit Card,Delivered
ORD001138,2024-08-27,CUST0214,PROD0039,SELL032,4,0.25,Credit Card,Returned
ORD001139,2025-11-16,CUST0418,PROD0163,SELL041,3,0.15,Credit Card,Delivered
ORD001140,2025-08-23,CUST0397,PROD0120,SELL070,2,0.05,UPI,Returned
ORD001141,2024-01-28,CUST0935,PROD0026,SELL017,1,0.1,Net Banking,Delivered
ORD001142,2025-05-20,CUST0485,PROD0022,SELL017,2,0.2,UPI,Shipped
ORD001143,2025-08-17,CUST1062,PROD0036,SELL034,1,0.1,Debit Card,Cancelled
ORD001144,2025-02-12,CUST0445,PROD0028,SELL021,3,0.05,Credit Card,Returned
ORD001145,2025-04-12,CUST0162,PROD0086,SELL006,4,0.1,Credit Card,Delivered
ORD001146,2024-01-01,CUST0066,PROD0051,SELL012,2,0.1,COD,Returned
ORD001147,2024-01-22,CUST0814,PROD0052,SELL016,1,0.05,Debit Card,Delivered
ORD001148,2024-01-26,CUST0177,PROD0096,SELL069,1,0.15,Debit Card,Returned
ORD001149,2024-04-26,CUST0062,PROD0127,SELL076,1,0.1,Credit Card,Delivered
ORD001150,2025-12-25,CUST0545,PROD0010,SELL028,3,0.15,Net Banking,Delivered
ORD001151,2025-04-08,CUST0420,PROD0071,SELL044,1,0.05,UPI,Shipped
ORD001152,2025-07-25,CUST0474,PROD0156,SELL049,4,0.05,UPI,Shipped
ORD001153,2024-08-04,CUST0628,PROD0019,SELL002,4,0.05,Debit Card,Delivered
ORD001154,2025-11-16,CUST0989,PROD0094,SELL078,2,0.15,Credit Card,Cancelled
ORD001155,2024-05-25,CUST0315,PROD0054,SELL042,2,0.0,Debit Card,Shipped
ORD001156,2025-10-21,CUST0996,PROD0166,SELL050,2,0.1,COD,Shipped
ORD001157,2024-01-23,CUST0153,PROD0005,SELL015,3,0.0,Debit Card,Delivered
ORD001158,2024-01-15,CUST0327,PROD0077,SELL023,4,0.1,COD,Returned
ORD001159,2024-02-27,CUST0901,PROD0065,SELL027,3,0.05,Net Banking,Delivered
ORD001160,2025-08-01,CUST0409,PROD0054,SELL048,1,0.1,Credit Card,Shipped
ORD001161,2024-07-07,CUST0732,PROD0105,SELL069,4,0.1,COD,Cancelled
ORD001162,2024-11-25,CUST0314,PROD0176,SELL067,1,0.15,UPI,Cancelled
ORD001163,2024-12-10,CUST0727,PROD0023,SELL070,3,0.15,UPI,Delivered
ORD001164,2025-07-31,CUST0244,PROD0067,SELL079,4,0.1,Credit Card,Delivered
ORD001165,2024-09-11,CUST0898,PROD0029,SELL006,4,0.05,Net Banking,Shipped
ORD001166,2024-01-05,CUST0131,PROD0018,SELL069,4,0.0,COD,Delivered
ORD001167,2024-10-09,CUST0116,PROD0124,SELL052,4,0.25,COD,Shipped
ORD001168,2024-07-29,CUST0391,PROD0021,SELL021,2,0.0,Debit Card,Delivered
ORD001169,2025-06-18,CUST0073,PROD0011,SELL025,4,0.2,UPI,Shipped
ORD001170,2025-07-03,CUST0636,PROD0073,SELL014,4,0.2,Debit Card,Delivered
ORD001171,2024-03-08,CUST0027,PROD0020,SELL052,1,0.15,COD,Delivered
ORD001172,2025-08-02,CUST0803,PROD0053,SELL077,3,0.1,UPI,Delivered
ORD001173,2024-02-21,CUST0465,PROD0049,SELL080,4,0.05,UPI,Delivered
ORD001174,2025-03-29,CUST1151,PROD0068,SELL015,3,0.1,Net Banking,Shipped
ORD001175,2024-10-11,CUST0494,PROD0150,SELL004,4,0.2,COD,Delivered
ORD001176,2024-08-08,CUST0446,PROD0032,SELL027,2,0.15,Debit Card,Delivered
ORD001177,2024-12-19,CUST0628,PROD0127,SELL076,4,0.1,Debit Card,Delivered
ORD001178,2024-08-14,CUST0790,PROD0168,SELL017,3,0.0,Debit Card,Cancelled
ORD001179,2025-08-03,CUST0772,PROD0097,SELL072,1,0.15,Credit Card,Returned
ORD001180,2025-12-07,CUST0389,PROD0180,SELL036,4,0.05,Debit Card,Cancelled
ORD001181,2025-08-19,CUST0742,PROD0175,SELL015,1,0.1,COD,Delivered
ORD001182,2024-11-17,CUST0240,PROD0020,SELL063,3,0.0,Net Banking,Returned
ORD001183,2025-01-02,CUST0475,PROD0167,SELL049,2,0.2,Credit Card,Delivered
ORD001184,2024-11-22,CUST0738,PROD0043,SELL024,3,0.2,UPI,Delivered
ORD001185,2025-08-03,CUST0098,PROD0147,SELL033,4,0.0,Debit Card,Shipped
ORD001186,2025-02-07,CUST0734,PROD0060,SELL049,3,0.15,Net Banking,Delivered
ORD001187,2024-12-08,CUST0057,PROD0174,SELL024,3,0.15,COD,Cancelled
ORD001188,2024-10-26,CUST1072,PROD0018,SELL043,2,0.0,Net Banking,Delivered
ORD001189,2024-10-01,CUST1132,PROD0052,SELL069,1,0.15,COD,Delivered
ORD001190,2025-02-08,CUST0009,PROD0009,SELL015,2,0.2,UPI,Cancelled
ORD001191,2025-05-18,CUST0157,PROD0015,SELL026,3,0.1,UPI,Delivered
ORD001192,2024-11-12,CUST0277,PROD0011,SELL013,4,0.15,Debit Card,Returned
ORD001193,2025-08-12,CUST0118,PROD0158,SELL080,2,0.15,COD,Delivered
ORD001194,2025-08-27,CUST0204,PROD0004,SELL007,2,0.05,UPI,Cancelled
ORD001195,2024-11-09,CUST1145,PROD0107,SELL026,2,0.1,UPI,Delivered
ORD001196,2025-10-26,CUST0733,PROD0169,SELL005,3,0.2,Credit Card,Delivered
ORD001197,2024-05-06,CUST0939,PROD0178,SELL045,2,0.1,Net Banking,Cancelled
ORD001198,2025-11-12,CUST0751,PROD0068,SELL004,3,0.2,Net Banking,Delivered
ORD001199,2024-08-02,CUST0250,PROD0104,SELL013,1,0.1,Net Banking,Shipped
ORD001200,2025-02-16,CUST0589,PROD0123,SELL050,2,0.1,UPI,Returned
ORD001201,2024-07-26,CUST0213,PROD0020,SELL017,1,0.0,Debit Card,Delivered
ORD001202,2024-11-19,CUST0391,PROD0029,SELL078,1,0.1,COD,Returned
ORD001203,2024-09-05,CUST0472,PROD0059,SELL011,2,0.0,Debit Card,Cancelled
ORD001204,2025-05-30,CUST0133,PROD0026,SELL045,1,0.05,COD,Delivered
ORD001205,2024-02-29,CUST0193,PROD0060,SELL054,2,0.05,UPI,Delivered
ORD001206,2025-09-04,CUST1045,PROD0010,SELL022,2,0.0,Credit Card,Cancelled
ORD001207,2025-10-22,CUST0148,PROD0143,SELL002,4,0.0,Credit Card,Cancelled
ORD001208,2025-02-15,CUST1133,PROD0172,SELL044,1,0.05,Debit Card,Shipped
ORD001209,2025-02-04,CUST1176,PROD0064,SELL042,2,0.15,UPI,Delivered
ORD001210,2025-05-26,CUST0770,PROD0022,SELL074,2,0.15,UPI,Delivered
ORD001211,2024-05-25,CUST0630,PROD0115,SELL003,1,0.15,Debit Card,Cancelled
ORD001212,2025-07-02,CUST1018,PROD0018,SELL017,4,0.1,Debit Card,Returned
ORD001213,2024-06-08,CUST0023,PROD0140,SELL007,4,0.15,Credit Card,Delivered
ORD001214,2025-05-09,CUST0522,PROD0071,SELL051,4,0.2,Net Banking,Delivered
ORD001215,2024-08-11,CUST0613,PROD0122,SELL031,2,0.2,Debit Card,Delivered
ORD001216,2025-06-29,CUST0653,PROD0179,SELL052,3,0.15,Debit Card,Shipped
ORD001217,2025-08-01,CUST0664,PROD0153,SELL062,4,0.2,Credit Card,Returned
ORD001218,2024-06-01,CUST0203,PROD0140,SELL056,3,0.15,Credit Card,Cancelled
ORD001219,2025-03-27,CUST1069,PROD0100,SELL063,1,0.05,Net Banking,Delivered
ORD001220,2024-12-30,CUST1128,PROD0155,SELL032,2,0.05,Credit Card,Delivered
ORD001221,2024-08-02,CUST0548,PROD0114,SELL017,3,0.05,COD,Delivered
ORD001222,2025-03-06,CUST0787,PROD0053,SELL030,3,0.15,COD,Delivered
ORD001223,2025-12-26,CUST0404,PROD0158,SELL056,2,0.25,COD,Shipped
ORD001224,2024-01-02,CUST0728,PROD0058,SELL066,3,0.2,COD,Returned
ORD001225,2025-11-30,CUST0521,PROD0045,SELL047,4,0.0,Credit Card,Delivered
ORD001226,2025-09-17,CUST0480,PROD0042,SELL021,4,0.15,UPI,Cancelled
ORD001227,2025-01-21,CUST1008,PROD0048,SELL041,3,0.1,COD,Cancelled
ORD001228,2025-03-21,CUST0180,PROD0045,SELL024,3,0.1,Net Banking,Cancelled
ORD001229,2024-09-26,CUST0315,PROD0122,SELL023,3,0.05,Debit Card,Cancelled
ORD001230,2024-04-04,CUST0059,PROD0046,SELL062,2,0.0,Debit Card,Delivered
ORD001231,2025-02-21,CUST0381,PROD0023,SELL058,4,0.0,Credit Card,Delivered
ORD001232,2025-08-19,CUST0713,PROD0125,SELL033,1,0.0,COD,Delivered
ORD001233,2024-06-17,CUST0731,PROD0013,SELL030,4,0.0,Debit Card,Returned
ORD001234,2025-06-08,CUST0832,PROD0168,SELL029,3,0.1,Net Banking,Returned
ORD001235,2025-06-30,CUST0603,PROD0136,SELL040,4,0.05,Net Banking,Delivered
ORD001236,2025-07-08,CUST1196,PROD0043,SELL003,4,0.05,Net Banking,Delivered
ORD001237,2024-09-05,CUST0115,PROD0022,SELL064,3,0.05,Debit Card,Cancelled
ORD001238,2024-10-13,CUST0495,PROD0066,SELL007,1,0.05,UPI,Shipped
ORD001239,2024-10-31,CUST0513,PROD0179,SELL065,4,0.15,Debit Card,Delivered
ORD001240,2025-09-16,CUST0969,PROD0173,SELL059,2,0.1,Credit Card,Delivered
ORD001241,2025-10-20,CUST0136,PROD0157,SELL073,3,0.15,Debit Card,Delivered
ORD001242,2024-10-29,CUST0896,PROD0092,SELL031,1,0.15,COD,Shipped
ORD001243,2025-12-10,CUST1053,PROD0064,SELL026,1,0.1,Credit Card,Cancelled
ORD001244,2025-02-21,CUST0323,PROD0109,SELL059,2,0.05,Credit Card,Delivered
ORD001245,2024-10-08,CUST1096,PROD0025,SELL077,2,0.1,Net Banking,Delivered
ORD001246,2024-01-01,CUST0543,PROD0019,SELL016,4,0.1,Credit Card,Shipped
ORD001247,2025-03-22,CUST0189,PROD0034,SELL049,1,0.15,Net Banking,Delivered
ORD001248,2025-04-16,CUST0163,PROD0124,SELL066,4,0.05,Credit Card,Delivered
ORD001249,2025-12-08,CUST1074,PROD0084,SELL053,4,0.1,COD,Delivered
ORD001250,2025-06-08,CUST0207,PROD0106,SELL077,2,0.15,COD,Delivered
ORD001251,2024-01-22,CUST0834,PROD0036,SELL068,1,0.1,COD,Returned
ORD001252,2025-02-18,CUST0605,PROD0095,SELL001,3,0.25,Net Banking,Cancelled
ORD001253,2025-06-26,CUST0836,PROD0063,SELL073,1,0.2,Net Banking,Cancelled
ORD001254,2024-12-28,CUST1065,PROD0076,SELL051,2,0.0,Debit Card,Delivered
ORD001255,2024-11-09,CUST0467,PROD0085,SELL038,2,0.1,Credit Card,Delivered
ORD001256,2025-08-15,CUST0401,PROD0117,SELL006,3,0.15,Credit Card,Cancelled
ORD001257,2025-03-22,CUST0065,PROD0171,SELL008,4,0.1,Credit Card,Cancelled
ORD001258,2025-05-13,CUST0548,PROD0180,SELL061,2,0.15,UPI,Delivered
ORD001259,2024-12-05,CUST1049,PROD0032,SELL030,1,0.25,Debit Card,Delivered
ORD001260,2024-07-22,CUST0080,PROD0136,SELL024,3,0.05,Net Banking,Delivered
ORD001261,2025-01-14,CUST0907,PROD0111,SELL035,3,0.1,Net Banking,Returned
ORD001262,2025-12-02,CUST0801,PROD0140,SELL001,3,0.1,COD,Cancelled
ORD001263,2025-03-16,CUST0847,PROD0035,SELL026,3,0.2,Credit Card,Shipped
ORD001264,2025-06-01,CUST0699,PROD0010,SELL071,2,0.15,Credit Card,Delivered
ORD001265,2024-03-31,CUST1023,PROD0087,SELL040,2,0.15,Net Banking,Shipped
ORD001266,2025-12-23,CUST0923,PROD0141,SELL036,2,0.15,COD,Cancelled
ORD001267,2024-06-27,CUST0070,PROD0003,SELL035,4,0.15,UPI,Returned
ORD001268,2025-12-10,CUST1138,PROD0160,SELL068,2,0.2,Debit Card,Delivered
ORD001269,2024-11-21,CUST1081,PROD0174,SELL042,4,0.25,Debit Card,Delivered
ORD001270,2025-11-02,CUST0273,PROD0148,SELL019,2,0.15,UPI,Shipped
ORD001271,2025-10-13,CUST1116,PROD0059,SELL048,1,0.2,Credit Card,Delivered
ORD001272,2025-07-06,CUST1009,PROD0111,SELL046,4,0.1,Debit Card,Delivered
ORD001273,2025-10-31,CUST0273,PROD0013,SELL020,4,0.15,COD,Delivered
ORD001274,2025-03-21,CUST0029,PROD0057,SELL021,2,0.0,Net Banking,Shipped
ORD001275,2025-09-12,CUST0314,PROD0029,SELL037,4,0.25,Net Banking,Delivered
ORD001276,2024-05-05,CUST0720,PROD0173,SELL013,2,0.15,Debit Card,Delivered
ORD001277,2024-02-21,CUST1173,PROD0049,SELL062,2,0.0,Net Banking,Delivered
ORD001278,2025-02-01,CUST1006,PROD0147,SELL052,1,0.15,UPI,Delivered
ORD001279,2025-08-14,CUST0670,PROD0005,SELL068,2,0.1,COD,Returned
ORD001280,2025-07-13,CUST0330,PROD0110,SELL063,2,0.05,Credit Card,Delivered
ORD001281,2025-01-20,CUST0693,PROD0049,SELL078,3,0.15,COD,Shipped
ORD001282,2025-01-15,CUST0048,PROD0042,SELL068,4,0.2,Net Banking,Cancelled
ORD001283,2025-03-21,CUST1152,PROD0167,SELL032,3,0.2,Credit Card,Delivered
ORD001284,2025-09-26,CUST0945,PROD0107,SELL059,4,0.15,Credit Card,Cancelled
ORD001285,2025-09-07,CUST0454,PROD0165,SELL050,2,0.1,Net Banking,Delivered
ORD001286,2024-03-21,CUST0842,PROD0139,SELL007,1,0.15,COD,Shipped
ORD001287,2025-03-11,CUST0670,PROD0060,SELL080,2,0.1,Debit Card,Shipped
ORD001288,2024-10-05,CUST0878,PROD0094,SELL002,4,0.1,Debit Card,Delivered
ORD001289,2025-08-07,CUST0287,PROD0044,SELL071,2,0.1,Debit Card,Cancelled
ORD001290,2025-01-04,CUST1095,PROD0121,SELL063,2,0.2,COD,Delivered
ORD001291,2025-12-25,CUST0663,PROD0020,SELL041,4,0.15,Net Banking,Cancelled
ORD001292,2024-11-12,CUST0978,PROD0177,SELL028,2,0.25,Net Banking,Returned
ORD001293,2025-05-11,CUST0517,PROD0142,SELL012,1,0.05,Net Banking,Delivered
ORD001294,2024-03-20,CUST1142,PROD0087,SELL044,4,0.1,UPI,Delivered
ORD001295,2025-11-12,CUST0622,PROD0179,SELL029,2,0.0,UPI,Shipped
ORD001296,2024-04-22,CUST0184,PROD0070,SELL075,1,0.15,COD,Cancelled
ORD001297,2024-10-03,CUST0525,PROD0102,SELL024,3,0.25,Debit Card,Delivered
ORD001298,2025-09-04,CUST0775,PROD0043,SELL045,3,0.15,Debit Card,Delivered
ORD001299,2025-12-08,CUST0596,PROD0136,SELL003,3,0.1,COD,Delivered
ORD001300,2024-12-20,CUST0325,PROD0179,SELL043,2,0.1,Credit Card,Delivered
ORD001301,2024-12-20,CUST0600,PROD0103,SELL021,1,0.05,COD,Cancelled
ORD001302,2024-02-05,CUST0849,PROD0154,SELL033,2,0.0,UPI,Delivered
ORD001303,2025-12-16,CUST0597,PROD0063,SELL024,1,0.1,Credit Card,Delivered
ORD001304,2024-01-13,CUST1121,PROD0069,SELL080,3,0.0,COD,Cancelled
ORD001305,2024-01-20,CUST0953,PROD0053,SELL004,2,0.2,Credit Card,Cancelled
ORD001306,2024-12-12,CUST0111,PROD0175,SELL039,1,0.2,Net Banking,Cancelled
ORD001307,2024-01-03,CUST1036,PROD0091,SELL014,2,0.15,COD,Cancelled
ORD001308,2024-04-30,CUST0462,PROD0032,SELL013,3,0.25,Credit Card,Delivered
ORD001309,2025-04-03,CUST0596,PROD0091,SELL037,1,0.1,UPI,Delivered
ORD001310,2025-05-30,CUST1031,PROD0095,SELL044,1,0.15,COD,Delivered
ORD001311,2024-08-05,CUST0572,PROD0162,SELL012,2,0.1,Credit Card,Delivered
ORD001312,2025-08-04,CUST0770,PROD0059,SELL040,4,0.05,Credit Card,Delivered
ORD001313,2025-03-20,CUST1083,PROD0061,SELL033,2,0.2,Net Banking,Delivered
ORD001314,2024-06-15,CUST1017,PROD0043,SELL044,3,0.15,Credit Card,Cancelled
ORD001315,2025-06-04,CUST0717,PROD0083,SELL038,4,0.05,Debit Card,Shipped
ORD001316,2025-03-08,CUST0608,PROD0063,SELL003,1,0.15,Debit Card,Delivered
ORD001317,2025-08-16,CUST0683,PROD0073,SELL069,4,0.1,Net Banking,Delivered
ORD001318,2024-04-22,CUST0778,PROD0141,SELL005,4,0.05,Credit Card,Delivered
ORD001319,2024-06-17,CUST1092,PROD0054,SELL074,1,0.1,Debit Card,Returned
ORD001320,2024-08-09,CUST0893,PROD0108,SELL055,4,0.15,Net Banking,Shipped
ORD001321,2024-09-06,CUST0598,PROD0027,SELL041,3,0.2,Debit Card,Cancelled
ORD001322,2025-10-11,CUST0123,PROD0162,SELL052,2,0.1,Debit Card,Cancelled
ORD001323,2025-06-19,CUST0653,PROD0044,SELL062,4,0.2,COD,Delivered
ORD001324,2025-02-01,CUST0740,PROD0155,SELL044,3,0.05,Credit Card,Delivered
ORD001325,2025-01-30,CUST0659,PROD0153,SELL059,4,0.1,UPI,Delivered
ORD001326,2025-10-09,CUST0585,PROD0015,SELL060,4,0.1,COD,Returned
ORD001327,2024-11-22,CUST1106,PROD0029,SELL044,1,0.05,Credit Card,Delivered
ORD001328,2024-06-13,CUST0886,PROD0147,SELL074,4,0.0,Debit Card,Delivered
ORD001329,2024-04-10,CUST0865,PROD0062,SELL037,4,0.2,Debit Card,Delivered
ORD001330,2024-08-29,CUST0229,PROD0095,SELL019,2,0.2,Credit Card,Delivered
ORD001331,2025-04-22,CUST0647,PROD0103,SELL051,4,0.2,Debit Card,Delivered
ORD001332,2024-12-10,CUST1059,PROD0034,SELL016,1,0.15,Net Banking,Delivered
ORD001333,2024-11-04,CUST0059,PROD0021,SELL077,1,0.15,Credit Card,Cancelled
ORD001334,2024-12-16,CUST0104,PROD0178,SELL075,2,0.05,COD,Delivered
ORD001335,2025-12-13,CUST1054,PROD0101,SELL009,3,0.15,UPI,Shipped
ORD001336,2025-12-30,CUST0514,PROD0066,SELL043,2,0.2,Net Banking,Delivered
ORD001337,2024-04-27,CUST0509,PROD0007,SELL049,4,0.0,COD,Returned
ORD001338,2024-03-24,CUST0930,PROD0155,SELL016,2,0.2,COD,Cancelled
ORD001339,2024-06-27,CUST0955,PROD0071,SELL048,1,0.05,Credit Card,Delivered
ORD001340,2025-09-14,CUST1134,PROD0098,SELL053,3,0.15,UPI,Shipped
ORD001341,2024-12-01,CUST0068,PROD0063,SELL017,1,0.15,COD,Shipped
ORD001342,2025-09-23,CUST0395,PROD0126,SELL026,3,0.1,Credit Card,Delivered
ORD001343,2025-04-17,CUST0006,PROD0052,SELL004,2,0.15,COD,Delivered
ORD001344,2025-02-08,CUST0851,PROD0178,SELL045,1,0.2,Net Banking,Returned
ORD001345,2024-07-24,CUST0003,PROD0146,SELL065,2,0.1,Net Banking,Returned
ORD001346,2024-09-08,CUST0649,PROD0176,SELL023,3,0.05,UPI,Returned
ORD001347,2024-04-17,CUST0831,PROD0073,SELL074,3,0.2,Net Banking,Delivered
ORD001348,2025-01-14,CUST0758,PROD0061,SELL017,3,0.2,Net Banking,Shipped
ORD001349,2024-07-23,CUST1059,PROD0101,SELL009,4,0.1,Debit Card,Shipped
ORD001350,2024-08-01,CUST0826,PROD0153,SELL049,1,0.15,Credit Card,Returned
ORD001351,2024-01-29,CUST0541,PROD0172,SELL016,1,0.15,Debit Card,Delivered
ORD001352,2025-08-07,CUST0639,PROD0180,SELL078,1,0.1,UPI,Delivered
ORD001353,2025-11-17,CUST0408,PROD0083,SELL017,2,0.2,Credit Card,Delivered
ORD001354,2024-12-30,CUST0719,PROD0071,SELL023,4,0.1,Net Banking,Delivered
ORD001355,2025-01-26,CUST0164,PROD0085,SELL014,2,0.0,Credit Card,Delivered
ORD001356,2025-11-07,CUST1149,PROD0090,SELL061,3,0.15,COD,Cancelled
ORD001357,2025-01-08,CUST1118,PROD0067,SELL044,2,0.05,Net Banking,Delivered
ORD001358,2025-03-31,CUST0508,PROD0145,SELL076,2,0.0,UPI,Returned
ORD001359,2024-11-08,CUST0972,PROD0044,SELL017,2,0.25,UPI,Delivered
ORD001360,2025-01-10,CUST0740,PROD0052,SELL027,3,0.15,Credit Card,Cancelled
ORD001361,2025-01-16,CUST0694,PROD0034,SELL075,3,0.2,COD,Delivered
ORD001362,2025-06-03,CUST0552,PROD0175,SELL059,3,0.05,UPI,Delivered
ORD001363,2025-03-17,CUST1160,PROD0141,SELL078,1,0.05,Debit Card,Delivered
ORD001364,2025-01-03,CUST0093,PROD0155,SELL052,1,0.0,UPI,Delivered
ORD001365,2024-02-25,CUST0516,PROD0075,SELL044,4,0.05,Credit Card,Shipped
ORD001366,2025-10-23,CUST0721,PROD0022,SELL058,2,0.1,COD,Delivered
ORD001367,2025-10-11,CUST0411,PROD0077,SELL074,2,0.0,Net Banking,Delivered
ORD001368,2024-05-14,CUST1173,PROD0161,SELL005,4,0.0,Debit Card,Delivered
ORD001369,2024-08-02,CUST0688,PROD0107,SELL071,1,0.2,Debit Card,Cancelled
ORD001370,2025-12-12,CUST0175,PROD0095,SELL042,4,0.0,Credit Card,Delivered
ORD001371,2024-08-22,CUST0191,PROD0114,SELL075,1,0.25,Credit Card,Delivered
ORD001372,2025-08-16,CUST0312,PROD0079,SELL041,4,0.2,Net Banking,Delivered
ORD001373,2025-07-28,CUST1120,PROD0174,SELL053,4,0.15,COD,Shipped
ORD001374,2025-09-21,CUST1111,PROD0151,SELL051,1,0.0,Credit Card,Cancelled
ORD001375,2024-01-12,CUST0341,PROD0149,SELL014,3,0.2,Credit Card,Delivered
ORD001376,2024-12-19,CUST0665,PROD0171,SELL065,2,0.15,UPI,Cancelled
ORD001377,2025-02-17,CUST0059,PROD0175,SELL029,3,0.1,Credit Card,Delivered
ORD001378,2025-09-03,CUST0401,PROD0176,SELL069,1,0.15,Credit Card,Returned
ORD001379,2024-06-13,CUST0535,PROD0125,SELL048,4,0.15,COD,Shipped
ORD001380,2024-08-12,CUST0789,PROD0106,SELL056,1,0.05,Debit Card,Delivered
ORD001381,2024-05-11,CUST0152,PROD0048,SELL055,2,0.2,Debit Card,Delivered
ORD001382,2025-07-10,CUST1116,PROD0041,SELL020,4,0.05,Debit Card,Returned
ORD001383,2025-12-31,CUST0455,PROD0121,SELL019,3,0.05,UPI,Delivered
ORD001384,2024-04-12,CUST0113,PROD0002,SELL076,4,0.0,Credit Card,Shipped
ORD001385,2024-06-19,CUST1030,PROD0143,SELL021,3,0.1,COD,Delivered
ORD001386,2024-08-12,CUST1108,PROD0034,SELL059,3,0.1,Net Banking,Delivered
ORD001387,2025-10-11,CUST0259,PROD0179,SELL065,2,0.0,UPI,Delivered
ORD001388,2024-11-21,CUST0479,PROD0147,SELL022,3,0.05,Debit Card,Returned
ORD001389,2024-07-25,CUST0967,PROD0089,SELL011,4,0.0,Debit Card,Shipped
ORD001390,2024-08-23,CUST0177,PROD0147,SELL061,3,0.1,Debit Card,Shipped
ORD001391,2025-03-13,CUST0257,PROD0046,SELL073,3,0.0,UPI,Returned
ORD001392,2024-10-09,CUST0738,PROD0040,SELL070,2,0.15,Debit Card,Cancelled
ORD001393,2024-04-12,CUST0746,PROD0041,SELL001,3,0.15,Net Banking,Delivered
ORD001394,2025-08-22,CUST0097,PROD0079,SELL043,3,0.15,COD,Cancelled
ORD001395,2024-11-04,CUST0317,PROD0112,SELL010,2,0.1,COD,Delivered
ORD001396,2024-07-06,CUST0800,PROD0155,SELL062,3,0.15,COD,Delivered
ORD001397,2025-06-16,CUST0921,PROD0009,SELL075,3,0.0,COD,Cancelled
ORD001398,2025-06-28,CUST0362,PROD0112,SELL070,4,0.05,UPI,Shipped
ORD001399,2024-04-23,CUST0170,PROD0093,SELL035,1,0.1,Debit Card,Delivered
ORD001400,2024-02-23,CUST0541,PROD0105,SELL038,4,0.0,Credit Card,Returned
ORD001401,2024-02-03,CUST0945,PROD0141,SELL057,3,0.2,COD,Returned
ORD001402,2025-07-13,CUST0602,PROD0042,SELL028,3,0.0,Net Banking,Delivered
ORD001403,2025-04-02,CUST0374,PROD0150,SELL064,1,0.15,Debit Card,Delivered
ORD001404,2025-08-01,CUST1061,PROD0089,SELL020,4,0.05,Debit Card,Delivered
ORD001405,2025-04-02,CUST1199,PROD0044,SELL016,1,0.1,Net Banking,Delivered
ORD001406,2024-10-20,CUST0124,PROD0044,SELL042,4,0.1,Net Banking,Shipped
ORD001407,2025-03-06,CUST0746,PROD0031,SELL067,3,0.15,UPI,Delivered
ORD001408,2025-06-12,CUST0754,PROD0116,SELL069,4,0.25,Net Banking,Delivered
ORD001409,2024-10-18,CUST0775,PROD0025,SELL055,3,0.1,Debit Card,Delivered
ORD001410,2025-10-30,CUST0735,PROD0053,SELL031,1,0.0,Debit Card,Delivered
ORD001411,2025-10-19,CUST0378,PROD0159,SELL024,2,0.05,Net Banking,Cancelled
ORD001412,2025-08-08,CUST1158,PROD0015,SELL043,3,0.2,Net Banking,Cancelled
ORD001413,2025-12-26,CUST0262,PROD0052,SELL052,1,0.05,UPI,Delivered
ORD001414,2024-10-12,CUST0700,PROD0132,SELL017,2,0.2,Debit Card,Delivered
ORD001415,2024-03-24,CUST0432,PROD0059,SELL048,4,0.25,Debit Card,Returned
ORD001416,2024-12-19,CUST0951,PROD0143,SELL021,4,0.1,Net Banking,Returned
ORD001417,2025-06-29,CUST0078,PROD0028,SELL080,3,0.1,UPI,Cancelled
ORD001418,2025-07-23,CUST0105,PROD0053,SELL035,1,0.05,UPI,Returned
ORD001419,2024-10-11,CUST0508,PROD0006,SELL064,4,0.15,Debit Card,Returned
ORD001420,2024-08-01,CUST0038,PROD0134,SELL035,4,0.0,COD,Cancelled
ORD001421,2024-11-21,CUST0621,PROD0093,SELL056,4,0.25,Debit Card,Delivered
ORD001422,2025-08-10,CUST0876,PROD0076,SELL007,3,0.15,UPI,Delivered
ORD001423,2024-02-14,CUST0324,PROD0015,SELL077,4,0.25,COD,Cancelled
ORD001424,2024-08-27,CUST0290,PROD0170,SELL015,1,0.1,COD,Delivered
ORD001425,2024-06-17,CUST0779,PROD0067,SELL069,1,0.0,COD,Shipped
ORD001426,2025-08-12,CUST0933,PROD0155,SELL026,2,0.1,Debit Card,Delivered
ORD001427,2024-12-09,CUST0947,PROD0084,SELL038,2,0.15,COD,Delivered
ORD001428,2024-03-04,CUST0774,PROD0057,SELL011,2,0.2,Net Banking,Delivered
ORD001429,2024-07-10,CUST0929,PROD0110,SELL020,4,0.0,Debit Card,Delivered
ORD001430,2024-02-02,CUST0239,PROD0114,SELL071,2,0.1,Debit Card,Cancelled
ORD001431,2024-12-13,CUST0866,PROD0167,SELL073,4,0.1,Net Banking,Delivered
ORD001432,2025-12-30,CUST1066,PROD0175,SELL060,4,0.05,Credit Card,Delivered
ORD001433,2025-02-18,CUST0884,PROD0076,SELL059,4,0.0,COD,Delivered
ORD001434,2025-09-27,CUST0411,PROD0115,SELL079,2,0.15,UPI,Delivered
ORD001435,2025-06-26,CUST0432,PROD0060,SELL049,3,0.1,UPI,Cancelled
ORD001436,2025-10-07,CUST0734,PROD0033,SELL070,3,0.25,Debit Card,Delivered
ORD001437,2024-08-15,CUST1184,PROD0162,SELL010,1,0.15,Credit Card,Shipped
ORD001438,2025-11-26,CUST0856,PROD0029,SELL054,2,0.05,UPI,Returned
ORD001439,2024-06-23,CUST1006,PROD0152,SELL055,4,0.0,Debit Card,Cancelled
ORD001440,2024-11-16,CUST0886,PROD0170,SELL048,3,0.05,Net Banking,Delivered
ORD001441,2025-05-13,CUST0771,PROD0156,SELL009,3,0.15,Debit Card,Delivered
ORD001442,2024-07-28,CUST0175,PROD0040,SELL018,4,0.05,Net Banking,Delivered
ORD001443,2024-07-12,CUST1073,PROD0065,SELL080,3,0.1,UPI,Returned
ORD001444,2024-04-05,CUST0524,PROD0150,SELL068,3,0.0,UPI,Delivered
ORD001445,2024-01-04,CUST1193,PROD0158,SELL080,2,0.05,COD,Returned
ORD001446,2025-01-01,CUST0776,PROD0099,SELL029,2,0.15,Credit Card,Delivered
ORD001447,2025-12-22,CUST0019,PROD0028,SELL052,2,0.0,Net Banking,Shipped
ORD001448,2024-06-09,CUST0137,PROD0169,SELL002,1,0.1,UPI,Cancelled
ORD001449,2024-11-17,CUST0648,PROD0072,SELL026,2,0.25,UPI,Delivered
ORD001450,2025-11-14,CUST0693,PROD0157,SELL038,3,0.0,Debit Card,Shipped
ORD001451,2025-07-18,CUST1038,PROD0106,SELL025,4,0.2,Debit Card,Delivered
ORD001452,2024-01-03,CUST0473,PROD0090,SELL031,4,0.05,Credit Card,Shipped
ORD001453,2024-12-31,CUST0919,PROD0019,SELL013,4,0.2,UPI,Delivered
ORD001454,2024-04-14,CUST0872,PROD0139,SELL025,1,0.15,Debit Card,Delivered
ORD001455,2024-06-29,CUST0218,PROD0044,SELL054,4,0.1,Credit Card,Delivered
ORD001456,2024-06-29,CUST1166,PROD0123,SELL009,3,0.1,UPI,Delivered
ORD001457,2025-03-23,CUST0240,PROD0110,SELL050,1,0.05,COD,Delivered
ORD001458,2024-05-25,CUST0637,PROD0076,SELL052,3,0.0,Debit Card,Shipped
ORD001459,2024-07-03,CUST1101,PROD0056,SELL057,1,0.15,UPI,Returned
ORD001460,2024-06-14,CUST0638,PROD0114,SELL078,3,0.0,COD,Returned
ORD001461,2024-09-17,CUST1054,PROD0100,SELL070,1,0.15,Debit Card,Shipped
ORD001462,2025-04-24,CUST0197,PROD0010,SELL060,3,0.1,UPI,Delivered
ORD001463,2024-10-19,CUST1140,PROD0141,SELL004,2,0.15,COD,Returned
ORD001464,2024-08-27,CUST0165,PROD0172,SELL063,3,0.15,COD,Delivered
ORD001465,2025-01-13,CUST0896,PROD0016,SELL065,3,0.05,Debit Card,Cancelled
ORD001466,2025-03-25,CUST0741,PROD0078,SELL012,3,0.15,Credit Card,Delivered
ORD001467,2024-01-12,CUST1127,PROD0112,SELL067,4,0.05,Credit Card,Delivered
ORD001468,2025-10-12,CUST1149,PROD0077,SELL071,4,0.05,COD,Delivered
ORD001469,2025-10-31,CUST0438,PROD0118,SELL053,4,0.2,Net Banking,Cancelled
ORD001470,2025-03-16,CUST0331,PROD0011,SELL075,4,0.0,Credit Card,Delivered
ORD001471,2025-02-24,CUST0454,PROD0162,SELL071,3,0.1,COD,Delivered
ORD001472,2025-05-22,CUST0246,PROD0122,SELL073,4,0.0,Credit Card,Shipped
ORD001473,2024-11-18,CUST0230,PROD0132,SELL062,2,0.05,Debit Card,Shipped
ORD001474,2024-09-24,CUST0548,PROD0082,SELL001,2,0.2,UPI,Shipped
ORD001475,2024-09-14,CUST0920,PROD0046,SELL029,1,0.2,UPI,Shipped
ORD001476,2024-04-26,CUST0668,PROD0152,SELL068,3,0.1,Net Banking,Returned
ORD001477,2025-09-06,CUST0135,PROD0092,SELL008,2,0.2,Net Banking,Delivered
ORD001478,2024-08-22,CUST0599,PROD0010,SELL034,3,0.15,Debit Card,Delivered
ORD001479,2024-07-26,CUST1066,PROD0103,SELL079,4,0.1,Debit Card,Cancelled
ORD001480,2025-12-05,CUST0580,PROD0143,SELL038,1,0.15,Debit Card,Shipped
ORD001481,2025-01-05,CUST0070,PROD0062,SELL004,3,0.05,UPI,Delivered
ORD001482,2025-03-30,CUST0728,PROD0123,SELL027,3,0.1,UPI,Delivered
ORD001483,2024-06-28,CUST0693,PROD0144,SELL028,1,0.2,COD,Delivered
ORD001484,2024-07-21,CUST1046,PROD0112,SELL047,1,0.0,Credit Card,Delivered
ORD001485,2025-06-16,CUST0911,PROD0097,SELL009,4,0.1,COD,Delivered
ORD001486,2024-11-25,CUST0054,PROD0150,SELL039,3,0.1,Net Banking,Delivered
ORD001487,2024-04-18,CUST0577,PROD0044,SELL030,4,0.2,UPI,Delivered
ORD001488,2025-09-02,CUST0530,PROD0068,SELL006,4,0.1,Credit Card,Returned
ORD001489,2024-10-21,CUST1048,PROD0119,SELL008,1,0.2,COD,Cancelled
ORD001490,2025-05-03,CUST0712,PROD0006,SELL022,2,0.1,UPI,Delivered
ORD001491,2024-09-06,CUST0079,PROD0070,SELL035,2,0.05,Debit Card,Delivered
ORD001492,2025-02-13,CUST0046,PROD0116,SELL007,1,0.05,Credit Card,Shipped
ORD001493,2025-07-20,CUST0297,PROD0169,SELL034,1,0.1,Debit Card,Delivered
ORD001494,2025-10-09,CUST0823,PROD0160,SELL065,2,0.2,Debit Card,Cancelled
ORD001495,2024-05-31,CUST0738,PROD0139,SELL011,1,0.05,Credit Card,Cancelled
ORD001496,2025-05-06,CUST0286,PROD0112,SELL025,3,0.05,UPI,Shipped
ORD001497,2025-10-30,CUST0182,PROD0104,SELL057,1,0.1,UPI,Returned
ORD001498,2025-04-14,CUST0651,PROD0093,SELL020,2,0.1,Net Banking,Cancelled
ORD001499,2024-04-14,CUST1043,PROD0073,SELL078,3,0.1,Debit Card,Delivered
ORD001500,2024-05-18,CUST1108,PROD0050,SELL053,2,0.0,Debit Card,Returned
ORD001501,2024-05-28,CUST0013,PROD0048,SELL026,4,0.0,UPI,Delivered
ORD001502,2024-03-18,CUST0939,PROD0137,SELL033,3,0.1,Net Banking,Delivered
ORD001503,2025-07-04,CUST1022,PROD0088,SELL046,2,0.25,COD,Delivered
ORD001504,2025-12-06,CUST0206,PROD0117,SELL031,4,0.1,Net Banking,Delivered
ORD001505,2025-01-12,CUST0074,PROD0037,SELL006,1,0.0,Debit Card,Delivered
ORD001506,2025-03-13,CUST0999,PROD0110,SELL079,2,0.0,COD,Shipped
ORD001507,2025-07-19,CUST0418,PROD0162,SELL061,3,0.15,UPI,Delivered
ORD001508,2024-10-30,CUST0505,PROD0002,SELL072,3,0.05,Credit Card,Delivered
ORD001509,2024-12-11,CUST0737,PROD0025,SELL030,2,0.0,COD,Shipped
ORD001510,2025-03-06,CUST0932,PROD0123,SELL013,1,0.15,Credit Card,Cancelled
ORD001511,2024-08-10,CUST0568,PROD0153,SELL071,4,0.1,COD,Delivered
ORD001512,2024-02-15,CUST0127,PROD0005,SELL001,3,0.1,Net Banking,Returned
ORD001513,2025-02-19,CUST0550,PROD0096,SELL052,2,0.05,UPI,Delivered
ORD001514,2025-08-23,CUST0997,PROD0118,SELL034,1,0.2,UPI,Cancelled
ORD001515,2024-02-23,CUST0627,PROD0015,SELL069,1,0.15,COD,Delivered
ORD001516,2024-06-07,CUST0680,PROD0001,SELL014,4,0.15,UPI,Returned
ORD001517,2024-07-11,CUST0957,PROD0046,SELL008,2,0.0,Credit Card,Delivered
ORD001518,2025-08-11,CUST0975,PROD0063,SELL008,2,0.15,Debit Card,Cancelled
ORD001519,2025-01-03,CUST0549,PROD0020,SELL005,2,0.15,COD,Delivered
ORD001520,2025-01-25,CUST0205,PROD0157,SELL061,2,0.2,COD,Returned
ORD001521,2025-04-16,CUST0282,PROD0002,SELL034,1,0.0,Net Banking,Cancelled
ORD001522,2024-07-21,CUST0645,PROD0061,SELL006,3,0.15,COD,Delivered
ORD001523,2025-06-05,CUST0959,PROD0131,SELL033,4,0.15,Debit Card,Delivered
ORD001524,2024-01-23,CUST0519,PROD0108,SELL066,4,0.0,Debit Card,Delivered
ORD001525,2024-03-24,CUST0435,PROD0157,SELL060,3,0.2,Debit Card,Delivered
ORD001526,2025-08-19,CUST0031,PROD0052,SELL037,3,0.2,Debit Card,Returned
ORD001527,2025-04-26,CUST1034,PROD0146,SELL058,4,0.2,COD,Delivered
ORD001528,2024-05-08,CUST0569,PROD0160,SELL002,4,0.2,UPI,Delivered
ORD001529,2024-11-16,CUST0218,PROD0092,SELL042,2,0.15,Net Banking,Delivered
ORD001530,2024-02-07,CUST0697,PROD0028,SELL080,1,0.05,Net Banking,Returned
ORD001531,2025-05-06,CUST0418,PROD0042,SELL069,1,0.05,Net Banking,Cancelled
ORD001532,2025-07-06,CUST0593,PROD0102,SELL070,1,0.05,Net Banking,Delivered
ORD001533,2024-07-22,CUST0519,PROD0117,SELL027,2,0.0,COD,Delivered
ORD001534,2024-09-12,CUST0978,PROD0087,SELL017,4,0.1,Net Banking,Shipped
ORD001535,2024-06-22,CUST0457,PROD0144,SELL025,4,0.0,COD,Returned
ORD001536,2024-10-11,CUST1027,PROD0169,SELL009,4,0.15,Debit Card,Delivered
ORD001537,2024-07-18,CUST0979,PROD0157,SELL035,3,0.05,Credit Card,Returned
ORD001538,2024-06-29,CUST0793,PROD0041,SELL026,3,0.2,Credit Card,Shipped
ORD001539,2024-11-10,CUST0214,PROD0128,SELL080,1,0.2,UPI,Delivered
ORD001540,2025-09-20,CUST1043,PROD0133,SELL058,1,0.1,Net Banking,Shipped
ORD001541,2025-07-11,CUST0490,PROD0144,SELL026,4,0.0,Credit Card,Delivered
ORD001542,2024-08-05,CUST0699,PROD0014,SELL014,4,0.0,COD,Returned
ORD001543,2025-11-20,CUST0792,PROD0048,SELL077,4,0.2,Net Banking,Delivered
ORD001544,2024-06-02,CUST0621,PROD0170,SELL042,3,0.2,Net Banking,Returned
ORD001545,2025-10-27,CUST0963,PROD0021,SELL030,4,0.2,UPI,Shipped
ORD001546,2024-08-14,CUST0352,PROD0060,SELL042,4,0.1,UPI,Returned
ORD001547,2025-01-29,CUST0604,PROD0119,SELL017,3,0.15,Net Banking,Shipped
ORD001548,2024-05-28,CUST0060,PROD0085,SELL078,2,0.0,Net Banking,Shipped
ORD001549,2025-07-11,CUST0209,PROD0168,SELL068,3,0.1,Debit Card,Delivered
ORD001550,2024-08-20,CUST0677,PROD0016,SELL055,3,0.15,UPI,Returned
ORD001551,2025-09-29,CUST0441,PROD0144,SELL044,3,0.05,Debit Card,Delivered
ORD001552,2024-03-01,CUST0382,PROD0115,SELL028,4,0.0,Debit Card,Delivered
ORD001553,2025-01-01,CUST0221,PROD0022,SELL013,3,0.05,Debit Card,Delivered
ORD001554,2024-04-25,CUST0256,PROD0146,SELL054,4,0.1,Net Banking,Delivered
ORD001555,2025-10-11,CUST0855,PROD0173,SELL073,3,0.15,COD,Delivered
ORD001556,2024-10-31,CUST0760,PROD0037,SELL020,2,0.15,UPI,Cancelled
ORD001557,2025-05-08,CUST0514,PROD0124,SELL010,3,0.1,COD,Shipped
ORD001558,2025-10-04,CUST0558,PROD0160,SELL075,4,0.05,COD,Returned
ORD001559,2025-01-26,CUST1189,PROD0164,SELL049,4,0.0,Credit Card,Shipped
ORD001560,2024-02-11,CUST0079,PROD0008,SELL058,4,0.1,Credit Card,Delivered
ORD001561,2024-06-10,CUST0328,PROD0059,SELL011,3,0.0,Debit Card,Delivered
ORD001562,2024-06-04,CUST0590,PROD0104,SELL048,3,0.2,UPI,Returned
ORD001563,2025-10-30,CUST0211,PROD0148,SELL007,2,0.15,UPI,Returned
ORD001564,2025-10-26,CUST0955,PROD0090,SELL059,3,0.1,Credit Card,Delivered
ORD001565,2024-12-14,CUST0068,PROD0122,SELL056,1,0.15,Credit Card,Delivered
ORD001566,2025-10-12,CUST0673,PROD0113,SELL050,4,0.0,Credit Card,Delivered
ORD001567,2024-06-28,CUST0434,PROD0086,SELL015,1,0.25,Net Banking,Delivered
ORD001568,2025-05-11,CUST0374,PROD0061,SELL040,4,0.0,Net Banking,Delivered
ORD001569,2024-10-13,CUST1004,PROD0028,SELL075,1,0.1,Debit Card,Returned
ORD001570,2024-06-24,CUST0384,PROD0011,SELL076,2,0.15,UPI,Delivered
ORD001571,2024-07-01,CUST0142,PROD0144,SELL072,1,0.15,COD,Delivered
ORD001572,2024-11-02,CUST0609,PROD0064,SELL038,1,0.05,Debit Card,Delivered
ORD001573,2024-09-05,CUST0131,PROD0085,SELL027,3,0.1,Debit Card,Returned
ORD001574,2024-06-03,CUST0459,PROD0127,SELL039,4,0.0,Net Banking,Shipped
ORD001575,2024-09-01,CUST0323,PROD0170,SELL041,1,0.1,COD,Delivered
ORD001576,2024-04-03,CUST0552,PROD0054,SELL013,4,0.15,Debit Card,Shipped
ORD001577,2025-12-09,CUST1174,PROD0066,SELL046,2,0.0,Net Banking,Shipped
ORD001578,2024-10-04,CUST0266,PROD0126,SELL075,1,0.0,COD,Delivered
ORD001579,2024-03-19,CUST0392,PROD0144,SELL077,2,0.1,Debit Card,Returned
ORD001580,2025-02-24,CUST1126,PROD0157,SELL010,1,0.0,Credit Card,Delivered
ORD001581,2025-10-07,CUST0118,PROD0050,SELL078,2,0.15,Debit Card,Cancelled
ORD001582,2024-09-20,CUST0262,PROD0048,SELL080,3,0.15,Net Banking,Delivered
ORD001583,2025-09-09,CUST0377,PROD0092,SELL056,4,0.15,COD,Delivered
ORD001584,2025-03-22,CUST0746,PROD0149,SELL003,3,0.05,Credit Card,Delivered
ORD001585,2025-06-24,CUST0523,PROD0161,SELL024,4,0.0,Credit Card,Cancelled
ORD001586,2024-08-04,CUST0222,PROD0104,SELL039,3,0.15,Credit Card,Shipped
ORD001587,2024-01-27,CUST0651,PROD0078,SELL027,2,0.05,Debit Card,Returned
ORD001588,2024-09-09,CUST0159,PROD0172,SELL030,4,0.15,Net Banking,Returned
ORD001589,2025-11-06,CUST0313,PROD0041,SELL038,3,0.0,Net Banking,Delivered
ORD001590,2025-07-31,CUST0811,PROD0111,SELL020,3,0.15,COD,Delivered
ORD001591,2025-07-27,CUST0725,PROD0117,SELL068,4,0.0,Net Banking,Delivered
ORD001592,2025-10-04,CUST1071,PROD0086,SELL005,4,0.15,COD,Shipped
ORD001593,2024-09-29,CUST0698,PROD0055,SELL058,1,0.15,UPI,Returned
ORD001594,2024-08-23,CUST1041,PROD0161,SELL070,1,0.0,UPI,Delivered
ORD001595,2025-11-07,CUST0854,PROD0089,SELL016,1,0.05,UPI,Returned
ORD001596,2025-02-21,CUST0367,PROD0051,SELL017,4,0.1,COD,Cancelled
ORD001597,2024-08-05,CUST0205,PROD0085,SELL039,1,0.1,UPI,Delivered
ORD001598,2024-07-22,CUST0033,PROD0180,SELL012,1,0.05,Debit Card,Delivered
ORD001599,2025-10-03,CUST0081,PROD0010,SELL015,3,0.15,Net Banking,Shipped
ORD001600,2024-02-08,CUST0221,PROD0050,SELL013,4,0.2,Net Banking,Cancelled
ORD001601,2024-02-15,CUST0971,PROD0161,SELL065,1,0.2,Net Banking,Delivered
ORD001602,2025-06-23,CUST0255,PROD0064,SELL059,1,0.2,UPI,Delivered
ORD001603,2024-01-01,CUST0933,PROD0170,SELL037,2,0.15,UPI,Shipped
ORD001604,2024-05-05,CUST0871,PROD0096,SELL003,3,0.2,UPI,Returned
ORD001605,2025-12-25,CUST0132,PROD0094,SELL065,1,0.0,Net Banking,Delivered
ORD001606,2024-11-07,CUST0148,PROD0070,SELL056,1,0.15,COD,Returned
ORD001607,2025-06-15,CUST0267,PROD0043,SELL051,3,0.1,Net Banking,Delivered
ORD001608,2024-12-22,CUST0766,PROD0119,SELL009,2,0.1,Net Banking,Returned
ORD001609,2024-03-07,CUST0438,PROD0094,SELL033,3,0.1,Credit Card,Returned
ORD001610,2024-05-14,CUST0881,PROD0085,SELL024,1,0.1,UPI,Delivered
ORD001611,2025-07-10,CUST0871,PROD0167,SELL022,3,0.05,UPI,Delivered
ORD001612,2024-03-10,CUST1111,PROD0176,SELL070,2,0.05,UPI,Returned
ORD001613,2025-03-10,CUST0693,PROD0056,SELL078,2,0.2,Debit Card,Delivered
ORD001614,2024-09-11,CUST0005,PROD0076,SELL023,3,0.05,UPI,Shipped
ORD001615,2024-09-27,CUST0744,PROD0045,SELL046,1,0.2,Credit Card,Cancelled
ORD001616,2025-11-27,CUST0252,PROD0011,SELL006,4,0.1,UPI,Returned
ORD001617,2025-03-18,CUST0621,PROD0178,SELL042,4,0.1,Credit Card,Delivered
ORD001618,2025-03-25,CUST0554,PROD0049,SELL057,2,0.0,Credit Card,Returned
ORD001619,2024-09-13,CUST1074,PROD0177,SELL013,3,0.0,Credit Card,Returned
ORD001620,2024-10-05,CUST0007,PROD0180,SELL041,2,0.15,COD,Returned
ORD001621,2025-05-16,CUST1009,PROD0162,SELL063,2,0.15,Net Banking,Delivered
ORD001622,2024-01-29,CUST0820,PROD0004,SELL020,4,0.15,Credit Card,Returned
ORD001623,2024-06-22,CUST0357,PROD0156,SELL043,2,0.2,UPI,Delivered
ORD001624,2025-03-14,CUST1130,PROD0149,SELL053,2,0.15,COD,Delivered
ORD001625,2025-03-31,CUST1144,PROD0178,SELL055,1,0.05,Net Banking,Cancelled
ORD001626,2024-03-08,CUST0329,PROD0153,SELL009,2,0.2,Net Banking,Delivered
ORD001627,2025-07-29,CUST0127,PROD0119,SELL055,3,0.05,COD,Delivered
ORD001628,2025-01-31,CUST0739,PROD0105,SELL014,1,0.1,COD,Delivered
ORD001629,2024-06-22,CUST1025,PROD0008,SELL068,3,0.05,Net Banking,Delivered
ORD001630,2025-07-03,CUST0988,PROD0016,SELL025,2,0.25,COD,Shipped
ORD001631,2025-12-25,CUST0352,PROD0107,SELL016,2,0.0,Debit Card,Cancelled
ORD001632,2024-11-05,CUST0669,PROD0049,SELL062,4,0.05,UPI,Returned
ORD001633,2024-07-26,CUST0431,PROD0026,SELL027,1,0.2,Debit Card,Returned
ORD001634,2024-08-06,CUST0956,PROD0012,SELL030,3,0.05,UPI,Delivered
ORD001635,2025-03-09,CUST0516,PROD0150,SELL063,4,0.05,UPI,Delivered
ORD001636,2024-02-04,CUST0793,PROD0178,SELL037,1,0.1,UPI,Delivered
ORD001637,2024-12-19,CUST0611,PROD0085,SELL064,2,0.2,Debit Card,Delivered
ORD001638,2024-01-19,CUST0044,PROD0008,SELL002,4,0.15,Debit Card,Shipped
ORD001639,2024-01-29,CUST1116,PROD0178,SELL058,4,0.05,COD,Delivered
ORD001640,2024-11-10,CUST0420,PROD0086,SELL009,3,0.25,Debit Card,Shipped
ORD001641,2025-06-28,CUST0376,PROD0154,SELL078,4,0.15,COD,Delivered
ORD001642,2025-10-07,CUST1088,PROD0075,SELL074,2,0.1,Credit Card,Returned
ORD001643,2024-03-05,CUST1109,PROD0072,SELL030,2,0.05,Debit Card,Cancelled
ORD001644,2024-06-27,CUST1064,PROD0025,SELL021,1,0.05,Net Banking,Returned
ORD001645,2024-11-04,CUST0933,PROD0125,SELL040,2,0.05,Credit Card,Shipped
ORD001646,2025-02-23,CUST0809,PROD0090,SELL016,3,0.15,UPI,Delivered
ORD001647,2025-12-22,CUST0983,PROD0035,SELL022,1,0.2,UPI,Delivered
ORD001648,2025-05-15,CUST0154,PROD0026,SELL017,1,0.05,Credit Card,Cancelled
ORD001649,2025-01-28,CUST0787,PROD0118,SELL048,4,0.1,Credit Card,Delivered
ORD001650,2024-02-14,CUST0384,PROD0026,SELL076,4,0.0,COD,Cancelled
ORD001651,2024-02-29,CUST0117,PROD0060,SELL024,1,0.1,UPI,Shipped
ORD001652,2024-04-21,CUST0121,PROD0010,SELL044,4,0.0,Debit Card,Delivered
ORD001653,2025-04-28,CUST0423,PROD0065,SELL020,4,0.15,UPI,Returned
ORD001654,2024-08-30,CUST1075,PROD0045,SELL071,2,0.05,Debit Card,Shipped
ORD001655,2024-06-25,CUST0862,PROD0014,SELL012,2,0.05,UPI,Returned
ORD001656,2025-05-04,CUST0713,PROD0158,SELL025,4,0.1,Net Banking,Delivered
ORD001657,2025-08-19,CUST0212,PROD0153,SELL076,4,0.2,Debit Card,Cancelled
ORD001658,2024-11-16,CUST0132,PROD0033,SELL043,2,0.0,Debit Card,Returned
ORD001659,2025-10-06,CUST1198,PROD0159,SELL070,2,0.0,COD,Delivered
ORD001660,2025-06-20,CUST0685,PROD0046,SELL011,3,0.05,Debit Card,Cancelled
ORD001661,2025-06-07,CUST0106,PROD0110,SELL045,3,0.1,UPI,Delivered
ORD001662,2025-09-26,CUST0762,PROD0060,SELL060,3,0.1,Debit Card,Delivered
ORD001663,2024-05-14,CUST0612,PROD0064,SELL036,2,0.25,Net Banking,Delivered
ORD001664,2025-07-08,CUST0115,PROD0021,SELL073,4,0.15,UPI,Delivered
ORD001665,2025-12-01,CUST0624,PROD0107,SELL059,1,0.1,Net Banking,Shipped
ORD001666,2025-12-26,CUST0442,PROD0103,SELL038,3,0.05,Credit Card,Delivered
ORD001667,2025-02-26,CUST0964,PROD0154,SELL061,1,0.1,COD,Shipped
ORD001668,2025-07-05,CUST0898,PROD0166,SELL051,3,0.15,COD,Returned
ORD001669,2025-10-11,CUST0720,PROD0078,SELL068,3,0.15,Credit Card,Delivered
ORD001670,2025-09-14,CUST1041,PROD0113,SELL021,1,0.0,Net Banking,Returned
ORD001671,2025-10-18,CUST0073,PROD0111,SELL030,4,0.15,Net Banking,Delivered
ORD001672,2025-08-31,CUST0678,PROD0093,SELL058,4,0.15,Credit Card,Returned
ORD001673,2024-10-05,CUST0436,PROD0129,SELL029,1,0.05,Net Banking,Returned
ORD001674,2025-06-17,CUST0331,PROD0158,SELL053,4,0.1,COD,Delivered
ORD001675,2024-10-27,CUST1190,PROD0104,SELL018,1,0.1,Credit Card,Delivered
ORD001676,2025-08-09,CUST0092,PROD0172,SELL014,1,0.15,UPI,Delivered
ORD001677,2025-08-15,CUST0962,PROD0016,SELL003,3,0.0,COD,Cancelled
ORD001678,2025-11-14,CUST0165,PROD0093,SELL054,4,0.1,UPI,Cancelled
ORD001679,2025-03-06,CUST0652,PROD0131,SELL025,2,0.15,UPI,Returned
ORD001680,2024-12-13,CUST0043,PROD0142,SELL053,2,0.15,Debit Card,Cancelled
ORD001681,2024-05-01,CUST0334,PROD0068,SELL050,1,0.15,UPI,Shipped
ORD001682,2025-04-11,CUST0669,PROD0106,SELL069,2,0.05,Credit Card,Shipped
ORD001683,2025-02-18,CUST0261,PROD0170,SELL021,3,0.0,Credit Card,Cancelled
ORD001684,2025-01-11,CUST0613,PROD0028,SELL056,1,0.15,Debit Card,Delivered
ORD001685,2025-05-09,CUST1148,PROD0152,SELL064,1,0.05,COD,Shipped
ORD001686,2025-09-14,CUST1069,PROD0060,SELL017,2,0.05,Debit Card,Cancelled
ORD001687,2024-04-18,CUST0046,PROD0048,SELL052,3,0.1,Debit Card,Returned
ORD001688,2024-11-11,CUST0878,PROD0137,SELL040,2,0.15,Credit Card,Cancelled
ORD001689,2025-06-12,CUST0161,PROD0062,SELL035,4,0.15,Net Banking,Returned
ORD001690,2025-08-22,CUST0865,PROD0041,SELL006,1,0.1,COD,Delivered
ORD001691,2025-07-23,CUST0043,PROD0025,SELL039,2,0.05,UPI,Delivered
ORD001692,2025-08-07,CUST1017,PROD0087,SELL012,1,0.1,Debit Card,Delivered
ORD001693,2025-09-17,CUST0726,PROD0059,SELL045,1,0.15,Debit Card,Delivered
ORD001694,2025-12-04,CUST1026,PROD0112,SELL066,2,0.0,Debit Card,Delivered
ORD001695,2025-03-20,CUST0271,PROD0097,SELL016,4,0.15,Debit Card,Cancelled
ORD001696,2024-06-30,CUST1162,PROD0044,SELL010,3,0.2,Debit Card,Delivered
ORD001697,2025-02-15,CUST0219,PROD0029,SELL034,4,0.15,Net Banking,Cancelled
ORD001698,2025-06-02,CUST0293,PROD0055,SELL073,2,0.15,UPI,Returned
ORD001699,2024-03-14,CUST0760,PROD0155,SELL023,3,0.0,UPI,Delivered
ORD001700,2025-07-07,CUST0973,PROD0105,SELL039,1,0.15,Debit Card,Shipped
ORD001701,2025-02-01,CUST0780,PROD0067,SELL006,2,0.0,Net Banking,Delivered
ORD001702,2025-11-15,CUST0151,PROD0040,SELL048,2,0.2,COD,Returned
ORD001703,2024-06-03,CUST0307,PROD0158,SELL020,4,0.0,UPI,Shipped
ORD001704,2025-10-24,CUST0526,PROD0123,SELL002,4,0.2,Debit Card,Cancelled
ORD001705,2024-11-23,CUST1172,PROD0164,SELL045,1,0.15,UPI,Delivered
ORD001706,2025-02-23,CUST1093,PROD0072,SELL026,4,0.05,Net Banking,Delivered
ORD001707,2025-04-27,CUST0757,PROD0137,SELL079,1,0.1,Net Banking,Delivered
ORD001708,2025-02-27,CUST0370,PROD0103,SELL020,1,0.25,Credit Card,Delivered
ORD001709,2025-10-22,CUST0518,PROD0120,SELL053,3,0.1,COD,Returned
ORD001710,2024-05-02,CUST0120,PROD0028,SELL009,4,0.1,Debit Card,Cancelled
ORD001711,2025-06-17,CUST1033,PROD0012,SELL035,1,0.2,Debit Card,Shipped
ORD001712,2025-12-13,CUST1137,PROD0061,SELL023,1,0.05,Debit Card,Cancelled
ORD001713,2024-06-09,CUST1111,PROD0030,SELL014,4,0.1,Credit Card,Delivered
ORD001714,2024-07-05,CUST0205,PROD0001,SELL042,3,0.2,Debit Card,Shipped
ORD001715,2024-12-13,CUST0416,PROD0140,SELL073,4,0.0,Credit Card,Delivered
ORD001716,2025-06-13,CUST0666,PROD0115,SELL072,3,0.15,Debit Card,Shipped
ORD001717,2025-12-02,CUST0093,PROD0101,SELL052,1,0.1,Debit Card,Delivered
ORD001718,2025-08-04,CUST0618,PROD0051,SELL029,2,0.0,Debit Card,Delivered
ORD001719,2025-08-03,CUST0597,PROD0022,SELL012,3,0.1,COD,Returned
ORD001720,2024-11-18,CUST0332,PROD0101,SELL041,1,0.15,COD,Returned
ORD001721,2025-04-16,CUST0359,PROD0047,SELL023,4,0.1,Credit Card,Delivered
ORD001722,2024-06-03,CUST0464,PROD0100,SELL078,2,0.0,Net Banking,Delivered
ORD001723,2024-12-04,CUST0568,PROD0180,SELL012,3,0.25,UPI,Cancelled
ORD001724,2024-05-18,CUST0811,PROD0163,SELL065,1,0.1,Net Banking,Delivered
ORD001725,2024-01-20,CUST0086,PROD0034,SELL019,4,0.1,COD,Delivered
ORD001726,2025-09-18,CUST0024,PROD0100,SELL020,3,0.1,COD,Cancelled
ORD001727,2025-08-11,CUST0589,PROD0030,SELL058,1,0.25,COD,Delivered
ORD001728,2025-01-08,CUST0577,PROD0133,SELL032,4,0.15,Net Banking,Delivered
ORD001729,2024-01-11,CUST1130,PROD0131,SELL011,1,0.1,Debit Card,Returned
ORD001730,2024-03-06,CUST0055,PROD0090,SELL006,3,0.0,Net Banking,Delivered
ORD001731,2024-03-22,CUST0862,PROD0113,SELL053,3,0.1,Net Banking,Cancelled
ORD001732,2025-06-08,CUST0884,PROD0162,SELL066,4,0.15,UPI,Delivered
ORD001733,2024-05-28,CUST0066,PROD0080,SELL028,1,0.15,Debit Card,Delivered
ORD001734,2024-07-01,CUST0391,PROD0132,SELL071,4,0.0,Debit Card,Delivered
ORD001735,2025-09-21,CUST0578,PROD0080,SELL027,2,0.0,Debit Card,Returned
ORD001736,2025-10-02,CUST0926,PROD0025,SELL042,2,0.1,Debit Card,Delivered
ORD001737,2025-07-11,CUST0442,PROD0114,SELL037,3,0.1,Net Banking,Shipped
ORD001738,2024-08-14,CUST0863,PROD0069,SELL065,1,0.15,COD,Delivered
ORD001739,2025-02-27,CUST1123,PROD0144,SELL080,3,0.0,Debit Card,Returned
ORD001740,2024-05-26,CUST0157,PROD0035,SELL012,4,0.2,Debit Card,Delivered
ORD001741,2025-09-19,CUST0640,PROD0167,SELL062,3,0.1,UPI,Delivered
ORD001742,2024-03-03,CUST1115,PROD0108,SELL005,2,0.05,UPI,Delivered
ORD001743,2025-06-28,CUST1191,PROD0005,SELL040,4,0.05,COD,Shipped
ORD001744,2025-01-08,CUST0967,PROD0033,SELL045,2,0.25,Net Banking,Delivered
ORD001745,2025-07-07,CUST0912,PROD0164,SELL013,1,0.15,Net Banking,Delivered
ORD001746,2024-11-25,CUST0448,PROD0002,SELL022,4,0.1,Net Banking,Shipped
ORD001747,2024-04-25,CUST0785,PROD0165,SELL014,1,0.1,UPI,Cancelled
ORD001748,2025-07-03,CUST0475,PROD0122,SELL009,4,0.05,Net Banking,Delivered
ORD001749,2025-04-06,CUST0120,PROD0149,SELL055,3,0.25,Debit Card,Returned
ORD001750,2024-12-05,CUST1079,PROD0064,SELL076,4,0.15,Debit Card,Shipped
ORD001751,2024-09-29,CUST0039,PROD0044,SELL079,2,0.05,Net Banking,Delivered
ORD001752,2024-09-08,CUST0814,PROD0095,SELL026,3,0.2,UPI,Delivered
ORD001753,2024-12-17,CUST1145,PROD0133,SELL071,1,0.05,Debit Card,Shipped
ORD001754,2024-07-10,CUST0410,PROD0176,SELL049,3,0.15,Net Banking,Delivered
ORD001755,2024-07-25,CUST0216,PROD0023,SELL040,1,0.0,Credit Card,Delivered
ORD001756,2024-07-22,CUST0166,PROD0008,SELL049,2,0.2,Net Banking,Delivered
ORD001757,2024-01-10,CUST0987,PROD0124,SELL039,1,0.1,UPI,Delivered
ORD001758,2025-11-09,CUST0451,PROD0038,SELL036,2,0.2,Debit Card,Returned
ORD001759,2024-06-21,CUST0322,PROD0156,SELL045,3,0.25,UPI,Delivered
ORD001760,2024-04-30,CUST0980,PROD0059,SELL030,1,0.0,Net Banking,Delivered
ORD001761,2024-04-20,CUST0003,PROD0058,SELL035,3,0.0,Debit Card,Delivered
ORD001762,2025-12-23,CUST0746,PROD0119,SELL028,4,0.15,Debit Card,Shipped
ORD001763,2024-12-14,CUST0457,PROD0078,SELL035,1,0.15,Credit Card,Cancelled
ORD001764,2024-08-26,CUST0094,PROD0086,SELL070,4,0.05,UPI,Cancelled
ORD001765,2024-10-22,CUST1083,PROD0019,SELL014,3,0.15,UPI,Delivered
ORD001766,2024-03-05,CUST0486,PROD0130,SELL078,3,0.05,Debit Card,Returned
ORD001767,2024-08-17,CUST0281,PROD0134,SELL020,1,0.0,COD,Returned
ORD001768,2024-06-30,CUST0297,PROD0088,SELL035,4,0.1,UPI,Delivered
ORD001769,2025-08-10,CUST0682,PROD0124,SELL049,1,0.1,Net Banking,Delivered
ORD001770,2024-02-12,CUST0864,PROD0049,SELL013,3,0.05,UPI,Delivered
ORD001771,2024-11-07,CUST0904,PROD0023,SELL028,3,0.15,Net Banking,Cancelled
ORD001772,2025-07-31,CUST0418,PROD0114,SELL023,4,0.1,COD,Returned
ORD001773,2025-09-01,CUST0064,PROD0041,SELL006,3,0.05,Debit Card,Delivered
ORD001774,2025-01-09,CUST0841,PROD0016,SELL073,2,0.1,Debit Card,Delivered
ORD001775,2024-06-11,CUST0563,PROD0066,SELL002,4,0.0,Net Banking,Returned
ORD001776,2024-09-03,CUST0041,PROD0094,SELL080,1,0.15,UPI,Delivered
ORD001777,2024-06-11,CUST0315,PROD0123,SELL069,1,0.15,Credit Card,Delivered
ORD001778,2025-04-28,CUST0078,PROD0169,SELL066,2,0.05,Net Banking,Returned
ORD001779,2024-08-01,CUST0130,PROD0062,SELL032,3,0.1,Credit Card,Shipped
ORD001780,2025-04-06,CUST1148,PROD0116,SELL076,2,0.15,Credit Card,Cancelled
ORD001781,2025-04-24,CUST0793,PROD0126,SELL074,2,0.05,UPI,Shipped
ORD001782,2025-11-18,CUST0123,PROD0136,SELL071,4,0.15,COD,Delivered
ORD001783,2024-09-27,CUST0635,PROD0178,SELL066,3,0.05,Credit Card,Delivered
ORD001784,2025-12-03,CUST0863,PROD0109,SELL016,1,0.1,COD,Returned
ORD001785,2024-10-19,CUST0004,PROD0129,SELL070,3,0.15,Net Banking,Delivered
ORD001786,2025-05-12,CUST0218,PROD0135,SELL074,3,0.2,Debit Card,Delivered
ORD001787,2025-04-28,CUST1156,PROD0121,SELL046,4,0.15,Net Banking,Delivered
ORD001788,2025-08-20,CUST0751,PROD0138,SELL006,2,0.2,Net Banking,Delivered
ORD001789,2024-12-08,CUST0133,PROD0164,SELL061,2,0.05,Net Banking,Cancelled
ORD001790,2025-08-02,CUST0280,PROD0125,SELL024,2,0.1,UPI,Delivered
ORD001791,2024-09-16,CUST1154,PROD0014,SELL041,2,0.05,COD,Delivered
ORD001792,2024-12-25,CUST0958,PROD0038,SELL066,3,0.1,COD,Delivered
ORD001793,2024-12-31,CUST1081,PROD0026,SELL049,4,0.15,Credit Card,Delivered
ORD001794,2025-05-29,CUST1178,PROD0118,SELL045,3,0.1,Net Banking,Shipped
ORD001795,2025-03-28,CUST1075,PROD0056,SELL037,3,0.15,Credit Card,Shipped
ORD001796,2024-02-27,CUST0609,PROD0127,SELL064,1,0.1,COD,Delivered
ORD001797,2025-08-14,CUST0417,PROD0127,SELL003,4,0.0,Net Banking,Delivered
ORD001798,2025-07-08,CUST0338,PROD0060,SELL039,1,0.0,Credit Card,Shipped
ORD001799,2024-03-17,CUST0546,PROD0040,SELL015,2,0.15,Credit Card,Shipped
ORD001800,2025-12-04,CUST0089,PROD0018,SELL067,2,0.0,UPI,Cancelled
ORD001801,2025-04-27,CUST0250,PROD0163,SELL006,3,0.15,Net Banking,Delivered
ORD001802,2024-03-03,CUST0908,PROD0056,SELL075,3,0.05,UPI,Returned
ORD001803,2024-12-25,CUST0777,PROD0027,SELL003,2,0.05,Net Banking,Shipped
ORD001804,2025-09-03,CUST0210,PROD0007,SELL073,1,0.2,COD,Cancelled
ORD001805,2024-07-23,CUST0473,PROD0002,SELL044,1,0.1,Net Banking,Delivered
ORD001806,2025-11-13,CUST0833,PROD0161,SELL048,2,0.05,COD,Delivered
ORD001807,2024-11-01,CUST0734,PROD0086,SELL029,2,0.0,Debit Card,Delivered
ORD001808,2024-06-14,CUST1044,PROD0106,SELL060,4,0.2,Credit Card,Delivered
ORD001809,2024-09-17,CUST0947,PROD0171,SELL033,4,0.0,Credit Card,Returned
ORD001810,2025-01-18,CUST0245,PROD0007,SELL006,4,0.2,Net Banking,Delivered
ORD001811,2025-05-18,CUST0356,PROD0102,SELL054,4,0.0,UPI,Shipped
ORD001812,2025-11-09,CUST0741,PROD0033,SELL064,4,0.2,COD,Delivered
ORD001813,2024-05-22,CUST0469,PROD0130,SELL058,2,0.0,Net Banking,Cancelled
ORD001814,2025-12-02,CUST0406,PROD0148,SELL055,1,0.1,Debit Card,Shipped
ORD001815,2025-01-20,CUST1046,PROD0014,SELL058,1,0.0,Net Banking,Delivered
ORD001816,2024-04-03,CUST0662,PROD0163,SELL029,2,0.05,Net Banking,Returned
ORD001817,2025-11-08,CUST0864,PROD0154,SELL072,1,0.0,UPI,Delivered
ORD001818,2024-09-12,CUST0298,PROD0110,SELL051,1,0.05,UPI,Cancelled
ORD001819,2025-03-29,CUST0454,PROD0175,SELL049,2,0.1,Net Banking,Delivered
ORD001820,2025-05-25,CUST0305,PROD0116,SELL007,4,0.2,Net Banking,Returned
ORD001821,2024-01-10,CUST0218,PROD0119,SELL003,1,0.15,UPI,Shipped
ORD001822,2024-06-10,CUST0103,PROD0115,SELL039,1,0.1,Net Banking,Returned
ORD001823,2025-05-16,CUST0311,PROD0095,SELL074,4,0.15,UPI,Returned
ORD001824,2024-08-25,CUST0489,PROD0104,SELL021,1,0.2,Debit Card,Shipped
ORD001825,2024-01-07,CUST0824,PROD0019,SELL011,3,0.05,Net Banking,Delivered
ORD001826,2024-01-18,CUST1108,PROD0103,SELL002,3,0.1,UPI,Shipped
ORD001827,2025-08-27,CUST0034,PROD0170,SELL030,1,0.1,Debit Card,Cancelled
ORD001828,2024-04-22,CUST1139,PROD0136,SELL036,1,0.05,UPI,Cancelled
ORD001829,2024-03-14,CUST1187,PROD0172,SELL014,4,0.1,Credit Card,Returned
ORD001830,2025-02-15,CUST0675,PROD0059,SELL011,2,0.05,COD,Cancelled
ORD001831,2024-03-27,CUST0297,PROD0084,SELL046,3,0.05,Debit Card,Cancelled
ORD001832,2025-04-22,CUST0682,PROD0130,SELL024,3,0.25,COD,Delivered
ORD001833,2025-02-01,CUST0763,PROD0135,SELL035,1,0.15,Credit Card,Shipped
ORD001834,2025-04-19,CUST0251,PROD0093,SELL037,1,0.15,Debit Card,Returned
ORD001835,2024-12-25,CUST0799,PROD0145,SELL063,2,0.15,Credit Card,Cancelled
ORD001836,2025-07-22,CUST0287,PROD0141,SELL026,3,0.1,Net Banking,Delivered
ORD001837,2025-04-16,CUST0521,PROD0099,SELL071,2,0.25,Net Banking,Delivered
ORD001838,2024-10-30,CUST0291,PROD0094,SELL031,4,0.0,Net Banking,Shipped
ORD001839,2024-01-12,CUST0220,PROD0117,SELL047,2,0.25,UPI,Cancelled
ORD001840,2024-07-18,CUST1008,PROD0062,SELL036,2,0.0,Net Banking,Shipped
ORD001841,2024-04-06,CUST0660,PROD0018,SELL055,4,0.2,UPI,Delivered
ORD001842,2024-01-12,CUST0318,PROD0084,SELL061,2,0.1,UPI,Shipped
ORD001843,2024-07-18,CUST0467,PROD0100,SELL003,4,0.0,Debit Card,Returned
ORD001844,2024-05-31,CUST0553,PROD0127,SELL026,1,0.0,UPI,Cancelled
ORD001845,2024-02-26,CUST0744,PROD0124,SELL028,1,0.15,Net Banking,Delivered
ORD001846,2024-08-16,CUST0097,PROD0052,SELL052,4,0.25,UPI,Delivered
ORD001847,2025-01-05,CUST1141,PROD0103,SELL080,2,0.15,UPI,Shipped
ORD001848,2024-05-10,CUST0981,PROD0176,SELL006,4,0.25,Net Banking,Delivered
ORD001849,2024-07-18,CUST0092,PROD0009,SELL036,3,0.05,UPI,Delivered
ORD001850,2024-01-15,CUST0179,PROD0032,SELL077,4,0.15,UPI,Delivered
ORD001851,2024-02-06,CUST1182,PROD0068,SELL039,4,0.05,Credit Card,Returned
ORD001852,2024-04-25,CUST0872,PROD0132,SELL059,3,0.1,Credit Card,Delivered
ORD001853,2024-11-27,CUST0052,PROD0059,SELL029,3,0.05,COD,Returned
ORD001854,2025-05-01,CUST0324,PROD0117,SELL079,3,0.1,Credit Card,Returned
ORD001855,2025-07-30,CUST0192,PROD0145,SELL066,4,0.05,Credit Card,Shipped
ORD001856,2025-04-05,CUST0229,PROD0126,SELL035,3,0.1,Credit Card,Delivered
ORD001857,2025-03-26,CUST1051,PROD0116,SELL067,4,0.1,Credit Card,Cancelled
ORD001858,2025-11-14,CUST1152,PROD0167,SELL017,4,0.15,Debit Card,Delivered
ORD001859,2024-07-05,CUST1079,PROD0106,SELL057,4,0.0,Net Banking,Delivered
ORD001860,2025-08-06,CUST0844,PROD0118,SELL051,3,0.1,COD,Delivered
ORD001861,2025-11-15,CUST0966,PROD0130,SELL018,3,0.05,Debit Card,Shipped
ORD001862,2025-02-19,CUST0170,PROD0036,SELL004,2,0.1,Debit Card,Delivered
ORD001863,2025-09-06,CUST0175,PROD0038,SELL009,1,0.05,Debit Card,Returned
ORD001864,2024-04-10,CUST1119,PROD0046,SELL061,4,0.15,COD,Shipped
ORD001865,2025-10-04,CUST0135,PROD0155,SELL025,4,0.1,UPI,Delivered
ORD001866,2025-02-16,CUST0642,PROD0043,SELL051,3,0.05,UPI,Delivered
ORD001867,2024-06-10,CUST0746,PROD0071,SELL030,1,0.1,Net Banking,Delivered
ORD001868,2024-02-15,CUST1199,PROD0108,SELL015,2,0.0,Credit Card,Shipped
ORD001869,2025-06-10,CUST0332,PROD0119,SELL005,4,0.15,Credit Card,Cancelled
ORD001870,2024-11-10,CUST0915,PROD0077,SELL019,2,0.1,Net Banking,Shipped
ORD001871,2024-08-14,CUST0241,PROD0099,SELL076,2,0.2,Credit Card,Delivered
ORD001872,2024-10-12,CUST0382,PROD0166,SELL050,1,0.1,Credit Card,Returned
ORD001873,2025-12-25,CUST0488,PROD0079,SELL002,2,0.1,Debit Card,Delivered
ORD001874,2024-11-08,CUST1070,PROD0150,SELL078,3,0.15,Net Banking,Delivered
ORD001875,2024-02-27,CUST0199,PROD0097,SELL035,2,0.0,COD,Delivered
ORD001876,2024-07-23,CUST1199,PROD0055,SELL022,2,0.2,UPI,Delivered
ORD001877,2024-04-16,CUST0552,PROD0018,SELL046,2,0.05,COD,Cancelled
ORD001878,2025-05-16,CUST0782,PROD0023,SELL050,2,0.2,Net Banking,Delivered
ORD001879,2025-08-08,CUST0579,PROD0009,SELL073,4,0.0,COD,Delivered
ORD001880,2025-09-06,CUST0501,PROD0051,SELL026,3,0.1,Credit Card,Delivered
ORD001881,2025-04-07,CUST1076,PROD0112,SELL076,2,0.15,Credit Card,Delivered
ORD001882,2025-07-15,CUST0589,PROD0028,SELL004,2,0.05,COD,Delivered
ORD001883,2024-11-01,CUST0917,PROD0098,SELL011,2,0.0,Debit Card,Delivered
ORD001884,2025-04-03,CUST0797,PROD0166,SELL031,4,0.1,Debit Card,Cancelled
ORD001885,2024-03-19,CUST0576,PROD0089,SELL026,3,0.1,UPI,Returned
ORD001886,2025-01-28,CUST1185,PROD0075,SELL059,3,0.1,Credit Card,Cancelled
ORD001887,2025-02-11,CUST0854,PROD0149,SELL042,1,0.05,UPI,Delivered
ORD001888,2024-01-23,CUST0152,PROD0040,SELL008,1,0.15,COD,Shipped
ORD001889,2025-02-04,CUST0999,PROD0077,SELL057,4,0.0,Debit Card,Delivered
ORD001890,2025-06-12,CUST0553,PROD0005,SELL029,4,0.1,COD,Cancelled
ORD001891,2024-09-25,CUST0354,PROD0140,SELL060,4,0.05,Net Banking,Delivered
ORD001892,2025-02-02,CUST0234,PROD0116,SELL030,3,0.1,UPI,Delivered
ORD001893,2024-07-28,CUST0152,PROD0006,SELL034,2,0.15,Debit Card,Delivered
ORD001894,2024-07-16,CUST0247,PROD0098,SELL076,2,0.0,Debit Card,Shipped
ORD001895,2024-04-04,CUST0952,PROD0045,SELL060,4,0.2,COD,Returned
ORD001896,2024-08-27,CUST0306,PROD0064,SELL039,4,0.0,UPI,Delivered
ORD001897,2025-08-10,CUST0378,PROD0111,SELL061,4,0.15,Net Banking,Returned
ORD001898,2025-11-14,CUST0432,PROD0131,SELL080,2,0.1,Debit Card,Shipped
ORD001899,2025-04-09,CUST0258,PROD0108,SELL016,4,0.1,Debit Card,Shipped
ORD001900,2025-04-01,CUST0993,PROD0070,SELL064,2,0.15,COD,Delivered
ORD001901,2025-03-24,CUST0974,PROD0129,SELL008,4,0.1,COD,Shipped
ORD001902,2024-12-13,CUST1165,PROD0040,SELL030,4,0.15,Net Banking,Cancelled
ORD001903,2024-11-05,CUST0604,PROD0100,SELL038,2,0.1,UPI,Returned
ORD001904,2025-03-29,CUST0659,PROD0091,SELL061,3,0.0,COD,Delivered
ORD001905,2025-07-27,CUST0866,PROD0037,SELL039,4,0.25,COD,Delivered
ORD001906,2024-10-29,CUST1010,PROD0066,SELL057,1,0.0,Debit Card,Delivered
ORD001907,2025-02-17,CUST0536,PROD0096,SELL075,4,0.05,COD,Shipped
ORD001908,2024-12-09,CUST0659,PROD0146,SELL048,1,0.05,UPI,Cancelled
ORD001909,2024-07-27,CUST0385,PROD0167,SELL062,4,0.0,Debit Card,Delivered
ORD001910,2024-07-31,CUST0702,PROD0097,SELL020,3,0.1,Debit Card,Delivered
ORD001911,2024-02-27,CUST1023,PROD0103,SELL037,1,0.15,UPI,Shipped
ORD001912,2024-11-17,CUST0579,PROD0122,SELL021,3,0.05,UPI,Shipped
ORD001913,2025-06-04,CUST0090,PROD0130,SELL005,1,0.1,UPI,Returned
ORD001914,2025-05-16,CUST0971,PROD0166,SELL040,4,0.05,UPI,Delivered
ORD001915,2025-12-21,CUST0492,PROD0152,SELL052,4,0.1,UPI,Delivered
ORD001916,2024-01-30,CUST1182,PROD0150,SELL041,2,0.05,Net Banking,Delivered
ORD001917,2025-07-10,CUST1113,PROD0069,SELL013,2,0.05,Credit Card,Shipped
ORD001918,2025-08-04,CUST0264,PROD0159,SELL028,2,0.05,Debit Card,Delivered
ORD001919,2024-11-15,CUST0912,PROD0051,SELL039,4,0.2,UPI,Delivered
ORD001920,2024-07-25,CUST0254,PROD0127,SELL012,3,0.05,UPI,Cancelled
ORD001921,2024-09-18,CUST0906,PROD0034,SELL002,2,0.0,Credit Card,Shipped
ORD001922,2025-05-13,CUST1173,PROD0061,SELL045,3,0.0,Credit Card,Delivered
ORD001923,2025-09-22,CUST1083,PROD0151,SELL046,1,0.15,Debit Card,Cancelled
ORD001924,2025-04-14,CUST0845,PROD0101,SELL039,1,0.2,COD,Delivered
ORD001925,2025-01-10,CUST0063,PROD0053,SELL076,1,0.1,UPI,Delivered
ORD001926,2025-04-22,CUST0936,PROD0060,SELL021,4,0.0,Net Banking,Delivered
ORD001927,2024-02-21,CUST1178,PROD0073,SELL064,1,0.15,Net Banking,Delivered
ORD001928,2025-03-20,CUST0957,PROD0030,SELL068,3,0.2,Debit Card,Returned
ORD001929,2024-01-31,CUST0351,PROD0070,SELL070,1,0.1,COD,Delivered
ORD001930,2025-12-02,CUST0396,PROD0108,SELL080,1,0.2,Debit Card,Delivered
ORD001931,2025-10-12,CUST0398,PROD0117,SELL060,1,0.0,UPI,Returned
ORD001932,2025-01-06,CUST0751,PROD0157,SELL004,1,0.25,COD,Cancelled
ORD001933,2024-09-30,CUST0031,PROD0050,SELL017,4,0.1,COD,Delivered
ORD001934,2025-06-19,CUST0143,PROD0069,SELL049,3,0.05,Net Banking,Delivered
ORD001935,2025-04-11,CUST0757,PROD0064,SELL060,4,0.15,Debit Card,Delivered
ORD001936,2025-05-30,CUST0836,PROD0009,SELL017,2,0.15,Debit Card,Delivered
ORD001937,2025-01-11,CUST0009,PROD0063,SELL047,3,0.05,Credit Card,Returned
ORD001938,2024-06-21,CUST0134,PROD0038,SELL027,1,0.0,UPI,Delivered
ORD001939,2024-02-23,CUST0024,PROD0059,SELL051,1,0.1,Credit Card,Delivered
ORD001940,2024-07-26,CUST1177,PROD0026,SELL048,4,0.0,Credit Card,Delivered
ORD001941,2025-01-21,CUST0518,PROD0139,SELL075,2,0.1,Debit Card,Delivered
ORD001942,2024-11-05,CUST0770,PROD0019,SELL031,2,0.15,COD,Shipped
ORD001943,2025-01-05,CUST1003,PROD0147,SELL080,4,0.05,Debit Card,Returned
ORD001944,2024-07-21,CUST0977,PROD0053,SELL057,2,0.0,Debit Card,Returned
ORD001945,2025-11-16,CUST0489,PROD0008,SELL042,1,0.15,Credit Card,Delivered
ORD001946,2024-09-25,CUST0106,PROD0021,SELL060,4,0.05,Credit Card,Returned
ORD001947,2025-09-10,CUST0801,PROD0026,SELL017,1,0.15,Debit Card,Cancelled
ORD001948,2024-10-12,CUST0593,PROD0043,SELL058,3,0.25,Net Banking,Delivered
ORD001949,2024-11-20,CUST0135,PROD0131,SELL021,2,0.1,Net Banking,Delivered
ORD001950,2025-03-17,CUST0980,PROD0022,SELL067,2,0.2,COD,Shipped
ORD001951,2024-07-11,CUST0326,PROD0034,SELL011,3,0.05,Debit Card,Cancelled
ORD001952,2024-06-09,CUST0492,PROD0003,SELL070,4,0.25,COD,Delivered
ORD001953,2024-10-04,CUST0613,PROD0083,SELL063,3,0.0,Debit Card,Returned
ORD001954,2025-08-10,CUST0700,PROD0136,SELL008,1,0.2,Credit Card,Returned
ORD001955,2024-04-15,CUST0212,PROD0106,SELL048,1,0.15,Net Banking,Delivered
ORD001956,2024-11-15,CUST0454,PROD0144,SELL037,1,0.0,Debit Card,Shipped
ORD001957,2025-05-06,CUST0445,PROD0166,SELL072,2,0.05,Credit Card,Shipped
ORD001958,2025-05-31,CUST0773,PROD0087,SELL045,3,0.0,Credit Card,Shipped
ORD001959,2024-11-13,CUST0553,PROD0176,SELL048,3,0.0,UPI,Cancelled
ORD001960,2024-02-29,CUST0637,PROD0157,SELL074,2,0.15,COD,Delivered
ORD001961,2024-01-12,CUST0265,PROD0057,SELL011,3,0.1,UPI,Delivered
ORD001962,2024-12-09,CUST0971,PROD0122,SELL044,2,0.2,UPI,Shipped
ORD001963,2025-08-15,CUST1052,PROD0086,SELL051,4,0.0,Credit Card,Cancelled
ORD001964,2024-01-21,CUST0785,PROD0052,SELL009,2,0.1,Net Banking,Cancelled
ORD001965,2025-10-10,CUST0841,PROD0171,SELL027,4,0.2,Net Banking,Shipped
ORD001966,2025-05-09,CUST0871,PROD0137,SELL052,3,0.2,Debit Card,Cancelled
ORD001967,2024-01-06,CUST0091,PROD0134,SELL074,3,0.0,Net Banking,Delivered
ORD001968,2024-09-08,CUST0777,PROD0125,SELL033,3,0.05,Credit Card,Cancelled
ORD001969,2024-06-10,CUST0412,PROD0057,SELL062,3,0.1,Credit Card,Delivered
ORD001970,2025-11-24,CUST0304,PROD0102,SELL014,3,0.1,Net Banking,Shipped
ORD001971,2025-02-09,CUST1074,PROD0135,SELL033,4,0.05,UPI,Cancelled
ORD001972,2024-08-24,CUST1111,PROD0138,SELL009,4,0.0,Debit Card,Returned
ORD001973,2024-07-22,CUST0511,PROD0169,SELL046,1,0.25,Net Banking,Cancelled
ORD001974,2025-02-16,CUST1180,PROD0071,SELL043,1,0.1,Net Banking,Delivered
ORD001975,2024-01-04,CUST0811,PROD0044,SELL074,2,0.1,UPI,Returned
ORD001976,2024-07-07,CUST0734,PROD0065,SELL008,4,0.0,UPI,Delivered
ORD001977,2024-04-30,CUST0622,PROD0120,SELL039,3,0.05,UPI,Delivered
ORD001978,2025-03-29,CUST0893,PROD0125,SELL020,1,0.15,Credit Card,Cancelled
ORD001979,2025-05-04,CUST0518,PROD0007,SELL061,3,0.15,Credit Card,Shipped
ORD001980,2024-12-07,CUST0670,PROD0103,SELL022,2,0.1,Credit Card,Delivered
ORD001981,2024-04-12,CUST0543,PROD0172,SELL060,2,0.05,Debit Card,Shipped
ORD001982,2024-09-27,CUST0160,PROD0160,SELL072,4,0.15,UPI,Cancelled
ORD001983,2025-09-08,CUST0791,PROD0095,SELL017,2,0.2,Net Banking,Delivered
ORD001984,2024-05-28,CUST1016,PROD0147,SELL004,3,0.2,Debit Card,Returned
ORD001985,2024-04-29,CUST1051,PROD0006,SELL040,1,0.2,Debit Card,Delivered
ORD001986,2024-03-22,CUST0364,PROD0110,SELL060,4,0.15,Net Banking,Delivered
ORD001987,2025-08-20,CUST0007,PROD0167,SELL028,3,0.15,UPI,Cancelled
ORD001988,2024-03-28,CUST0916,PROD0030,SELL056,3,0.05,Debit Card,Delivered
ORD001989,2025-03-01,CUST0158,PROD0091,SELL032,4,0.2,Credit Card,Cancelled
ORD001990,2025-12-31,CUST0609,PROD0171,SELL011,2,0.05,Net Banking,Delivered
ORD001991,2025-04-14,CUST0366,PROD0079,SELL009,2,0.05,Debit Card,Delivered
ORD001992,2024-10-28,CUST0978,PROD0168,SELL023,1,0.05,UPI,Delivered
ORD001993,2024-05-31,CUST0193,PROD0140,SELL031,2,0.15,Credit Card,Cancelled
ORD001994,2024-01-02,CUST0064,PROD0033,SELL005,3,0.15,COD,Returned
ORD001995,2024-04-23,CUST0295,PROD0001,SELL063,4,0.0,Net Banking,Returned
ORD001996,2025-11-27,CUST0966,PROD0041,SELL052,4,0.0,UPI,Cancelled
ORD001997,2024-04-14,CUST1048,PROD0047,SELL078,2,0.1,Credit Card,Delivered
ORD001998,2024-01-15,CUST0071,PROD0076,SELL049,3,0.2,Debit Card,Returned
ORD001999,2025-08-19,CUST0558,PROD0039,SELL035,4,0.15,UPI,Cancelled
ORD002000,2024-11-01,CUST0805,PROD0169,SELL019,1,0.05,Debit Card,Delivered
ORD002001,2024-09-17,CUST0259,PROD0003,SELL072,1,0.15,COD,Delivered
ORD002002,2025-06-08,CUST0640,PROD0086,SELL072,2,0.15,Net Banking,Delivered
ORD002003,2025-01-17,CUST0104,PROD0179,SELL021,4,0.0,COD,Shipped
ORD002004,2025-10-30,CUST0429,PROD0053,SELL054,1,0.0,Debit Card,Delivered
ORD002005,2024-12-07,CUST0953,PROD0070,SELL060,4,0.2,Credit Card,Shipped
ORD002006,2025-06-05,CUST0161,PROD0025,SELL041,1,0.1,Net Banking,Cancelled
ORD002007,2025-10-04,CUST0322,PROD0176,SELL027,1,0.1,Net Banking,Shipped
ORD002008,2024-12-04,CUST0543,PROD0165,SELL053,3,0.1,COD,Cancelled
ORD002009,2024-07-26,CUST0530,PROD0086,SELL005,4,0.15,Credit Card,Shipped
ORD002010,2025-12-13,CUST0322,PROD0011,SELL069,1,0.0,UPI,Delivered
ORD002011,2024-06-14,CUST0198,PROD0021,SELL044,3,0.15,Debit Card,Delivered
ORD002012,2024-01-29,CUST0868,PROD0096,SELL079,4,0.25,COD,Returned
ORD002013,2025-02-26,CUST0175,PROD0169,SELL038,1,0.2,UPI,Returned
ORD002014,2025-12-22,CUST0409,PROD0049,SELL010,3,0.15,Credit Card,Cancelled
ORD002015,2024-03-04,CUST0944,PROD0165,SELL021,3,0.2,UPI,Cancelled
ORD002016,2025-09-12,CUST1031,PROD0079,SELL006,3,0.05,Net Banking,Delivered
ORD002017,2025-08-30,CUST1128,PROD0108,SELL038,4,0.2,COD,Delivered
ORD002018,2025-11-10,CUST0274,PROD0008,SELL012,1,0.2,Net Banking,Delivered
ORD002019,2024-11-04,CUST1178,PROD0147,SELL041,4,0.15,UPI,Returned
ORD002020,2024-07-05,CUST0198,PROD0011,SELL058,2,0.15,UPI,Delivered
ORD002021,2025-01-09,CUST1099,PROD0085,SELL060,3,0.05,Net Banking,Delivered
ORD002022,2024-04-14,CUST0719,PROD0132,SELL007,3,0.1,COD,Returned
ORD002023,2025-09-08,CUST0016,PROD0104,SELL015,3,0.15,Net Banking,Delivered
ORD002024,2025-04-29,CUST1071,PROD0050,SELL033,1,0.25,UPI,Cancelled
ORD002025,2024-12-19,CUST0050,PROD0179,SELL027,3,0.2,Net Banking,Returned
ORD002026,2025-01-12,CUST0990,PROD0151,SELL019,1,0.0,UPI,Cancelled
ORD002027,2025-06-04,CUST0699,PROD0078,SELL044,2,0.0,Credit Card,Shipped
ORD002028,2025-01-17,CUST0681,PROD0108,SELL030,3,0.1,COD,Returned
ORD002029,2025-09-05,CUST0799,PROD0126,SELL003,3,0.05,UPI,Shipped
ORD002030,2025-11-06,CUST1135,PROD0033,SELL069,4,0.05,Credit Card,Delivered
ORD002031,2025-11-25,CUST0714,PROD0017,SELL008,1,0.05,Net Banking,Delivered
ORD002032,2025-03-29,CUST0610,PROD0145,SELL030,1,0.15,Credit Card,Returned
ORD002033,2025-06-26,CUST0767,PROD0005,SELL040,2,0.0,UPI,Shipped
ORD002034,2024-08-15,CUST1168,PROD0147,SELL004,3,0.2,UPI,Cancelled
ORD002035,2024-01-28,CUST0919,PROD0140,SELL074,2,0.15,COD,Cancelled
ORD002036,2024-10-19,CUST0746,PROD0053,SELL060,1,0.0,Debit Card,Delivered
ORD002037,2025-09-29,CUST0150,PROD0125,SELL058,1,0.2,COD,Delivered
ORD002038,2024-04-07,CUST0699,PROD0024,SELL042,4,0.15,UPI,Delivered
ORD002039,2025-02-02,CUST0674,PROD0167,SELL018,3,0.05,Debit Card,Delivered
ORD002040,2024-05-20,CUST1157,PROD0030,SELL005,1,0.0,Debit Card,Returned
ORD002041,2024-11-09,CUST0546,PROD0078,SELL080,4,0.0,UPI,Cancelled
ORD002042,2024-04-14,CUST0838,PROD0046,SELL033,4,0.0,Net Banking,Shipped
ORD002043,2025-06-21,CUST0463,PROD0020,SELL076,1,0.1,COD,Shipped
ORD002044,2025-08-15,CUST0833,PROD0140,SELL012,2,0.1,COD,Delivered
ORD002045,2025-07-08,CUST0994,PROD0101,SELL034,4,0.1,Credit Card,Returned
ORD002046,2025-05-30,CUST1180,PROD0137,SELL064,1,0.15,Credit Card,Shipped
ORD002047,2024-06-20,CUST1057,PROD0045,SELL036,2,0.05,COD,Delivered
ORD002048,2025-01-22,CUST0020,PROD0122,SELL030,1,0.25,COD,Returned
ORD002049,2024-03-17,CUST0024,PROD0093,SELL034,2,0.1,Credit Card,Returned
ORD002050,2024-09-30,CUST0083,PROD0170,SELL076,4,0.15,COD,Delivered
ORD002051,2025-01-04,CUST0959,PROD0001,SELL029,2,0.1,Net Banking,Cancelled
ORD002052,2025-05-03,CUST1071,PROD0060,SELL043,2,0.1,COD,Delivered
ORD002053,2024-03-11,CUST0619,PROD0153,SELL045,3,0.0,Net Banking,Delivered
ORD002054,2025-08-17,CUST0863,PROD0023,SELL079,1,0.2,Debit Card,Delivered
ORD002055,2024-12-01,CUST0376,PROD0144,SELL024,3,0.2,Net Banking,Cancelled
ORD002056,2025-10-06,CUST0338,PROD0044,SELL020,3,0.2,Net Banking,Returned
ORD002057,2025-01-20,CUST0085,PROD0173,SELL060,3,0.2,UPI,Cancelled
ORD002058,2025-02-03,CUST0525,PROD0156,SELL037,3,0.1,Debit Card,Delivered
ORD002059,2025-05-21,CUST0079,PROD0114,SELL043,4,0.05,Net Banking,Cancelled
ORD002060,2025-08-22,CUST0504,PROD0106,SELL015,1,0.25,Debit Card,Cancelled
ORD002061,2024-04-25,CUST0418,PROD0122,SELL042,2,0.1,Net Banking,Cancelled
ORD002062,2025-01-08,CUST0349,PROD0043,SELL014,4,0.05,Debit Card,Shipped
ORD002063,2024-01-22,CUST0459,PROD0086,SELL046,1,0.2,UPI,Delivered
ORD002064,2024-12-12,CUST1134,PROD0155,SELL066,1,0.05,Net Banking,Delivered
ORD002065,2025-08-17,CUST0791,PROD0049,SELL006,1,0.1,UPI,Shipped
ORD002066,2025-09-24,CUST1050,PROD0161,SELL074,1,0.1,UPI,Delivered
ORD002067,2024-07-26,CUST0835,PROD0147,SELL068,4,0.2,COD,Delivered
ORD002068,2024-10-09,CUST0285,PROD0054,SELL058,1,0.2,UPI,Cancelled
ORD002069,2025-02-07,CUST0755,PROD0108,SELL030,2,0.25,Credit Card,Delivered
ORD002070,2024-10-16,CUST0659,PROD0058,SELL001,4,0.25,Credit Card,Delivered
ORD002071,2024-05-10,CUST0956,PROD0123,SELL001,3,0.1,UPI,Delivered
ORD002072,2024-08-10,CUST0862,PROD0138,SELL072,3,0.0,COD,Returned
ORD002073,2024-10-22,CUST0879,PROD0020,SELL048,1,0.15,Debit Card,Delivered
ORD002074,2025-01-14,CUST0425,PROD0091,SELL018,2,0.1,COD,Returned
ORD002075,2025-11-04,CUST0729,PROD0095,SELL039,3,0.2,UPI,Shipped
ORD002076,2025-02-02,CUST0872,PROD0137,SELL033,2,0.2,UPI,Shipped
ORD002077,2024-10-09,CUST0662,PROD0105,SELL014,3,0.05,Net Banking,Returned
ORD002078,2025-04-27,CUST0129,PROD0082,SELL024,1,0.15,Credit Card,Delivered
ORD002079,2025-07-19,CUST0318,PROD0180,SELL071,2,0.0,Net Banking,Delivered
ORD002080,2024-11-10,CUST0684,PROD0107,SELL041,1,0.1,Net Banking,Delivered
ORD002081,2024-12-23,CUST1065,PROD0009,SELL022,1,0.15,UPI,Cancelled
ORD002082,2024-06-08,CUST0254,PROD0055,SELL053,4,0.2,UPI,Delivered
ORD002083,2025-09-24,CUST1049,PROD0059,SELL065,3,0.15,Debit Card,Returned
ORD002084,2025-09-25,CUST0609,PROD0101,SELL078,4,0.05,Credit Card,Delivered
ORD002085,2024-05-07,CUST0383,PROD0122,SELL004,4,0.0,Credit Card,Delivered
ORD002086,2024-09-09,CUST0929,PROD0137,SELL028,2,0.05,COD,Delivered
ORD002087,2024-07-17,CUST0857,PROD0011,SELL063,2,0.1,Credit Card,Delivered
ORD002088,2025-11-05,CUST1129,PROD0083,SELL030,4,0.05,Net Banking,Delivered
ORD002089,2024-02-17,CUST1014,PROD0047,SELL054,3,0.1,UPI,Cancelled
ORD002090,2024-05-31,CUST0854,PROD0126,SELL009,3,0.05,UPI,Delivered
ORD002091,2024-08-18,CUST0278,PROD0038,SELL017,3,0.0,Debit Card,Delivered
ORD002092,2025-02-13,CUST0984,PROD0169,SELL061,2,0.0,UPI,Delivered
ORD002093,2024-07-01,CUST0430,PROD0034,SELL004,4,0.15,Net Banking,Delivered
ORD002094,2025-01-27,CUST1194,PROD0002,SELL059,1,0.15,Credit Card,Returned
ORD002095,2025-06-30,CUST0593,PROD0011,SELL039,2,0.05,Debit Card,Delivered
ORD002096,2025-08-28,CUST0745,PROD0112,SELL041,2,0.0,Credit Card,Delivered
ORD002097,2024-03-13,CUST0888,PROD0074,SELL065,3,0.0,COD,Delivered
ORD002098,2024-04-11,CUST0935,PROD0014,SELL030,3,0.0,Credit Card,Delivered
ORD002099,2024-03-10,CUST0525,PROD0087,SELL077,3,0.0,Debit Card,Delivered
ORD002100,2025-10-27,CUST1137,PROD0106,SELL039,2,0.05,UPI,Cancelled
ORD002101,2025-04-21,CUST0069,PROD0030,SELL034,4,0.25,UPI,Shipped
ORD002102,2025-01-23,CUST1081,PROD0003,SELL047,1,0.1,Debit Card,Cancelled
ORD002103,2025-08-01,CUST0431,PROD0037,SELL011,3,0.15,UPI,Returned
ORD002104,2025-03-04,CUST1194,PROD0098,SELL008,1,0.0,Net Banking,Delivered
ORD002105,2024-06-21,CUST0515,PROD0004,SELL027,2,0.05,UPI,Returned
ORD002106,2025-01-07,CUST0318,PROD0024,SELL067,2,0.1,Credit Card,Cancelled
ORD002107,2025-05-29,CUST1055,PROD0016,SELL069,4,0.05,Net Banking,Delivered
ORD002108,2024-01-27,CUST1038,PROD0081,SELL052,4,0.15,UPI,Returned
ORD002109,2025-03-19,CUST0235,PROD0133,SELL073,4,0.1,Net Banking,Delivered
ORD002110,2024-12-29,CUST0865,PROD0058,SELL010,1,0.1,Net Banking,Returned
ORD002111,2024-02-20,CUST0024,PROD0174,SELL019,3,0.25,UPI,Returned
ORD002112,2024-07-11,CUST0327,PROD0134,SELL065,3,0.2,Credit Card,Shipped
ORD002113,2024-11-23,CUST0072,PROD0147,SELL022,1,0.1,COD,Delivered
ORD002114,2024-09-07,CUST0264,PROD0099,SELL028,4,0.0,Net Banking,Delivered
ORD002115,2024-07-31,CUST1107,PROD0033,SELL024,3,0.15,UPI,Returned
ORD002116,2025-04-19,CUST0682,PROD0064,SELL021,2,0.05,Credit Card,Delivered
ORD002117,2024-10-22,CUST0002,PROD0018,SELL070,2,0.15,Credit Card,Delivered
ORD002118,2024-12-29,CUST0175,PROD0079,SELL069,1,0.05,Credit Card,Cancelled
ORD002119,2025-08-06,CUST0642,PROD0070,SELL019,1,0.15,Net Banking,Cancelled
ORD002120,2024-03-09,CUST0702,PROD0163,SELL064,3,0.15,Net Banking,Shipped
ORD002121,2024-09-20,CUST1136,PROD0091,SELL016,1,0.05,UPI,Shipped
ORD002122,2024-02-23,CUST0927,PROD0097,SELL009,1,0.2,UPI,Delivered
ORD002123,2025-11-08,CUST0724,PROD0167,SELL057,2,0.1,Credit Card,Delivered
ORD002124,2024-05-15,CUST0899,PROD0172,SELL070,2,0.1,Debit Card,Cancelled
ORD002125,2025-08-22,CUST1111,PROD0149,SELL009,4,0.15,Credit Card,Delivered
ORD002126,2024-05-19,CUST1081,PROD0173,SELL019,2,0.2,Net Banking,Delivered
ORD002127,2024-08-24,CUST0181,PROD0151,SELL003,1,0.15,Debit Card,Delivered
ORD002128,2025-03-20,CUST0723,PROD0017,SELL060,4,0.1,COD,Delivered
ORD002129,2025-08-30,CUST0678,PROD0116,SELL067,1,0.1,Net Banking,Cancelled
ORD002130,2024-05-09,CUST0006,PROD0122,SELL040,4,0.15,UPI,Delivered
ORD002131,2024-06-04,CUST1017,PROD0039,SELL028,4,0.1,COD,Shipped
ORD002132,2025-10-06,CUST0346,PROD0006,SELL006,3,0.05,COD,Cancelled
ORD002133,2024-08-23,CUST1118,PROD0118,SELL075,3,0.15,Net Banking,Delivered
ORD002134,2024-06-02,CUST0007,PROD0103,SELL050,1,0.15,Credit Card,Delivered
ORD002135,2025-06-27,CUST0136,PROD0010,SELL017,4,0.0,Credit Card,Returned
ORD002136,2024-03-07,CUST0675,PROD0026,SELL020,3,0.05,UPI,Returned
ORD002137,2025-09-25,CUST1067,PROD0074,SELL006,4,0.1,UPI,Delivered
ORD002138,2025-10-02,CUST0698,PROD0063,SELL058,2,0.05,UPI,Returned
ORD002139,2025-09-18,CUST0216,PROD0155,SELL054,2,0.05,Net Banking,Shipped
ORD002140,2024-08-03,CUST0595,PROD0085,SELL029,2,0.0,Net Banking,Delivered
ORD002141,2024-03-24,CUST0066,PROD0177,SELL059,1,0.15,Debit Card,Shipped
ORD002142,2024-11-06,CUST0962,PROD0149,SELL052,2,0.05,COD,Delivered
ORD002143,2024-09-01,CUST0682,PROD0056,SELL022,2,0.05,UPI,Delivered
ORD002144,2025-12-02,CUST1138,PROD0138,SELL055,1,0.05,Net Banking,Delivered
ORD002145,2025-04-06,CUST0883,PROD0149,SELL041,3,0.15,UPI,Cancelled
ORD002146,2025-11-21,CUST0971,PROD0180,SELL030,2,0.25,COD,Delivered
ORD002147,2025-07-02,CUST0751,PROD0144,SELL073,3,0.0,COD,Cancelled
ORD002148,2025-06-06,CUST0938,PROD0037,SELL028,1,0.25,COD,Delivered
ORD002149,2024-03-22,CUST0753,PROD0030,SELL049,3,0.1,Debit Card,Returned
ORD002150,2024-02-20,CUST0893,PROD0144,SELL003,3,0.1,Debit Card,Cancelled
ORD002151,2024-02-03,CUST0483,PROD0101,SELL080,1,0.0,Debit Card,Delivered
ORD002152,2025-03-09,CUST1113,PROD0115,SELL024,1,0.1,COD,Delivered
ORD002153,2024-05-27,CUST0675,PROD0165,SELL054,3,0.15,Debit Card,Shipped
ORD002154,2025-12-24,CUST0935,PROD0054,SELL019,1,0.1,COD,Delivered
ORD002155,2024-04-06,CUST1106,PROD0050,SELL024,4,0.0,COD,Delivered
ORD002156,2025-11-23,CUST0547,PROD0152,SELL056,4,0.0,Credit Card,Shipped
ORD002157,2025-05-03,CUST0410,PROD0112,SELL067,3,0.15,COD,Delivered
ORD002158,2024-03-18,CUST0943,PROD0037,SELL059,1,0.15,COD,Delivered
ORD002159,2024-02-12,CUST0708,PROD0076,SELL051,2,0.1,COD,Returned
ORD002160,2024-10-16,CUST0683,PROD0116,SELL041,1,0.1,Net Banking,Shipped
ORD002161,2024-09-04,CUST0556,PROD0158,SELL027,2,0.15,Credit Card,Cancelled
ORD002162,2024-08-18,CUST1041,PROD0126,SELL054,2,0.2,Net Banking,Returned
ORD002163,2025-01-21,CUST0506,PROD0048,SELL020,2,0.15,Debit Card,Delivered
ORD002164,2024-04-04,CUST0224,PROD0035,SELL044,1,0.0,Debit Card,Delivered
ORD002165,2024-04-04,CUST0858,PROD0052,SELL055,1,0.1,Debit Card,Delivered
ORD002166,2025-05-22,CUST1137,PROD0155,SELL008,1,0.05,COD,Cancelled
ORD002167,2025-12-24,CUST0750,PROD0040,SELL017,1,0.05,Debit Card,Delivered
ORD002168,2024-07-19,CUST0651,PROD0096,SELL012,1,0.1,UPI,Delivered
ORD002169,2025-11-12,CUST0436,PROD0162,SELL066,2,0.0,UPI,Returned
ORD002170,2024-09-09,CUST1058,PROD0135,SELL029,4,0.0,Debit Card,Delivered
ORD002171,2024-09-02,CUST0113,PROD0127,SELL055,4,0.2,Debit Card,Cancelled
ORD002172,2024-03-07,CUST0736,PROD0010,SELL037,2,0.05,Credit Card,Delivered
ORD002173,2024-11-05,CUST0161,PROD0134,SELL079,3,0.1,UPI,Delivered
ORD002174,2024-12-30,CUST0706,PROD0091,SELL059,4,0.1,Credit Card,Delivered
ORD002175,2025-04-30,CUST1018,PROD0148,SELL067,1,0.15,Credit Card,Delivered
ORD002176,2024-04-25,CUST0233,PROD0018,SELL001,4,0.1,COD,Delivered
ORD002177,2024-05-17,CUST0203,PROD0079,SELL053,4,0.2,UPI,Returned
ORD002178,2024-11-11,CUST0679,PROD0100,SELL009,1,0.15,Credit Card,Delivered
ORD002179,2024-02-20,CUST0133,PROD0014,SELL047,3,0.2,COD,Delivered
ORD002180,2024-04-14,CUST0061,PROD0155,SELL067,4,0.0,Credit Card,Returned
ORD002181,2025-04-04,CUST0654,PROD0178,SELL053,1,0.0,UPI,Delivered
ORD002182,2025-11-28,CUST0084,PROD0161,SELL042,3,0.2,UPI,Cancelled
ORD002183,2025-02-22,CUST0841,PROD0024,SELL050,2,0.0,Credit Card,Delivered
ORD002184,2024-04-15,CUST0303,PROD0066,SELL031,3,0.05,Debit Card,Delivered
ORD002185,2025-12-25,CUST1103,PROD0010,SELL045,1,0.2,COD,Delivered
ORD002186,2025-01-16,CUST0085,PROD0026,SELL060,1,0.15,Debit Card,Cancelled
ORD002187,2025-06-08,CUST1166,PROD0018,SELL007,3,0.1,Net Banking,Shipped
ORD002188,2024-05-23,CUST1150,PROD0013,SELL020,4,0.1,Net Banking,Shipped
ORD002189,2025-02-26,CUST0215,PROD0095,SELL035,4,0.25,Debit Card,Delivered
ORD002190,2024-02-25,CUST0236,PROD0116,SELL038,1,0.25,Net Banking,Delivered
ORD002191,2025-04-02,CUST0899,PROD0122,SELL023,4,0.1,Net Banking,Delivered
ORD002192,2024-05-27,CUST0196,PROD0127,SELL053,1,0.1,COD,Shipped
ORD002193,2025-10-26,CUST0520,PROD0003,SELL075,4,0.0,Debit Card,Returned
ORD002194,2024-02-10,CUST0106,PROD0101,SELL023,4,0.05,Debit Card,Delivered
ORD002195,2025-04-22,CUST0711,PROD0150,SELL040,2,0.05,UPI,Delivered
ORD002196,2024-04-11,CUST0425,PROD0135,SELL041,1,0.0,Debit Card,Returned
ORD002197,2025-05-17,CUST0256,PROD0057,SELL063,1,0.05,Credit Card,Shipped
ORD002198,2024-12-26,CUST0617,PROD0048,SELL028,3,0.1,Credit Card,Delivered
ORD002199,2025-12-08,CUST0473,PROD0081,SELL078,2,0.15,COD,Cancelled
ORD002200,2025-04-21,CUST1020,PROD0088,SELL015,3,0.15,Credit Card,Delivered
ORD002201,2024-09-28,CUST1115,PROD0033,SELL029,2,0.1,Net Banking,Delivered
ORD002202,2024-03-04,CUST0726,PROD0117,SELL007,2,0.05,COD,Cancelled
ORD002203,2025-03-11,CUST0962,PROD0085,SELL059,2,0.0,UPI,Delivered
ORD002204,2024-11-18,CUST1175,PROD0024,SELL069,3,0.1,Net Banking,Cancelled
ORD002205,2024-02-08,CUST0423,PROD0015,SELL010,4,0.15,Credit Card,Cancelled
ORD002206,2025-02-28,CUST0930,PROD0005,SELL072,4,0.05,UPI,Cancelled
ORD002207,2024-06-02,CUST0986,PROD0011,SELL077,2,0.1,COD,Delivered
ORD002208,2024-06-20,CUST1011,PROD0054,SELL036,3,0.25,Credit Card,Shipped
ORD002209,2024-01-07,CUST1172,PROD0041,SELL065,3,0.15,Debit Card,Delivered
ORD002210,2024-09-28,CUST0588,PROD0150,SELL004,3,0.05,COD,Shipped
ORD002211,2024-06-08,CUST0843,PROD0124,SELL015,1,0.15,COD,Cancelled
ORD002212,2024-02-22,CUST0327,PROD0020,SELL044,3,0.05,Net Banking,Delivered
ORD002213,2024-11-13,CUST1189,PROD0114,SELL001,2,0.1,UPI,Delivered
ORD002214,2024-06-09,CUST0934,PROD0006,SELL036,1,0.2,Net Banking,Delivered
ORD002215,2024-04-08,CUST0147,PROD0030,SELL046,3,0.1,Credit Card,Delivered
ORD002216,2024-12-07,CUST0216,PROD0056,SELL008,3,0.0,Net Banking,Cancelled
ORD002217,2024-02-16,CUST0545,PROD0148,SELL005,3,0.2,Debit Card,Cancelled
ORD002218,2025-12-25,CUST0650,PROD0096,SELL026,2,0.1,COD,Shipped
ORD002219,2024-12-10,CUST1136,PROD0084,SELL013,2,0.1,Debit Card,Delivered
ORD002220,2025-12-29,CUST0438,PROD0090,SELL039,4,0.05,UPI,Delivered
ORD002221,2025-10-06,CUST0755,PROD0081,SELL005,3,0.2,Credit Card,Cancelled
ORD002222,2025-12-17,CUST0163,PROD0106,SELL039,2,0.1,Credit Card,Cancelled
ORD002223,2025-01-31,CUST0330,PROD0174,SELL056,3,0.2,Credit Card,Returned
ORD002224,2024-11-05,CUST0782,PROD0097,SELL065,1,0.15,COD,Delivered
ORD002225,2025-06-10,CUST0696,PROD0043,SELL017,2,0.0,COD,Delivered
ORD002226,2024-02-28,CUST0255,PROD0091,SELL023,4,0.05,Net Banking,Delivered
ORD002227,2025-09-06,CUST0591,PROD0123,SELL056,1,0.1,UPI,Returned
ORD002228,2024-08-24,CUST1001,PROD0089,SELL016,1,0.2,UPI,Delivered
ORD002229,2024-01-06,CUST0360,PROD0098,SELL047,1,0.15,Credit Card,Cancelled
ORD002230,2024-06-22,CUST1128,PROD0040,SELL022,2,0.0,Debit Card,Delivered
ORD002231,2024-06-26,CUST0696,PROD0067,SELL047,4,0.1,Debit Card,Cancelled
ORD002232,2024-01-11,CUST0206,PROD0069,SELL039,4,0.0,Net Banking,Shipped
ORD002233,2025-05-03,CUST0255,PROD0022,SELL056,4,0.2,Net Banking,Cancelled
ORD002234,2024-03-10,CUST0571,PROD0108,SELL051,2,0.2,Credit Card,Shipped
ORD002235,2025-09-10,CUST0746,PROD0002,SELL021,1,0.1,COD,Returned
ORD002236,2024-11-27,CUST0799,PROD0110,SELL072,1,0.1,Net Banking,Delivered
ORD002237,2025-06-09,CUST0656,PROD0025,SELL032,4,0.05,Credit Card,Delivered
ORD002238,2024-09-05,CUST0601,PROD0002,SELL018,2,0.15,UPI,Delivered
ORD002239,2024-04-06,CUST0624,PROD0058,SELL071,1,0.15,Net Banking,Shipped
ORD002240,2024-05-11,CUST0024,PROD0102,SELL047,2,0.1,Debit Card,Cancelled
ORD002241,2025-04-17,CUST0090,PROD0035,SELL005,2,0.15,Credit Card,Delivered
ORD002242,2025-06-07,CUST0900,PROD0176,SELL056,2,0.2,UPI,Cancelled
ORD002243,2024-07-14,CUST0110,PROD0087,SELL079,3,0.1,Debit Card,Delivered
ORD002244,2024-09-18,CUST0275,PROD0118,SELL058,1,0.15,COD,Delivered
ORD002245,2025-11-21,CUST0873,PROD0030,SELL019,3,0.0,Debit Card,Shipped
ORD002246,2025-09-14,CUST1056,PROD0048,SELL057,4,0.0,Credit Card,Delivered
ORD002247,2024-10-28,CUST1097,PROD0142,SELL077,3,0.05,UPI,Delivered
ORD002248,2024-06-25,CUST0822,PROD0011,SELL041,4,0.2,Net Banking,Returned
ORD002249,2024-08-08,CUST0408,PROD0117,SELL051,3,0.0,UPI,Cancelled
ORD002250,2025-01-28,CUST0086,PROD0019,SELL050,4,0.0,Credit Card,Cancelled
ORD002251,2025-02-18,CUST0520,PROD0107,SELL043,2,0.1,UPI,Delivered
ORD002252,2024-05-14,CUST0457,PROD0123,SELL020,2,0.15,Debit Card,Cancelled
ORD002253,2024-02-18,CUST1020,PROD0117,SELL001,2,0.0,Credit Card,Delivered
ORD002254,2024-12-28,CUST1156,PROD0146,SELL009,1,0.0,Net Banking,Delivered
ORD002255,2025-08-05,CUST1140,PROD0176,SELL011,1,0.15,Credit Card,Delivered
ORD002256,2024-04-21,CUST0591,PROD0148,SELL076,2,0.25,UPI,Cancelled
ORD002257,2024-10-25,CUST0928,PROD0115,SELL068,1,0.15,Debit Card,Returned
ORD002258,2024-04-28,CUST0905,PROD0069,SELL047,4,0.15,Debit Card,Delivered
ORD002259,2024-06-26,CUST0305,PROD0132,SELL005,4,0.1,Credit Card,Delivered
ORD002260,2025-03-23,CUST0603,PROD0148,SELL020,2,0.1,COD,Delivered
ORD002261,2024-07-28,CUST0288,PROD0011,SELL006,4,0.2,Credit Card,Returned
ORD002262,2024-07-11,CUST1155,PROD0032,SELL074,2,0.1,Net Banking,Delivered
ORD002263,2025-12-28,CUST0760,PROD0013,SELL062,4,0.1,Credit Card,Delivered
ORD002264,2024-05-06,CUST0100,PROD0016,SELL002,4,0.05,Credit Card,Returned
ORD002265,2024-05-18,CUST0138,PROD0066,SELL031,3,0.1,Debit Card,Cancelled
ORD002266,2025-11-10,CUST0635,PROD0168,SELL019,1,0.0,COD,Cancelled
ORD002267,2025-02-06,CUST0870,PROD0041,SELL026,4,0.05,Credit Card,Delivered
ORD002268,2024-02-01,CUST0289,PROD0023,SELL059,4,0.25,Debit Card,Returned
ORD002269,2024-11-06,CUST0107,PROD0179,SELL019,2,0.25,COD,Delivered
ORD002270,2025-02-17,CUST0805,PROD0054,SELL077,4,0.15,Debit Card,Delivered
ORD002271,2024-07-04,CUST0609,PROD0031,SELL024,4,0.1,Net Banking,Delivered
ORD002272,2025-02-04,CUST0518,PROD0168,SELL080,4,0.2,Credit Card,Delivered
ORD002273,2025-04-19,CUST0372,PROD0052,SELL038,1,0.15,Debit Card,Delivered
ORD002274,2024-07-02,CUST0316,PROD0138,SELL037,4,0.2,Net Banking,Cancelled
ORD002275,2025-08-16,CUST0722,PROD0072,SELL054,4,0.2,UPI,Cancelled
ORD002276,2024-11-26,CUST1178,PROD0118,SELL037,3,0.2,Debit Card,Delivered
ORD002277,2025-12-05,CUST0778,PROD0114,SELL058,2,0.0,COD,Shipped
ORD002278,2024-03-05,CUST0823,PROD0122,SELL057,4,0.0,COD,Shipped
ORD002279,2024-08-25,CUST0808,PROD0117,SELL005,2,0.0,UPI,Delivered
ORD002280,2025-06-11,CUST0766,PROD0031,SELL068,3,0.2,COD,Delivered
ORD002281,2025-10-16,CUST0165,PROD0091,SELL029,4,0.25,COD,Returned
ORD002282,2024-06-11,CUST1039,PROD0139,SELL051,4,0.2,Credit Card,Delivered
ORD002283,2025-12-17,CUST0122,PROD0046,SELL050,1,0.15,Net Banking,Delivered
ORD002284,2024-05-21,CUST0549,PROD0009,SELL006,1,0.0,Credit Card,Shipped
ORD002285,2024-10-31,CUST1103,PROD0087,SELL032,2,0.15,Credit Card,Shipped
ORD002286,2024-08-18,CUST1068,PROD0051,SELL048,4,0.05,Debit Card,Shipped
ORD002287,2024-11-06,CUST1018,PROD0056,SELL001,4,0.1,UPI,Delivered
ORD002288,2025-10-21,CUST0670,PROD0130,SELL011,3,0.05,Net Banking,Returned
ORD002289,2025-06-19,CUST0276,PROD0087,SELL077,4,0.1,UPI,Shipped
ORD002290,2025-08-05,CUST0652,PROD0057,SELL053,3,0.2,Credit Card,Cancelled
ORD002291,2024-07-04,CUST0113,PROD0169,SELL057,4,0.1,COD,Delivered
ORD002292,2025-11-23,CUST1079,PROD0099,SELL037,1,0.0,Credit Card,Shipped
ORD002293,2024-11-14,CUST0750,PROD0039,SELL044,3,0.2,COD,Shipped
ORD002294,2025-04-21,CUST1189,PROD0044,SELL052,1,0.0,UPI,Delivered
ORD002295,2025-05-25,CUST0096,PROD0046,SELL067,2,0.2,Net Banking,Shipped
ORD002296,2025-04-29,CUST0894,PROD0036,SELL080,1,0.2,COD,Shipped
ORD002297,2025-03-15,CUST0878,PROD0036,SELL050,3,0.0,Credit Card,Shipped
ORD002298,2024-12-16,CUST1112,PROD0154,SELL037,2,0.15,Net Banking,Cancelled
ORD002299,2025-04-18,CUST0433,PROD0045,SELL004,2,0.1,Net Banking,Delivered
ORD002300,2025-10-23,CUST0528,PROD0089,SELL070,2,0.05,Net Banking,Shipped
ORD002301,2024-10-11,CUST1071,PROD0136,SELL060,3,0.25,Debit Card,Cancelled
ORD002302,2025-01-08,CUST1151,PROD0015,SELL063,1,0.05,Net Banking,Delivered
ORD002303,2024-05-11,CUST0504,PROD0084,SELL063,2,0.15,Debit Card,Delivered
ORD002304,2024-09-16,CUST0413,PROD0087,SELL073,2,0.1,UPI,Cancelled
ORD002305,2025-07-18,CUST0276,PROD0134,SELL008,3,0.15,Credit Card,Delivered
ORD002306,2025-04-13,CUST0461,PROD0010,SELL075,3,0.0,COD,Delivered
ORD002307,2024-06-03,CUST0250,PROD0105,SELL080,3,0.0,Credit Card,Cancelled
ORD002308,2025-02-03,CUST0716,PROD0122,SELL052,4,0.15,Net Banking,Delivered
ORD002309,2025-08-16,CUST0816,PROD0074,SELL080,2,0.05,UPI,Delivered
ORD002310,2024-03-31,CUST0334,PROD0098,SELL008,1,0.1,Debit Card,Shipped
ORD002311,2024-02-15,CUST0831,PROD0129,SELL065,2,0.1,COD,Delivered
ORD002312,2024-10-14,CUST0604,PROD0136,SELL056,3,0.05,COD,Delivered
ORD002313,2025-04-24,CUST1176,PROD0144,SELL007,3,0.1,UPI,Delivered
ORD002314,2024-08-17,CUST0219,PROD0037,SELL005,2,0.25,UPI,Cancelled
ORD002315,2025-08-23,CUST0364,PROD0066,SELL017,4,0.1,COD,Delivered
ORD002316,2025-09-11,CUST0762,PROD0076,SELL075,2,0.25,UPI,Delivered
ORD002317,2025-01-24,CUST0949,PROD0098,SELL021,2,0.15,Net Banking,Shipped
ORD002318,2024-10-03,CUST1020,PROD0041,SELL025,4,0.15,UPI,Shipped
ORD002319,2024-01-31,CUST0063,PROD0118,SELL053,2,0.1,COD,Returned
ORD002320,2025-08-23,CUST0891,PROD0014,SELL018,3,0.25,Credit Card,Delivered
ORD002321,2025-10-16,CUST0943,PROD0134,SELL011,3,0.25,Debit Card,Cancelled
ORD002322,2024-11-19,CUST0341,PROD0062,SELL063,1,0.25,Debit Card,Shipped
ORD002323,2025-01-12,CUST0976,PROD0090,SELL002,4,0.15,Debit Card,Delivered
ORD002324,2025-07-04,CUST1116,PROD0109,SELL063,4,0.1,UPI,Delivered
ORD002325,2025-05-23,CUST0047,PROD0005,SELL062,2,0.2,Net Banking,Delivered
ORD002326,2024-04-08,CUST0486,PROD0041,SELL078,2,0.1,Net Banking,Delivered
ORD002327,2025-05-06,CUST0764,PROD0008,SELL037,1,0.1,Credit Card,Delivered
ORD002328,2025-11-06,CUST0646,PROD0008,SELL019,4,0.2,UPI,Shipped
ORD002329,2025-07-02,CUST0270,PROD0092,SELL008,2,0.05,Credit Card,Delivered
ORD002330,2024-12-17,CUST0049,PROD0028,SELL037,1,0.2,UPI,Shipped
ORD002331,2025-01-17,CUST0989,PROD0084,SELL047,2,0.05,UPI,Shipped
ORD002332,2024-07-08,CUST0016,PROD0128,SELL074,2,0.2,Net Banking,Shipped
ORD002333,2025-04-28,CUST0074,PROD0088,SELL019,1,0.0,Debit Card,Cancelled
ORD002334,2024-06-25,CUST0246,PROD0106,SELL049,1,0.2,Net Banking,Delivered
ORD002335,2024-09-06,CUST0805,PROD0049,SELL021,1,0.1,COD,Cancelled
ORD002336,2024-07-12,CUST0807,PROD0177,SELL068,4,0.0,Net Banking,Cancelled
ORD002337,2024-09-02,CUST0556,PROD0018,SELL015,4,0.0,COD,Returned
ORD002338,2024-09-25,CUST0018,PROD0174,SELL016,3,0.0,COD,Delivered
ORD002339,2024-03-01,CUST0939,PROD0007,SELL054,3,0.15,Debit Card,Cancelled
ORD002340,2025-06-08,CUST0782,PROD0082,SELL052,3,0.05,UPI,Shipped
ORD002341,2024-11-18,CUST0531,PROD0088,SELL070,1,0.1,Credit Card,Returned
ORD002342,2025-11-25,CUST0215,PROD0116,SELL076,4,0.15,Credit Card,Delivered
ORD002343,2024-05-12,CUST1112,PROD0128,SELL006,2,0.05,UPI,Returned
ORD002344,2025-05-04,CUST0654,PROD0030,SELL056,1,0.2,COD,Delivered
ORD002345,2024-05-10,CUST0590,PROD0101,SELL021,3,0.05,Debit Card,Delivered
ORD002346,2025-02-03,CUST0831,PROD0103,SELL052,4,0.1,Credit Card,Delivered
ORD002347,2024-12-24,CUST0539,PROD0048,SELL049,3,0.1,Credit Card,Returned
ORD002348,2024-11-23,CUST0197,PROD0065,SELL022,3,0.0,Net Banking,Delivered
ORD002349,2025-04-23,CUST0173,PROD0027,SELL033,2,0.05,COD,Delivered
ORD002350,2025-08-28,CUST0387,PROD0045,SELL021,3,0.0,COD,Delivered
ORD002351,2024-08-19,CUST0122,PROD0157,SELL033,2,0.2,COD,Cancelled
ORD002352,2025-09-13,CUST0933,PROD0146,SELL012,2,0.1,Net Banking,Delivered
ORD002353,2024-05-15,CUST0033,PROD0180,SELL069,4,0.1,COD,Delivered
ORD002354,2024-08-02,CUST1089,PROD0043,SELL009,2,0.25,Net Banking,Returned
ORD002355,2024-08-15,CUST0322,PROD0056,SELL046,2,0.15,UPI,Delivered
ORD002356,2025-11-27,CUST0879,PROD0170,SELL052,1,0.05,Credit Card,Cancelled
ORD002357,2024-03-27,CUST0896,PROD0065,SELL063,3,0.1,COD,Delivered
ORD002358,2024-10-15,CUST0499,PROD0177,SELL064,1,0.05,COD,Delivered
ORD002359,2024-11-06,CUST0719,PROD0032,SELL012,1,0.0,Debit Card,Delivered
ORD002360,2025-08-07,CUST0027,PROD0081,SELL013,4,0.05,UPI,Shipped
ORD002361,2024-12-21,CUST1062,PROD0009,SELL054,3,0.15,Credit Card,Cancelled
ORD002362,2025-12-07,CUST0426,PROD0069,SELL047,3,0.1,Credit Card,Delivered
ORD002363,2025-06-25,CUST0334,PROD0106,SELL006,2,0.0,Debit Card,Shipped
ORD002364,2025-05-29,CUST0419,PROD0007,SELL021,4,0.05,Credit Card,Cancelled
ORD002365,2025-07-04,CUST0367,PROD0034,SELL011,3,0.15,Credit Card,Delivered
ORD002366,2024-04-28,CUST0441,PROD0011,SELL003,3,0.05,Credit Card,Returned
ORD002367,2024-11-24,CUST0881,PROD0076,SELL055,2,0.15,Debit Card,Delivered
ORD002368,2025-03-04,CUST0141,PROD0116,SELL014,2,0.1,Debit Card,Delivered
ORD002369,2024-06-01,CUST0682,PROD0031,SELL054,2,0.05,UPI,Delivered
ORD002370,2024-03-27,CUST0025,PROD0074,SELL079,1,0.0,UPI,Delivered
ORD002371,2024-04-09,CUST0724,PROD0067,SELL034,3,0.0,Credit Card,Delivered
ORD002372,2025-07-30,CUST0175,PROD0095,SELL017,2,0.25,Credit Card,Delivered
ORD002373,2025-04-25,CUST0042,PROD0056,SELL032,2,0.15,COD,Delivered
ORD002374,2024-07-24,CUST1158,PROD0071,SELL051,2,0.0,Credit Card,Delivered
ORD002375,2025-06-22,CUST0812,PROD0088,SELL057,2,0.2,Net Banking,Delivered
ORD002376,2025-05-23,CUST0167,PROD0116,SELL010,1,0.05,Debit Card,Delivered
ORD002377,2025-08-19,CUST0722,PROD0075,SELL041,2,0.25,COD,Delivered
ORD002378,2025-10-27,CUST0966,PROD0093,SELL043,4,0.0,COD,Delivered
ORD002379,2025-10-06,CUST0259,PROD0005,SELL022,4,0.05,Net Banking,Shipped
ORD002380,2024-05-12,CUST0574,PROD0046,SELL074,2,0.2,Credit Card,Cancelled
ORD002381,2025-07-16,CUST0894,PROD0157,SELL028,2,0.0,UPI,Shipped
ORD002382,2024-10-14,CUST0250,PROD0151,SELL044,3,0.1,Credit Card,Shipped
ORD002383,2024-10-21,CUST0123,PROD0157,SELL022,3,0.15,Debit Card,Delivered
ORD002384,2025-04-18,CUST1182,PROD0112,SELL010,1,0.0,Credit Card,Delivered
ORD002385,2025-03-16,CUST0320,PROD0049,SELL028,3,0.15,UPI,Delivered
ORD002386,2024-11-02,CUST1101,PROD0030,SELL023,1,0.15,COD,Delivered
ORD002387,2025-12-31,CUST0801,PROD0016,SELL018,1,0.2,Net Banking,Cancelled
ORD002388,2024-05-07,CUST0624,PROD0073,SELL029,3,0.15,Credit Card,Delivered
ORD002389,2024-03-11,CUST0653,PROD0068,SELL045,3,0.2,Debit Card,Shipped
ORD002390,2024-01-22,CUST0236,PROD0052,SELL068,4,0.05,UPI,Returned
ORD002391,2025-08-18,CUST1197,PROD0010,SELL008,1,0.0,Credit Card,Returned
ORD002392,2024-10-24,CUST0993,PROD0098,SELL002,1,0.1,UPI,Shipped
ORD002393,2024-11-15,CUST0515,PROD0076,SELL016,2,0.0,Net Banking,Cancelled
ORD002394,2025-04-19,CUST0762,PROD0073,SELL054,4,0.2,Net Banking,Returned
ORD002395,2024-11-14,CUST0898,PROD0174,SELL040,2,0.15,Credit Card,Returned
ORD002396,2025-02-23,CUST0326,PROD0014,SELL047,2,0.05,Credit Card,Delivered
ORD002397,2024-02-12,CUST0938,PROD0081,SELL009,2,0.05,UPI,Delivered
ORD002398,2024-04-24,CUST1027,PROD0104,SELL039,2,0.1,Debit Card,Delivered
ORD002399,2025-11-12,CUST1020,PROD0052,SELL022,3,0.15,COD,Delivered
ORD002400,2024-11-25,CUST1123,PROD0134,SELL003,3,0.15,UPI,Delivered
ORD002401,2024-05-02,CUST0765,PROD0093,SELL024,2,0.1,Debit Card,Delivered
ORD002402,2024-09-27,CUST0956,PROD0178,SELL001,2,0.2,COD,Cancelled
ORD002403,2024-09-01,CUST0676,PROD0152,SELL005,1,0.05,Net Banking,Cancelled
ORD002404,2024-07-19,CUST0014,PROD0053,SELL007,4,0.05,Debit Card,Delivered
ORD002405,2024-08-02,CUST0111,PROD0008,SELL048,3,0.2,Credit Card,Delivered
ORD002406,2025-06-17,CUST0435,PROD0056,SELL013,4,0.15,UPI,Delivered
ORD002407,2024-03-19,CUST0799,PROD0141,SELL003,3,0.15,COD,Delivered
ORD002408,2024-08-14,CUST0482,PROD0136,SELL059,4,0.1,Credit Card,Delivered
ORD002409,2024-12-08,CUST1185,PROD0014,SELL044,1,0.1,Debit Card,Returned
ORD002410,2025-01-29,CUST0856,PROD0069,SELL003,4,0.15,COD,Cancelled
ORD002411,2025-10-05,CUST0478,PROD0125,SELL055,1,0.2,UPI,Returned
ORD002412,2025-11-05,CUST0655,PROD0039,SELL001,2,0.0,COD,Delivered
ORD002413,2024-08-05,CUST0761,PROD0013,SELL022,1,0.25,Net Banking,Delivered
ORD002414,2025-01-29,CUST0102,PROD0030,SELL044,4,0.05,UPI,Returned
ORD002415,2024-01-17,CUST0368,PROD0031,SELL065,4,0.15,COD,Delivered
ORD002416,2025-03-27,CUST0864,PROD0166,SELL020,3,0.15,Credit Card,Shipped
ORD002417,2024-04-21,CUST0983,PROD0011,SELL002,3,0.0,Net Banking,Returned
ORD002418,2024-02-23,CUST0389,PROD0118,SELL017,3,0.15,COD,Delivered
ORD002419,2025-05-06,CUST0195,PROD0092,SELL064,3,0.2,Net Banking,Returned
ORD002420,2024-05-10,CUST0752,PROD0109,SELL031,1,0.05,Debit Card,Delivered
ORD002421,2024-12-14,CUST0494,PROD0095,SELL059,3,0.05,UPI,Delivered
ORD002422,2024-03-14,CUST0725,PROD0029,SELL065,3,0.15,COD,Shipped
ORD002423,2025-06-29,CUST0974,PROD0059,SELL053,2,0.15,Debit Card,Delivered
ORD002424,2025-07-13,CUST0500,PROD0072,SELL065,3,0.1,Credit Card,Cancelled
ORD002425,2025-02-24,CUST0779,PROD0054,SELL076,1,0.2,COD,Delivered
ORD002426,2025-09-03,CUST0270,PROD0045,SELL032,4,0.05,Net Banking,Shipped
ORD002427,2024-11-15,CUST0505,PROD0041,SELL033,2,0.0,UPI,Cancelled
ORD002428,2024-05-16,CUST0115,PROD0112,SELL013,1,0.05,COD,Delivered
ORD002429,2024-04-20,CUST0517,PROD0169,SELL065,1,0.0,UPI,Delivered
ORD002430,2024-06-09,CUST0219,PROD0004,SELL013,2,0.0,COD,Cancelled
ORD002431,2024-05-26,CUST1107,PROD0073,SELL038,2,0.0,Debit Card,Returned
ORD002432,2024-08-24,CUST0590,PROD0049,SELL041,1,0.15,Debit Card,Cancelled
ORD002433,2024-06-05,CUST1173,PROD0020,SELL052,4,0.1,Debit Card,Delivered
ORD002434,2025-03-08,CUST0492,PROD0093,SELL057,4,0.1,COD,Returned
ORD002435,2024-04-18,CUST0012,PROD0062,SELL026,3,0.1,Net Banking,Delivered
ORD002436,2025-03-30,CUST0225,PROD0034,SELL042,4,0.0,Credit Card,Returned
ORD002437,2024-09-01,CUST0477,PROD0124,SELL010,2,0.1,COD,Shipped
ORD002438,2025-05-17,CUST0221,PROD0057,SELL046,4,0.05,Debit Card,Delivered
ORD002439,2025-01-09,CUST0854,PROD0009,SELL011,1,0.2,Debit Card,Returned
ORD002440,2025-10-23,CUST0956,PROD0125,SELL040,4,0.1,Net Banking,Returned
ORD002441,2024-11-17,CUST0215,PROD0065,SELL058,1,0.15,COD,Returned
ORD002442,2024-08-03,CUST0730,PROD0022,SELL030,2,0.05,Net Banking,Returned
ORD002443,2025-03-06,CUST0171,PROD0063,SELL003,1,0.15,Debit Card,Cancelled
ORD002444,2025-04-26,CUST0999,PROD0060,SELL014,1,0.2,Debit Card,Cancelled
ORD002445,2024-11-17,CUST0988,PROD0127,SELL019,1,0.05,Credit Card,Delivered
ORD002446,2025-02-13,CUST0693,PROD0025,SELL057,1,0.1,Debit Card,Delivered
ORD002447,2024-12-10,CUST0434,PROD0136,SELL001,3,0.05,Net Banking,Shipped
ORD002448,2024-08-11,CUST0720,PROD0051,SELL004,3,0.2,Debit Card,Delivered
ORD002449,2024-08-17,CUST0336,PROD0012,SELL067,3,0.25,UPI,Returned
ORD002450,2025-10-25,CUST0752,PROD0015,SELL071,1,0.15,Debit Card,Shipped
ORD002451,2025-05-08,CUST1125,PROD0180,SELL067,3,0.0,Credit Card,Delivered
ORD002452,2024-03-10,CUST1085,PROD0121,SELL055,1,0.0,Debit Card,Delivered
ORD002453,2025-12-04,CUST0604,PROD0174,SELL011,1,0.05,COD,Cancelled
ORD002454,2025-06-04,CUST0802,PROD0039,SELL060,2,0.1,Net Banking,Cancelled
ORD002455,2024-02-06,CUST0335,PROD0128,SELL020,3,0.1,Credit Card,Shipped
ORD002456,2025-06-16,CUST0668,PROD0061,SELL016,3,0.2,COD,Delivered
ORD002457,2025-03-07,CUST0125,PROD0087,SELL054,2,0.1,COD,Returned
ORD002458,2025-10-31,CUST1069,PROD0073,SELL057,4,0.1,Credit Card,Delivered
ORD002459,2024-12-23,CUST0049,PROD0026,SELL067,3,0.1,Net Banking,Delivered
ORD002460,2025-01-14,CUST0602,PROD0085,SELL043,1,0.05,UPI,Delivered
ORD002461,2024-08-18,CUST1127,PROD0041,SELL029,4,0.15,Net Banking,Returned
ORD002462,2024-08-23,CUST0115,PROD0052,SELL025,3,0.15,COD,Shipped
ORD002463,2025-03-27,CUST0589,PROD0080,SELL012,3,0.2,UPI,Delivered
ORD002464,2025-08-28,CUST1071,PROD0032,SELL069,4,0.2,UPI,Delivered
ORD002465,2025-10-13,CUST0266,PROD0079,SELL020,3,0.05,UPI,Delivered
ORD002466,2025-07-17,CUST0916,PROD0127,SELL045,1,0.1,Net Banking,Delivered
ORD002467,2025-03-21,CUST0529,PROD0155,SELL036,4,0.1,COD,Cancelled
ORD002468,2024-12-31,CUST0129,PROD0057,SELL022,2,0.05,Net Banking,Delivered
ORD002469,2024-09-05,CUST1104,PROD0064,SELL009,1,0.0,Debit Card,Delivered
ORD002470,2025-07-15,CUST0582,PROD0058,SELL033,2,0.05,COD,Delivered
ORD002471,2024-08-20,CUST0631,PROD0022,SELL044,1,0.15,COD,Delivered
ORD002472,2024-07-14,CUST0513,PROD0173,SELL002,3,0.05,Net Banking,Delivered
ORD002473,2025-09-26,CUST0819,PROD0147,SELL002,4,0.1,Credit Card,Shipped
ORD002474,2025-03-06,CUST0285,PROD0043,SELL075,3,0.1,Credit Card,Delivered
ORD002475,2024-09-15,CUST0175,PROD0172,SELL077,2,0.0,COD,Cancelled
ORD002476,2025-09-24,CUST0697,PROD0083,SELL051,4,0.0,UPI,Returned
ORD002477,2025-12-04,CUST0356,PROD0152,SELL058,1,0.15,UPI,Cancelled
ORD002478,2024-08-20,CUST1178,PROD0007,SELL043,4,0.1,Net Banking,Cancelled
ORD002479,2025-01-16,CUST0754,PROD0128,SELL024,4,0.05,Net Banking,Returned
ORD002480,2024-12-19,CUST0217,PROD0155,SELL066,2,0.2,COD,Shipped
ORD002481,2025-05-27,CUST0252,PROD0005,SELL044,1,0.0,COD,Shipped
ORD002482,2025-11-26,CUST0506,PROD0069,SELL002,3,0.15,UPI,Delivered
ORD002483,2025-02-04,CUST1010,PROD0140,SELL074,3,0.15,Debit Card,Returned
ORD002484,2025-08-06,CUST1084,PROD0052,SELL003,1,0.1,Net Banking,Cancelled
ORD002485,2025-03-11,CUST0864,PROD0157,SELL014,1,0.15,Debit Card,Returned
ORD002486,2025-10-10,CUST0330,PROD0019,SELL028,3,0.2,Credit Card,Delivered
ORD002487,2024-10-22,CUST0234,PROD0168,SELL055,3,0.1,Credit Card,Shipped
ORD002488,2024-10-08,CUST0816,PROD0030,SELL078,2,0.2,Debit Card,Cancelled
ORD002489,2024-11-04,CUST0966,PROD0102,SELL027,3,0.05,Debit Card,Cancelled
ORD002490,2025-12-29,CUST0083,PROD0006,SELL001,3,0.0,Credit Card,Returned
ORD002491,2025-03-22,CUST0824,PROD0002,SELL073,2,0.1,UPI,Delivered
ORD002492,2024-04-21,CUST0363,PROD0013,SELL031,2,0.2,Net Banking,Delivered
ORD002493,2024-01-30,CUST1145,PROD0044,SELL011,1,0.05,Credit Card,Shipped
ORD002494,2025-01-14,CUST0771,PROD0030,SELL041,3,0.15,Credit Card,Delivered
ORD002495,2025-08-11,CUST0668,PROD0114,SELL078,4,0.05,Net Banking,Cancelled
ORD002496,2024-12-16,CUST0855,PROD0049,SELL020,1,0.2,Net Banking,Shipped
ORD002497,2025-02-13,CUST0936,PROD0049,SELL018,1,0.0,Debit Card,Cancelled
ORD002498,2025-08-06,CUST0129,PROD0007,SELL039,1,0.1,UPI,Delivered
ORD002499,2025-01-12,CUST0866,PROD0127,SELL061,3,0.0,Credit Card,Delivered
ORD002500,2025-10-26,CUST0065,PROD0021,SELL018,1,0.1,Credit Card,Returned
ORD002501,2025-04-11,CUST0407,PROD0017,SELL003,3,0.1,Credit Card,Shipped
ORD002502,2025-06-18,CUST0420,PROD0138,SELL075,3,0.1,UPI,Cancelled
ORD002503,2025-07-25,CUST0824,PROD0046,SELL036,4,0.0,Debit Card,Cancelled
ORD002504,2025-04-03,CUST0949,PROD0066,SELL029,1,0.2,Credit Card,Delivered
ORD002505,2024-02-06,CUST0886,PROD0055,SELL049,4,0.25,Credit Card,Delivered
ORD002506,2024-11-08,CUST0846,PROD0063,SELL060,2,0.05,Net Banking,Shipped
ORD002507,2024-04-13,CUST0478,PROD0004,SELL032,4,0.0,COD,Shipped
ORD002508,2025-01-08,CUST0205,PROD0067,SELL013,3,0.0,COD,Returned
ORD002509,2024-04-14,CUST1184,PROD0117,SELL005,4,0.15,UPI,Delivered
ORD002510,2025-01-07,CUST0438,PROD0042,SELL059,3,0.0,Credit Card,Shipped
ORD002511,2024-09-08,CUST1115,PROD0021,SELL064,1,0.2,UPI,Returned
ORD002512,2024-01-15,CUST0227,PROD0127,SELL029,1,0.2,Debit Card,Delivered
ORD002513,2024-04-01,CUST0901,PROD0045,SELL012,2,0.2,Credit Card,Delivered
ORD002514,2025-01-02,CUST0720,PROD0022,SELL062,4,0.15,Debit Card,Delivered
ORD002515,2024-02-27,CUST0143,PROD0174,SELL030,4,0.05,Net Banking,Cancelled
ORD002516,2025-09-17,CUST0463,PROD0054,SELL064,1,0.05,Credit Card,Delivered
ORD002517,2025-07-08,CUST0470,PROD0040,SELL074,4,0.15,COD,Cancelled
ORD002518,2025-06-02,CUST0647,PROD0029,SELL033,4,0.2,COD,Delivered
ORD002519,2024-05-05,CUST1110,PROD0065,SELL058,1,0.15,Debit Card,Delivered
ORD002520,2025-08-04,CUST0511,PROD0007,SELL013,1,0.15,COD,Delivered
ORD002521,2025-04-08,CUST0183,PROD0093,SELL004,1,0.15,UPI,Cancelled
ORD002522,2024-10-12,CUST0581,PROD0103,SELL009,4,0.15,Credit Card,Returned
ORD002523,2024-01-01,CUST0634,PROD0145,SELL014,1,0.1,UPI,Returned
ORD002524,2025-01-21,CUST0101,PROD0081,SELL018,1,0.1,UPI,Delivered
ORD002525,2025-08-04,CUST0180,PROD0125,SELL045,4,0.0,Debit Card,Delivered
ORD002526,2024-01-25,CUST0501,PROD0063,SELL039,3,0.0,UPI,Delivered
ORD002527,2024-02-08,CUST0981,PROD0048,SELL078,2,0.0,COD,Returned
ORD002528,2024-10-06,CUST0608,PROD0159,SELL071,1,0.1,Credit Card,Delivered
ORD002529,2025-01-08,CUST0724,PROD0059,SELL062,4,0.1,Net Banking,Returned
ORD002530,2024-12-12,CUST0570,PROD0004,SELL057,2,0.15,Debit Card,Delivered
ORD002531,2024-11-07,CUST0014,PROD0001,SELL049,4,0.2,COD,Shipped
ORD002532,2024-07-05,CUST0671,PROD0019,SELL050,4,0.2,Credit Card,Shipped
ORD002533,2024-02-13,CUST0023,PROD0100,SELL063,3,0.0,Debit Card,Delivered
ORD002534,2024-01-23,CUST0705,PROD0089,SELL035,3,0.05,Credit Card,Returned
ORD002535,2024-03-13,CUST0742,PROD0104,SELL060,2,0.05,COD,Shipped
ORD002536,2025-05-19,CUST1030,PROD0045,SELL019,2,0.15,Credit Card,Cancelled
ORD002537,2025-07-28,CUST1001,PROD0091,SELL047,3,0.0,UPI,Shipped
ORD002538,2024-11-14,CUST0016,PROD0060,SELL046,4,0.15,Debit Card,Delivered
ORD002539,2024-02-26,CUST0859,PROD0180,SELL028,4,0.25,Debit Card,Shipped
ORD002540,2024-10-30,CUST0303,PROD0112,SELL035,1,0.1,Debit Card,Delivered
ORD002541,2025-12-21,CUST0674,PROD0154,SELL028,2,0.15,Credit Card,Delivered
ORD002542,2024-07-01,CUST0344,PROD0080,SELL020,4,0.1,COD,Delivered
ORD002543,2024-12-25,CUST0395,PROD0041,SELL068,3,0.1,UPI,Returned
ORD002544,2025-01-28,CUST0733,PROD0147,SELL004,3,0.0,Credit Card,Shipped
ORD002545,2024-08-29,CUST0693,PROD0110,SELL008,2,0.05,COD,Shipped
ORD002546,2024-11-16,CUST0535,PROD0083,SELL002,4,0.1,Net Banking,Shipped
ORD002547,2024-12-10,CUST0452,PROD0042,SELL046,3,0.1,Debit Card,Shipped
ORD002548,2024-12-12,CUST1067,PROD0148,SELL069,3,0.1,Net Banking,Returned
ORD002549,2025-06-08,CUST1121,PROD0008,SELL066,4,0.0,UPI,Delivered
ORD002550,2025-02-28,CUST0525,PROD0110,SELL038,3,0.0,COD,Shipped
ORD002551,2024-02-09,CUST0698,PROD0136,SELL036,1,0.15,COD,Delivered
ORD002552,2024-01-05,CUST1009,PROD0002,SELL032,2,0.1,Credit Card,Delivered
ORD002553,2024-10-27,CUST0356,PROD0051,SELL070,2,0.2,Credit Card,Returned
ORD002554,2025-10-25,CUST0067,PROD0151,SELL040,3,0.05,Credit Card,Delivered
ORD002555,2024-01-27,CUST0563,PROD0098,SELL005,2,0.0,COD,Returned
ORD002556,2024-02-21,CUST0061,PROD0014,SELL002,2,0.15,Debit Card,Delivered
ORD002557,2025-05-11,CUST0078,PROD0134,SELL055,1,0.15,Credit Card,Shipped
ORD002558,2024-11-25,CUST1001,PROD0079,SELL018,1,0.0,COD,Delivered
ORD002559,2024-06-17,CUST0765,PROD0028,SELL044,2,0.0,UPI,Delivered
ORD002560,2024-05-31,CUST0814,PROD0064,SELL079,2,0.15,COD,Shipped
ORD002561,2025-05-01,CUST0378,PROD0151,SELL052,1,0.25,UPI,Delivered
ORD002562,2025-01-17,CUST0153,PROD0139,SELL009,4,0.0,COD,Shipped
ORD002563,2025-04-11,CUST0316,PROD0114,SELL047,3,0.1,Net Banking,Cancelled
ORD002564,2024-07-23,CUST0897,PROD0152,SELL032,3,0.05,Debit Card,Returned
ORD002565,2025-01-19,CUST1040,PROD0087,SELL035,4,0.0,Debit Card,Returned
ORD002566,2025-09-20,CUST0845,PROD0041,SELL041,4,0.05,Debit Card,Delivered
ORD002567,2024-08-19,CUST0827,PROD0178,SELL030,4,0.15,Net Banking,Cancelled
ORD002568,2024-10-16,CUST0432,PROD0175,SELL008,1,0.1,Net Banking,Delivered
ORD002569,2024-04-29,CUST0158,PROD0117,SELL058,3,0.25,Net Banking,Shipped
ORD002570,2025-04-11,CUST0806,PROD0143,SELL044,4,0.0,Credit Card,Delivered
ORD002571,2024-01-24,CUST0639,PROD0053,SELL025,4,0.05,UPI,Returned
ORD002572,2024-06-30,CUST0838,PROD0144,SELL057,2,0.2,Credit Card,Delivered
ORD002573,2025-06-05,CUST1016,PROD0032,SELL046,3,0.15,Debit Card,Delivered
ORD002574,2024-01-15,CUST0320,PROD0175,SELL055,2,0.2,COD,Delivered
ORD002575,2025-12-24,CUST0838,PROD0015,SELL074,1,0.15,COD,Delivered
ORD002576,2024-10-22,CUST0713,PROD0118,SELL065,3,0.05,Credit Card,Delivered
ORD002577,2024-10-18,CUST1056,PROD0063,SELL023,3,0.25,Debit Card,Shipped
ORD002578,2025-01-27,CUST0773,PROD0138,SELL047,3,0.2,Credit Card,Shipped
ORD002579,2025-04-12,CUST0484,PROD0157,SELL009,4,0.2,Credit Card,Delivered
ORD002580,2024-12-01,CUST0165,PROD0121,SELL080,3,0.15,COD,Shipped
ORD002581,2025-10-08,CUST0898,PROD0110,SELL012,3,0.05,Debit Card,Delivered
ORD002582,2025-12-04,CUST0467,PROD0136,SELL012,4,0.0,Net Banking,Delivered
ORD002583,2024-05-26,CUST0368,PROD0137,SELL042,4,0.15,COD,Delivered
ORD002584,2025-05-31,CUST1175,PROD0019,SELL028,2,0.1,Net Banking,Delivered
ORD002585,2024-08-07,CUST1103,PROD0069,SELL062,3,0.25,COD,Delivered
ORD002586,2025-12-28,CUST0279,PROD0121,SELL065,1,0.05,Debit Card,Delivered
ORD002587,2024-07-04,CUST0367,PROD0050,SELL039,3,0.0,COD,Delivered
ORD002588,2024-08-03,CUST0898,PROD0105,SELL050,1,0.15,Debit Card,Delivered
ORD002589,2025-06-06,CUST0683,PROD0159,SELL067,4,0.25,UPI,Delivered
ORD002590,2025-07-30,CUST0815,PROD0118,SELL046,1,0.1,Debit Card,Returned
ORD002591,2024-04-03,CUST0855,PROD0162,SELL051,4,0.15,Debit Card,Cancelled
ORD002592,2025-02-10,CUST0719,PROD0041,SELL023,1,0.0,Credit Card,Delivered
ORD002593,2024-09-09,CUST0859,PROD0162,SELL002,1,0.1,COD,Delivered
ORD002594,2025-03-23,CUST0681,PROD0023,SELL053,2,0.05,UPI,Shipped
ORD002595,2025-02-10,CUST0386,PROD0091,SELL037,3,0.2,COD,Cancelled
ORD002596,2025-12-21,CUST0615,PROD0095,SELL070,3,0.15,COD,Cancelled
ORD002597,2025-11-13,CUST0120,PROD0047,SELL044,4,0.25,Credit Card,Shipped
ORD002598,2025-04-23,CUST0697,PROD0057,SELL069,1,0.0,UPI,Cancelled
ORD002599,2025-05-11,CUST0887,PROD0057,SELL061,1,0.05,UPI,Cancelled
ORD002600,2025-10-19,CUST0028,PROD0147,SELL049,2,0.1,Credit Card,Delivered
ORD002601,2024-05-14,CUST0550,PROD0117,SELL029,2,0.15,COD,Delivered
ORD002602,2025-06-14,CUST0286,PROD0005,SELL063,4,0.15,Credit Card,Delivered
ORD002603,2025-07-18,CUST0331,PROD0150,SELL026,1,0.0,Net Banking,Returned
ORD002604,2024-04-03,CUST0713,PROD0076,SELL020,1,0.0,COD,Shipped
ORD002605,2025-10-06,CUST0316,PROD0133,SELL011,3,0.1,Net Banking,Delivered
ORD002606,2025-05-26,CUST0864,PROD0091,SELL048,4,0.2,Net Banking,Shipped
ORD002607,2024-09-10,CUST1177,PROD0126,SELL060,2,0.05,UPI,Cancelled
ORD002608,2024-12-20,CUST0754,PROD0043,SELL027,3,0.0,Net Banking,Cancelled
ORD002609,2024-12-23,CUST0940,PROD0026,SELL041,3,0.1,UPI,Delivered
ORD002610,2025-11-02,CUST0607,PROD0138,SELL071,1,0.1,COD,Cancelled
ORD002611,2025-12-09,CUST0297,PROD0125,SELL061,2,0.1,COD,Delivered
ORD002612,2025-08-12,CUST1157,PROD0037,SELL034,1,0.2,UPI,Delivered
ORD002613,2025-04-21,CUST0261,PROD0039,SELL007,4,0.15,Debit Card,Shipped
ORD002614,2024-03-17,CUST0872,PROD0024,SELL027,2,0.15,UPI,Cancelled
ORD002615,2025-10-30,CUST0953,PROD0074,SELL076,4,0.2,Debit Card,Cancelled
ORD002616,2024-04-07,CUST0782,PROD0070,SELL021,3,0.1,Net Banking,Delivered
ORD002617,2024-05-01,CUST0777,PROD0114,SELL023,2,0.15,UPI,Delivered
ORD002618,2024-02-20,CUST0976,PROD0091,SELL059,4,0.05,UPI,Cancelled
ORD002619,2025-11-23,CUST0857,PROD0162,SELL041,1,0.25,UPI,Delivered
ORD002620,2024-12-26,CUST0276,PROD0063,SELL055,1,0.15,Credit Card,Delivered
ORD002621,2024-06-21,CUST1019,PROD0121,SELL059,4,0.15,COD,Returned
ORD002622,2024-02-29,CUST0112,PROD0040,SELL079,4,0.05,Net Banking,Delivered
ORD002623,2024-10-28,CUST1054,PROD0149,SELL067,3,0.1,Net Banking,Delivered
ORD002624,2025-06-13,CUST0908,PROD0081,SELL014,3,0.1,Credit Card,Returned
ORD002625,2025-12-28,CUST0467,PROD0011,SELL078,4,0.15,Debit Card,Delivered
ORD002626,2025-02-07,CUST0045,PROD0108,SELL076,4,0.1,Debit Card,Returned
ORD002627,2025-03-19,CUST0049,PROD0031,SELL079,4,0.15,Credit Card,Returned
ORD002628,2025-09-03,CUST0365,PROD0124,SELL007,2,0.05,UPI,Delivered
ORD002629,2025-10-21,CUST0557,PROD0074,SELL016,2,0.1,Debit Card,Delivered
ORD002630,2024-07-23,CUST0504,PROD0105,SELL002,1,0.2,Credit Card,Delivered
ORD002631,2025-12-26,CUST0787,PROD0126,SELL006,4,0.15,Credit Card,Returned
ORD002632,2025-01-14,CUST0655,PROD0030,SELL020,4,0.15,UPI,Returned
ORD002633,2025-11-10,CUST0752,PROD0006,SELL050,4,0.15,UPI,Delivered
ORD002634,2024-03-26,CUST0523,PROD0007,SELL001,3,0.05,Debit Card,Cancelled
ORD002635,2024-03-12,CUST0572,PROD0008,SELL076,2,0.05,Net Banking,Delivered
ORD002636,2025-10-08,CUST1040,PROD0065,SELL053,4,0.2,Net Banking,Cancelled
ORD002637,2025-05-06,CUST0591,PROD0011,SELL032,1,0.15,Debit Card,Returned
ORD002638,2024-05-07,CUST0457,PROD0109,SELL055,4,0.05,Net Banking,Delivered
ORD002639,2025-10-16,CUST0712,PROD0096,SELL022,1,0.2,Debit Card,Delivered
ORD002640,2024-03-15,CUST0771,PROD0103,SELL014,3,0.05,COD,Delivered
ORD002641,2025-05-13,CUST0036,PROD0164,SELL073,1,0.05,Credit Card,Shipped
ORD002642,2024-05-29,CUST0157,PROD0089,SELL035,3,0.05,COD,Delivered
ORD002643,2024-02-21,CUST1138,PROD0044,SELL013,4,0.15,UPI,Delivered
ORD002644,2025-08-12,CUST0875,PROD0111,SELL068,1,0.1,Net Banking,Delivered
ORD002645,2025-09-11,CUST0457,PROD0077,SELL043,4,0.15,COD,Delivered
ORD002646,2024-03-18,CUST0114,PROD0003,SELL067,4,0.1,UPI,Delivered
ORD002647,2024-03-09,CUST0124,PROD0069,SELL059,4,0.05,Net Banking,Delivered
ORD002648,2025-03-25,CUST0818,PROD0029,SELL008,2,0.1,Debit Card,Delivered
ORD002649,2024-01-21,CUST0523,PROD0122,SELL034,1,0.05,Net Banking,Delivered
ORD002650,2025-06-29,CUST0836,PROD0116,SELL022,3,0.05,Credit Card,Returned
ORD002651,2025-10-31,CUST0947,PROD0115,SELL075,1,0.25,Net Banking,Delivered
ORD002652,2025-07-03,CUST0382,PROD0105,SELL063,4,0.15,Debit Card,Shipped
ORD002653,2024-06-17,CUST0168,PROD0099,SELL037,4,0.1,Net Banking,Delivered
ORD002654,2024-05-18,CUST0360,PROD0175,SELL065,2,0.25,Credit Card,Cancelled
ORD002655,2025-05-12,CUST0072,PROD0057,SELL005,4,0.05,Net Banking,Cancelled
ORD002656,2024-02-15,CUST1100,PROD0117,SELL010,1,0.1,Net Banking,Returned
ORD002657,2025-01-28,CUST1118,PROD0020,SELL005,3,0.15,Debit Card,Delivered
ORD002658,2024-11-24,CUST0244,PROD0163,SELL075,3,0.05,COD,Shipped
ORD002659,2025-06-28,CUST0504,PROD0171,SELL028,4,0.05,COD,Returned
ORD002660,2024-05-28,CUST0009,PROD0162,SELL053,1,0.25,Credit Card,Returned
ORD002661,2025-07-11,CUST0235,PROD0149,SELL044,4,0.0,Credit Card,Delivered
ORD002662,2025-05-26,CUST0966,PROD0147,SELL028,4,0.05,Debit Card,Cancelled
ORD002663,2024-06-23,CUST0747,PROD0146,SELL011,3,0.05,Net Banking,Delivered
ORD002664,2024-09-17,CUST0672,PROD0032,SELL007,3,0.2,Net Banking,Shipped
ORD002665,2024-02-18,CUST0939,PROD0063,SELL011,2,0.0,Credit Card,Delivered
ORD002666,2024-11-24,CUST0042,PROD0156,SELL033,3,0.15,Credit Card,Cancelled
ORD002667,2024-07-09,CUST0202,PROD0023,SELL071,4,0.1,Credit Card,Cancelled
ORD002668,2024-03-23,CUST0682,PROD0129,SELL011,1,0.15,UPI,Delivered
ORD002669,2025-02-13,CUST0695,PROD0040,SELL047,1,0.05,COD,Delivered
ORD002670,2025-02-18,CUST0018,PROD0083,SELL075,4,0.15,UPI,Cancelled
ORD002671,2024-03-03,CUST0069,PROD0052,SELL057,4,0.0,Credit Card,Delivered
ORD002672,2024-05-15,CUST0129,PROD0027,SELL025,3,0.25,UPI,Delivered
ORD002673,2024-03-01,CUST1149,PROD0004,SELL048,4,0.25,Debit Card,Shipped
ORD002674,2025-05-11,CUST1029,PROD0154,SELL021,3,0.2,UPI,Delivered
ORD002675,2024-09-04,CUST0890,PROD0037,SELL032,3,0.0,COD,Returned
ORD002676,2024-02-22,CUST0260,PROD0008,SELL026,2,0.05,COD,Cancelled
ORD002677,2024-05-20,CUST0356,PROD0090,SELL028,3,0.0,COD,Delivered
ORD002678,2025-12-14,CUST0381,PROD0162,SELL047,2,0.0,Net Banking,Delivered
ORD002679,2024-07-05,CUST0361,PROD0170,SELL043,2,0.1,Net Banking,Shipped
ORD002680,2025-05-15,CUST0549,PROD0059,SELL046,1,0.1,Credit Card,Delivered
ORD002681,2024-12-08,CUST0508,PROD0148,SELL057,4,0.25,Credit Card,Delivered
ORD002682,2024-05-12,CUST0082,PROD0140,SELL057,3,0.25,Net Banking,Delivered
ORD002683,2024-08-12,CUST0259,PROD0103,SELL053,1,0.0,Net Banking,Delivered
ORD002684,2024-01-11,CUST0589,PROD0002,SELL041,2,0.05,COD,Delivered
ORD002685,2025-06-30,CUST1060,PROD0113,SELL015,2,0.05,Debit Card,Shipped
ORD002686,2024-09-01,CUST0763,PROD0171,SELL054,3,0.15,UPI,Delivered
ORD002687,2024-12-30,CUST0003,PROD0088,SELL004,1,0.15,Net Banking,Cancelled
ORD002688,2024-04-21,CUST0398,PROD0053,SELL040,4,0.15,Net Banking,Cancelled
ORD002689,2025-08-25,CUST0565,PROD0033,SELL020,1,0.15,Net Banking,Delivered
ORD002690,2024-06-08,CUST0849,PROD0110,SELL020,4,0.1,Debit Card,Returned
ORD002691,2025-02-17,CUST0317,PROD0054,SELL035,2,0.05,UPI,Delivered
ORD002692,2025-09-29,CUST0044,PROD0064,SELL055,3,0.2,COD,Cancelled
ORD002693,2025-06-05,CUST0516,PROD0035,SELL077,1,0.1,COD,Shipped
ORD002694,2025-03-16,CUST0690,PROD0135,SELL016,4,0.1,Debit Card,Cancelled
ORD002695,2025-10-11,CUST0847,PROD0154,SELL053,1,0.05,UPI,Delivered
ORD002696,2024-05-08,CUST0529,PROD0018,SELL058,4,0.1,Credit Card,Shipped
ORD002697,2025-12-05,CUST0252,PROD0086,SELL051,2,0.2,COD,Cancelled
ORD002698,2025-02-10,CUST0878,PROD0121,SELL049,1,0.0,COD,Shipped
ORD002699,2024-10-26,CUST1082,PROD0086,SELL080,1,0.15,UPI,Cancelled
ORD002700,2024-07-05,CUST0736,PROD0125,SELL036,3,0.15,COD,Delivered
ORD002701,2025-06-28,CUST0195,PROD0090,SELL074,4,0.1,COD,Delivered
ORD002702,2025-12-14,CUST0496,PROD0173,SELL077,1,0.1,Credit Card,Returned
ORD002703,2025-05-19,CUST0160,PROD0152,SELL069,2,0.15,Net Banking,Returned
ORD002704,2024-01-24,CUST0844,PROD0016,SELL026,3,0.15,COD,Delivered
ORD002705,2024-12-08,CUST0803,PROD0088,SELL068,1,0.0,Debit Card,Cancelled
ORD002706,2025-06-19,CUST0232,PROD0154,SELL064,3,0.15,UPI,Cancelled
ORD002707,2024-10-17,CUST0471,PROD0147,SELL009,3,0.15,Net Banking,Delivered
ORD002708,2025-07-19,CUST0397,PROD0153,SELL042,4,0.05,UPI,Delivered
ORD002709,2025-06-01,CUST0733,PROD0031,SELL022,1,0.0,COD,Cancelled
ORD002710,2024-02-19,CUST0994,PROD0118,SELL039,4,0.25,COD,Delivered
ORD002711,2025-02-11,CUST0548,PROD0177,SELL060,4,0.05,COD,Delivered
ORD002712,2024-05-05,CUST0285,PROD0075,SELL074,3,0.15,COD,Delivered
ORD002713,2024-12-21,CUST0030,PROD0177,SELL024,3,0.15,COD,Delivered
ORD002714,2024-10-07,CUST0378,PROD0108,SELL038,4,0.15,Credit Card,Delivered
ORD002715,2025-08-12,CUST0768,PROD0173,SELL063,4,0.05,COD,Delivered
ORD002716,2025-09-26,CUST0453,PROD0139,SELL066,4,0.0,COD,Returned
ORD002717,2024-12-03,CUST0274,PROD0100,SELL005,3,0.15,COD,Delivered
ORD002718,2025-01-27,CUST0332,PROD0003,SELL071,4,0.0,Debit Card,Shipped
ORD002719,2025-04-02,CUST0253,PROD0004,SELL014,4,0.1,Debit Card,Delivered
ORD002720,2025-04-24,CUST0146,PROD0050,SELL021,2,0.15,Credit Card,Delivered
ORD002721,2025-04-09,CUST0925,PROD0100,SELL061,3,0.1,Net Banking,Delivered
ORD002722,2025-07-26,CUST0510,PROD0139,SELL031,4,0.1,COD,Returned
ORD002723,2025-12-18,CUST0936,PROD0073,SELL018,1,0.0,UPI,Delivered
ORD002724,2025-08-28,CUST0615,PROD0107,SELL022,3,0.0,UPI,Delivered
ORD002725,2024-04-08,CUST0364,PROD0155,SELL035,2,0.0,UPI,Shipped
ORD002726,2024-12-14,CUST1017,PROD0072,SELL035,3,0.05,COD,Returned
ORD002727,2024-12-03,CUST0097,PROD0075,SELL041,2,0.1,Net Banking,Returned
ORD002728,2025-01-06,CUST0892,PROD0152,SELL047,2,0.0,Debit Card,Delivered
ORD002729,2025-01-21,CUST1124,PROD0001,SELL080,1,0.2,UPI,Delivered
ORD002730,2025-06-08,CUST0842,PROD0034,SELL011,1,0.1,COD,Shipped
ORD002731,2024-11-03,CUST0651,PROD0046,SELL034,3,0.15,Debit Card,Shipped
ORD002732,2024-07-11,CUST0083,PROD0133,SELL073,3,0.0,Debit Card,Cancelled
ORD002733,2024-11-30,CUST0149,PROD0113,SELL004,2,0.1,Net Banking,Returned
ORD002734,2025-09-16,CUST0757,PROD0161,SELL059,1,0.15,UPI,Returned
ORD002735,2024-08-15,CUST0344,PROD0107,SELL009,2,0.15,Net Banking,Shipped
ORD002736,2024-01-16,CUST1110,PROD0019,SELL042,1,0.0,Net Banking,Delivered
ORD002737,2025-12-14,CUST0346,PROD0175,SELL014,3,0.25,UPI,Delivered
ORD002738,2024-05-23,CUST0450,PROD0043,SELL060,4,0.15,Net Banking,Delivered
ORD002739,2025-03-16,CUST0759,PROD0180,SELL063,2,0.15,Debit Card,Delivered
ORD002740,2025-08-07,CUST1121,PROD0155,SELL024,2,0.1,COD,Returned
ORD002741,2024-07-19,CUST0323,PROD0042,SELL062,4,0.25,Credit Card,Delivered
ORD002742,2024-09-05,CUST1147,PROD0025,SELL061,2,0.2,Debit Card,Delivered
ORD002743,2024-07-24,CUST0861,PROD0054,SELL046,3,0.15,Net Banking,Delivered
ORD002744,2024-04-19,CUST0471,PROD0031,SELL041,4,0.05,UPI,Delivered
ORD002745,2024-04-21,CUST0861,PROD0107,SELL057,4,0.2,COD,Shipped
ORD002746,2024-05-16,CUST0068,PROD0055,SELL022,3,0.2,Net Banking,Cancelled
ORD002747,2024-11-30,CUST1030,PROD0100,SELL065,2,0.2,COD,Delivered
ORD002748,2025-01-22,CUST1106,PROD0022,SELL036,3,0.1,Credit Card,Delivered
ORD002749,2024-01-12,CUST0941,PROD0032,SELL032,1,0.0,Debit Card,Delivered
ORD002750,2025-09-10,CUST1143,PROD0154,SELL024,3,0.0,Debit Card,Cancelled
ORD002751,2025-05-09,CUST0140,PROD0137,SELL060,2,0.0,Credit Card,Delivered
ORD002752,2024-02-21,CUST0386,PROD0035,SELL043,1,0.05,Debit Card,Returned
ORD002753,2025-09-08,CUST0347,PROD0136,SELL014,1,0.1,Debit Card,Cancelled
ORD002754,2024-01-23,CUST0997,PROD0174,SELL029,2,0.15,Net Banking,Delivered
ORD002755,2025-02-13,CUST0808,PROD0025,SELL076,3,0.0,COD,Cancelled
ORD002756,2024-12-06,CUST0384,PROD0180,SELL026,2,0.25,COD,Delivered
ORD002757,2025-01-02,CUST0650,PROD0138,SELL037,4,0.15,COD,Shipped
ORD002758,2025-11-29,CUST1153,PROD0163,SELL038,2,0.0,Credit Card,Shipped
ORD002759,2025-11-08,CUST0289,PROD0121,SELL026,4,0.05,Net Banking,Delivered
ORD002760,2024-07-22,CUST0044,PROD0015,SELL025,4,0.0,Net Banking,Shipped
ORD002761,2025-02-27,CUST0089,PROD0126,SELL002,4,0.2,Credit Card,Delivered
ORD002762,2025-12-02,CUST0044,PROD0032,SELL018,3,0.15,Credit Card,Delivered
ORD002763,2025-06-16,CUST0758,PROD0172,SELL077,4,0.25,Credit Card,Delivered
ORD002764,2025-10-10,CUST0111,PROD0014,SELL011,1,0.15,Net Banking,Shipped
ORD002765,2024-11-13,CUST0524,PROD0033,SELL035,1,0.05,COD,Shipped
ORD002766,2024-07-25,CUST1196,PROD0070,SELL031,3,0.0,COD,Cancelled
ORD002767,2025-01-08,CUST0059,PROD0022,SELL052,3,0.15,UPI,Returned
ORD002768,2025-08-20,CUST0403,PROD0007,SELL046,4,0.15,Credit Card,Delivered
ORD002769,2025-11-09,CUST0582,PROD0021,SELL008,4,0.15,Net Banking,Delivered
ORD002770,2025-05-16,CUST0086,PROD0095,SELL030,1,0.0,Net Banking,Returned
ORD002771,2025-05-31,CUST0834,PROD0119,SELL003,1,0.25,Net Banking,Returned
ORD002772,2025-01-09,CUST0270,PROD0163,SELL041,3,0.15,UPI,Delivered
ORD002773,2024-08-21,CUST0827,PROD0169,SELL067,1,0.2,Net Banking,Returned
ORD002774,2024-11-05,CUST1087,PROD0080,SELL018,4,0.0,COD,Returned
ORD002775,2024-12-29,CUST0851,PROD0029,SELL062,2,0.15,COD,Delivered
ORD002776,2025-08-19,CUST0214,PROD0176,SELL077,3,0.15,Credit Card,Cancelled
ORD002777,2025-02-09,CUST0771,PROD0103,SELL060,2,0.15,Debit Card,Returned
ORD002778,2025-08-02,CUST0690,PROD0083,SELL046,2,0.1,UPI,Delivered
ORD002779,2024-01-21,CUST0801,PROD0172,SELL010,1,0.2,Net Banking,Delivered
ORD002780,2025-07-07,CUST0634,PROD0024,SELL067,4,0.15,UPI,Delivered
ORD002781,2025-01-05,CUST0889,PROD0163,SELL017,4,0.0,COD,Delivered
ORD002782,2025-12-30,CUST0718,PROD0143,SELL042,2,0.15,Credit Card,Delivered
ORD002783,2024-12-10,CUST0946,PROD0040,SELL016,1,0.1,Net Banking,Cancelled
ORD002784,2024-12-15,CUST0436,PROD0126,SELL059,3,0.0,COD,Delivered
ORD002785,2024-04-03,CUST0557,PROD0148,SELL037,2,0.15,Debit Card,Delivered
ORD002786,2025-08-12,CUST1057,PROD0169,SELL030,4,0.05,UPI,Delivered
ORD002787,2025-05-27,CUST1026,PROD0048,SELL061,2,0.05,UPI,Delivered
ORD002788,2025-09-22,CUST0832,PROD0179,SELL055,2,0.0,Credit Card,Shipped
ORD002789,2024-03-08,CUST0901,PROD0060,SELL034,2,0.15,Credit Card,Cancelled
ORD002790,2024-06-03,CUST0485,PROD0060,SELL070,2,0.0,COD,Delivered
ORD002791,2025-10-03,CUST1056,PROD0001,SELL028,1,0.25,UPI,Shipped
ORD002792,2024-01-31,CUST0435,PROD0143,SELL067,3,0.2,UPI,Shipped
ORD002793,2025-01-06,CUST0170,PROD0131,SELL076,3,0.05,Debit Card,Shipped
ORD002794,2024-10-22,CUST0985,PROD0042,SELL058,1,0.2,UPI,Delivered
ORD002795,2025-11-17,CUST1079,PROD0109,SELL045,4,0.15,Net Banking,Cancelled
ORD002796,2025-09-18,CUST0987,PROD0094,SELL012,1,0.0,UPI,Shipped
ORD002797,2025-10-17,CUST0543,PROD0124,SELL052,3,0.1,Debit Card,Cancelled
ORD002798,2024-07-30,CUST0540,PROD0128,SELL029,1,0.05,Net Banking,Delivered
ORD002799,2025-03-05,CUST0416,PROD0142,SELL038,2,0.0,Net Banking,Shipped
ORD002800,2025-05-26,CUST0277,PROD0054,SELL044,3,0.0,UPI,Returned
ORD002801,2025-12-08,CUST0861,PROD0062,SELL071,3,0.15,COD,Delivered
ORD002802,2024-01-06,CUST1182,PROD0023,SELL030,3,0.25,UPI,Shipped
ORD002803,2025-12-15,CUST0487,PROD0071,SELL064,2,0.15,Debit Card,Delivered
ORD002804,2024-09-16,CUST0584,PROD0069,SELL001,1,0.0,UPI,Delivered
ORD002805,2024-04-03,CUST1017,PROD0029,SELL069,2,0.0,COD,Delivered
ORD002806,2025-03-25,CUST0093,PROD0048,SELL068,4,0.05,Net Banking,Returned
ORD002807,2025-07-25,CUST0820,PROD0052,SELL002,3,0.1,Debit Card,Cancelled
ORD002808,2024-04-04,CUST0824,PROD0114,SELL071,1,0.2,COD,Shipped
ORD002809,2024-01-30,CUST0424,PROD0105,SELL068,2,0.15,COD,Delivered
ORD002810,2025-10-17,CUST0449,PROD0038,SELL036,1,0.1,UPI,Delivered
ORD002811,2025-11-13,CUST1027,PROD0180,SELL039,2,0.25,Debit Card,Delivered
ORD002812,2024-04-24,CUST0908,PROD0163,SELL070,4,0.05,Credit Card,Delivered
ORD002813,2025-10-22,CUST0049,PROD0074,SELL045,1,0.1,Debit Card,Shipped
ORD002814,2025-10-27,CUST0999,PROD0113,SELL015,2,0.15,COD,Delivered
ORD002815,2025-12-30,CUST0008,PROD0041,SELL053,1,0.1,Credit Card,Returned
ORD002816,2024-06-07,CUST0325,PROD0175,SELL045,1,0.1,Net Banking,Delivered
ORD002817,2025-02-27,CUST0083,PROD0179,SELL068,3,0.15,Credit Card,Returned
ORD002818,2025-12-27,CUST0059,PROD0120,SELL075,4,0.1,COD,Delivered
ORD002819,2025-10-21,CUST1034,PROD0050,SELL056,4,0.15,Net Banking,Delivered
ORD002820,2025-03-18,CUST0150,PROD0141,SELL008,4,0.05,Net Banking,Delivered
ORD002821,2024-05-24,CUST0445,PROD0066,SELL032,1,0.1,Debit Card,Delivered
ORD002822,2024-03-02,CUST0602,PROD0077,SELL027,4,0.0,UPI,Delivered
ORD002823,2024-07-08,CUST0677,PROD0108,SELL038,2,0.15,Net Banking,Shipped
ORD002824,2024-02-17,CUST0792,PROD0015,SELL007,2,0.1,Net Banking,Returned
ORD002825,2024-05-22,CUST0808,PROD0176,SELL054,4,0.05,Debit Card,Delivered
ORD002826,2024-02-24,CUST0168,PROD0064,SELL064,3,0.2,Net Banking,Returned
ORD002827,2025-07-11,CUST0140,PROD0047,SELL028,4,0.0,Credit Card,Shipped
ORD002828,2025-03-07,CUST0820,PROD0148,SELL005,2,0.05,Debit Card,Returned
ORD002829,2025-01-13,CUST0794,PROD0127,SELL002,3,0.1,Debit Card,Delivered
ORD002830,2025-08-14,CUST0484,PROD0110,SELL005,1,0.1,Debit Card,Shipped
ORD002831,2024-10-27,CUST0359,PROD0088,SELL014,1,0.2,Net Banking,Delivered
ORD002832,2024-10-21,CUST0743,PROD0106,SELL077,4,0.25,Credit Card,Delivered
ORD002833,2024-05-31,CUST0294,PROD0116,SELL051,3,0.2,Debit Card,Delivered
ORD002834,2024-11-21,CUST0032,PROD0148,SELL055,4,0.15,Credit Card,Delivered
ORD002835,2024-05-07,CUST1185,PROD0148,SELL059,3,0.15,Net Banking,Cancelled
ORD002836,2025-03-06,CUST0048,PROD0109,SELL041,4,0.1,Net Banking,Delivered
ORD002837,2025-12-30,CUST1055,PROD0149,SELL054,4,0.15,Debit Card,Delivered
ORD002838,2025-01-24,CUST0356,PROD0027,SELL018,2,0.0,Net Banking,Returned
ORD002839,2024-08-06,CUST0776,PROD0121,SELL012,3,0.05,Debit Card,Shipped
ORD002840,2025-05-17,CUST0546,PROD0179,SELL029,4,0.2,Credit Card,Delivered
ORD002841,2025-08-22,CUST0971,PROD0148,SELL058,1,0.0,Debit Card,Returned
ORD002842,2024-12-10,CUST0873,PROD0035,SELL058,1,0.05,Credit Card,Delivered
ORD002843,2024-07-01,CUST0076,PROD0159,SELL050,2,0.1,Net Banking,Returned
ORD002844,2025-06-05,CUST0379,PROD0025,SELL022,1,0.0,UPI,Delivered
ORD002845,2024-05-16,CUST0902,PROD0111,SELL038,2,0.05,Net Banking,Delivered
ORD002846,2025-12-30,CUST0946,PROD0008,SELL014,1,0.05,Net Banking,Delivered
ORD002847,2024-08-20,CUST0831,PROD0163,SELL012,4,0.0,Debit Card,Delivered
ORD002848,2024-09-13,CUST0092,PROD0017,SELL049,2,0.15,Debit Card,Cancelled
ORD002849,2025-06-15,CUST0003,PROD0023,SELL021,1,0.15,UPI,Delivered
ORD002850,2024-01-09,CUST0392,PROD0037,SELL016,1,0.0,Net Banking,Delivered
ORD002851,2024-05-28,CUST0074,PROD0004,SELL006,3,0.15,UPI,Returned
ORD002852,2024-04-01,CUST0761,PROD0063,SELL055,2,0.2,Debit Card,Returned
ORD002853,2024-10-12,CUST0953,PROD0176,SELL047,2,0.15,Debit Card,Delivered
ORD002854,2025-02-08,CUST0455,PROD0091,SELL037,1,0.0,COD,Delivered
ORD002855,2024-05-11,CUST0360,PROD0096,SELL071,4,0.25,UPI,Delivered
ORD002856,2024-09-08,CUST1132,PROD0063,SELL041,3,0.1,Net Banking,Shipped
ORD002857,2025-07-18,CUST0857,PROD0081,SELL050,3,0.05,COD,Shipped
ORD002858,2025-11-18,CUST1094,PROD0118,SELL049,1,0.0,COD,Returned
ORD002859,2024-01-11,CUST0577,PROD0116,SELL046,2,0.2,Credit Card,Returned
ORD002860,2025-04-03,CUST1067,PROD0170,SELL051,3,0.1,UPI,Delivered
ORD002861,2024-01-19,CUST0326,PROD0155,SELL050,4,0.15,Credit Card,Returned
ORD002862,2025-01-15,CUST1091,PROD0166,SELL028,4,0.0,Debit Card,Cancelled
ORD002863,2025-10-04,CUST0959,PROD0106,SELL032,4,0.0,COD,Delivered
ORD002864,2025-08-06,CUST0496,PROD0119,SELL023,2,0.0,Debit Card,Delivered
ORD002865,2024-06-19,CUST0609,PROD0170,SELL075,1,0.1,UPI,Returned
ORD002866,2024-07-08,CUST0460,PROD0109,SELL072,4,0.2,COD,Returned
ORD002867,2025-07-26,CUST1032,PROD0051,SELL049,4,0.1,Net Banking,Delivered
ORD002868,2025-08-22,CUST0296,PROD0044,SELL012,1,0.2,Credit Card,Shipped
ORD002869,2024-07-24,CUST0416,PROD0057,SELL074,1,0.0,UPI,Shipped
ORD002870,2024-01-03,CUST0221,PROD0170,SELL044,4,0.05,Net Banking,Returned
ORD002871,2024-11-20,CUST0024,PROD0164,SELL063,2,0.2,UPI,Shipped
ORD002872,2025-03-28,CUST0341,PROD0085,SELL050,4,0.0,UPI,Delivered
ORD002873,2024-11-20,CUST1160,PROD0066,SELL021,2,0.15,UPI,Delivered
ORD002874,2025-11-14,CUST0265,PROD0029,SELL007,2,0.15,COD,Shipped
ORD002875,2025-08-17,CUST1062,PROD0118,SELL003,4,0.1,Credit Card,Returned
ORD002876,2025-07-29,CUST0744,PROD0101,SELL047,3,0.0,Net Banking,Delivered
ORD002877,2024-01-15,CUST0588,PROD0069,SELL060,4,0.25,UPI,Returned
ORD002878,2025-09-16,CUST0462,PROD0156,SELL023,3,0.1,Net Banking,Delivered
ORD002879,2025-07-06,CUST0170,PROD0062,SELL046,3,0.2,Net Banking,Cancelled
ORD002880,2024-10-17,CUST0013,PROD0121,SELL017,4,0.0,Credit Card,Delivered
ORD002881,2025-03-06,CUST0296,PROD0107,SELL016,3,0.0,COD,Delivered
ORD002882,2025-08-25,CUST0361,PROD0102,SELL002,4,0.1,Debit Card,Delivered
ORD002883,2025-10-24,CUST0812,PROD0171,SELL024,2,0.0,UPI,Delivered
ORD002884,2025-02-06,CUST0551,PROD0116,SELL011,4,0.05,Debit Card,Shipped
ORD002885,2024-01-31,CUST0992,PROD0024,SELL005,4,0.05,Net Banking,Delivered
ORD002886,2025-03-28,CUST0730,PROD0101,SELL069,3,0.15,COD,Cancelled
ORD002887,2025-05-12,CUST0976,PROD0153,SELL020,3,0.15,Net Banking,Delivered
ORD002888,2024-02-13,CUST0741,PROD0011,SELL041,1,0.05,Net Banking,Shipped
ORD002889,2025-08-20,CUST0753,PROD0107,SELL005,4,0.1,Credit Card,Delivered
ORD002890,2024-05-27,CUST1036,PROD0163,SELL008,4,0.1,UPI,Delivered
ORD002891,2025-10-12,CUST1057,PROD0025,SELL051,4,0.1,Credit Card,Delivered
ORD002892,2025-02-06,CUST0246,PROD0139,SELL040,2,0.0,COD,Delivered
ORD002893,2024-08-23,CUST1016,PROD0029,SELL021,2,0.15,Credit Card,Cancelled
ORD002894,2024-02-12,CUST0085,PROD0144,SELL055,2,0.0,Debit Card,Delivered
ORD002895,2024-01-14,CUST1094,PROD0154,SELL020,4,0.15,Net Banking,Cancelled
ORD002896,2025-06-25,CUST0932,PROD0013,SELL038,3,0.15,Credit Card,Cancelled
ORD002897,2024-10-02,CUST0085,PROD0079,SELL058,3,0.15,COD,Delivered
ORD002898,2025-09-06,CUST1145,PROD0167,SELL069,1,0.15,Net Banking,Delivered
ORD002899,2024-06-17,CUST0371,PROD0142,SELL041,4,0.15,Debit Card,Shipped
ORD002900,2025-11-03,CUST1145,PROD0169,SELL002,3,0.1,Debit Card,Delivered
ORD002901,2025-11-19,CUST0495,PROD0151,SELL056,2,0.0,COD,Shipped
ORD002902,2024-03-15,CUST0964,PROD0091,SELL003,4,0.25,COD,Cancelled
ORD002903,2025-04-17,CUST0686,PROD0105,SELL074,3,0.0,Credit Card,Delivered
ORD002904,2025-11-17,CUST0436,PROD0067,SELL002,4,0.05,Net Banking,Delivered
ORD002905,2024-08-24,CUST1077,PROD0151,SELL044,3,0.05,COD,Cancelled
ORD002906,2024-02-19,CUST1166,PROD0136,SELL007,1,0.0,Net Banking,Delivered
ORD002907,2025-10-01,CUST0933,PROD0105,SELL046,3,0.0,Credit Card,Delivered
ORD002908,2024-12-12,CUST1009,PROD0067,SELL025,2,0.05,UPI,Shipped
ORD002909,2024-01-20,CUST0748,PROD0153,SELL072,2,0.2,COD,Delivered
ORD002910,2025-09-06,CUST0182,PROD0036,SELL047,4,0.25,Debit Card,Returned
ORD002911,2025-05-11,CUST1115,PROD0131,SELL069,1,0.1,COD,Shipped
ORD002912,2024-02-21,CUST0575,PROD0148,SELL075,4,0.2,UPI,Delivered
ORD002913,2024-07-08,CUST0468,PROD0092,SELL011,4,0.1,COD,Delivered
ORD002914,2024-01-14,CUST0467,PROD0038,SELL054,2,0.1,Credit Card,Returned
ORD002915,2025-11-29,CUST0609,PROD0066,SELL055,2,0.1,UPI,Delivered
ORD002916,2024-01-19,CUST0066,PROD0071,SELL003,2,0.2,Debit Card,Returned
ORD002917,2025-08-04,CUST0133,PROD0099,SELL069,2,0.1,Credit Card,Delivered
ORD002918,2025-01-08,CUST0838,PROD0110,SELL041,4,0.0,Credit Card,Delivered
ORD002919,2025-03-01,CUST0615,PROD0150,SELL018,3,0.0,Debit Card,Delivered
ORD002920,2025-08-16,CUST0054,PROD0071,SELL054,3,0.15,COD,Cancelled
ORD002921,2025-10-16,CUST1187,PROD0003,SELL017,4,0.1,Net Banking,Delivered
ORD002922,2024-04-03,CUST0997,PROD0096,SELL063,1,0.1,Credit Card,Delivered
ORD002923,2024-01-14,CUST0784,PROD0111,SELL026,4,0.1,UPI,Shipped
ORD002924,2024-04-01,CUST0576,PROD0073,SELL062,4,0.05,UPI,Delivered
ORD002925,2025-05-13,CUST0364,PROD0149,SELL038,3,0.0,COD,Returned
ORD002926,2025-02-19,CUST0160,PROD0076,SELL058,2,0.0,UPI,Returned
ORD002927,2024-03-02,CUST0838,PROD0094,SELL073,1,0.0,Credit Card,Shipped
ORD002928,2024-06-20,CUST0053,PROD0177,SELL057,1,0.1,COD,Delivered
ORD002929,2025-01-27,CUST0654,PROD0013,SELL028,4,0.1,Credit Card,Returned
ORD002930,2025-06-17,CUST1104,PROD0090,SELL047,2,0.15,Credit Card,Returned
ORD002931,2024-09-08,CUST0765,PROD0032,SELL035,4,0.0,Net Banking,Shipped
ORD002932,2025-11-25,CUST0598,PROD0164,SELL022,3,0.1,COD,Shipped
ORD002933,2025-12-26,CUST0080,PROD0154,SELL068,4,0.15,Net Banking,Delivered
ORD002934,2025-07-13,CUST0349,PROD0023,SELL011,2,0.05,COD,Delivered
ORD002935,2024-11-28,CUST0598,PROD0064,SELL018,4,0.2,Credit Card,Delivered
ORD002936,2025-10-03,CUST0419,PROD0144,SELL019,3,0.15,Debit Card,Delivered
ORD002937,2025-06-16,CUST0643,PROD0123,SELL047,1,0.0,Net Banking,Shipped
ORD002938,2025-01-14,CUST0896,PROD0130,SELL003,4,0.05,Credit Card,Returned
ORD002939,2024-11-20,CUST0387,PROD0066,SELL010,4,0.05,Debit Card,Returned
ORD002940,2025-08-31,CUST0211,PROD0026,SELL019,1,0.0,Credit Card,Returned
ORD002941,2025-02-11,CUST1014,PROD0022,SELL014,4,0.15,Credit Card,Delivered
ORD002942,2024-05-13,CUST0945,PROD0152,SELL023,1,0.15,Debit Card,Cancelled
ORD002943,2025-12-31,CUST0636,PROD0090,SELL006,1,0.05,COD,Delivered
ORD002944,2024-02-19,CUST1130,PROD0114,SELL061,3,0.1,Credit Card,Delivered
ORD002945,2025-05-23,CUST0936,PROD0177,SELL028,2,0.0,Debit Card,Shipped
ORD002946,2025-04-24,CUST0395,PROD0146,SELL052,2,0.1,COD,Shipped
ORD002947,2025-03-04,CUST1107,PROD0030,SELL073,4,0.25,Net Banking,Shipped
ORD002948,2024-02-07,CUST0378,PROD0135,SELL037,2,0.15,UPI,Delivered
ORD002949,2024-12-26,CUST1193,PROD0109,SELL069,1,0.1,Debit Card,Delivered
ORD002950,2025-10-14,CUST1097,PROD0077,SELL073,3,0.1,COD,Shipped
ORD002951,2024-06-24,CUST0710,PROD0157,SELL006,3,0.1,Debit Card,Shipped
ORD002952,2025-05-20,CUST0084,PROD0126,SELL069,2,0.25,COD,Delivered
ORD002953,2025-09-19,CUST0747,PROD0026,SELL070,3,0.2,UPI,Shipped
ORD002954,2025-11-27,CUST0360,PROD0038,SELL052,4,0.15,Credit Card,Delivered
ORD002955,2025-01-12,CUST0474,PROD0141,SELL014,2,0.2,Debit Card,Cancelled
ORD002956,2024-08-17,CUST1115,PROD0076,SELL070,4,0.1,Debit Card,Shipped
ORD002957,2025-05-26,CUST0788,PROD0109,SELL015,4,0.15,UPI,Shipped
ORD002958,2024-12-21,CUST1131,PROD0055,SELL029,3,0.2,Credit Card,Cancelled
ORD002959,2025-04-03,CUST0570,PROD0003,SELL047,3,0.15,UPI,Delivered
ORD002960,2025-06-26,CUST0489,PROD0046,SELL079,4,0.25,UPI,Delivered
ORD002961,2025-06-03,CUST0318,PROD0104,SELL070,2,0.05,UPI,Delivered
ORD002962,2024-06-26,CUST0648,PROD0058,SELL072,3,0.1,COD,Returned
ORD002963,2025-07-06,CUST1183,PROD0102,SELL012,2,0.15,COD,Shipped
ORD002964,2025-01-31,CUST0997,PROD0085,SELL068,4,0.05,Debit Card,Delivered
ORD002965,2025-11-11,CUST0819,PROD0046,SELL042,2,0.15,COD,Delivered
ORD002966,2025-04-27,CUST0582,PROD0070,SELL050,4,0.0,UPI,Shipped
ORD002967,2025-10-13,CUST0171,PROD0163,SELL030,4,0.0,UPI,Cancelled
ORD002968,2025-12-16,CUST0834,PROD0005,SELL077,4,0.1,Net Banking,Cancelled
ORD002969,2025-12-27,CUST0047,PROD0091,SELL020,3,0.1,COD,Delivered
ORD002970,2025-06-28,CUST1080,PROD0123,SELL023,3,0.05,UPI,Delivered
ORD002971,2025-03-12,CUST0129,PROD0096,SELL038,4,0.05,Net Banking,Returned
ORD002972,2024-03-27,CUST0145,PROD0173,SELL020,4,0.2,UPI,Delivered
ORD002973,2024-10-09,CUST0104,PROD0037,SELL072,4,0.0,COD,Delivered
ORD002974,2024-12-13,CUST0962,PROD0131,SELL044,4,0.15,Net Banking,Delivered
ORD002975,2025-07-24,CUST0672,PROD0164,SELL048,4,0.05,Debit Card,Returned
ORD002976,2025-03-06,CUST0816,PROD0026,SELL014,3,0.25,Credit Card,Returned
ORD002977,2024-11-17,CUST0744,PROD0091,SELL010,3,0.05,COD,Delivered
ORD002978,2024-04-17,CUST1175,PROD0029,SELL048,2,0.15,Credit Card,Delivered
ORD002979,2025-06-07,CUST1068,PROD0042,SELL063,4,0.0,COD,Delivered
ORD002980,2024-11-11,CUST0855,PROD0131,SELL032,1,0.1,COD,Delivered
ORD002981,2024-01-27,CUST0078,PROD0044,SELL049,4,0.2,Debit Card,Cancelled
ORD002982,2024-07-26,CUST0242,PROD0012,SELL057,4,0.15,Net Banking,Delivered
ORD002983,2025-10-04,CUST0052,PROD0058,SELL062,1,0.15,Net Banking,Shipped
ORD002984,2024-03-27,CUST0211,PROD0030,SELL065,2,0.1,Net Banking,Cancelled
ORD002985,2024-10-23,CUST0960,PROD0088,SELL043,4,0.15,Net Banking,Shipped
ORD002986,2025-01-09,CUST0609,PROD0073,SELL048,1,0.15,Debit Card,Delivered
ORD002987,2024-03-02,CUST0583,PROD0088,SELL068,2,0.15,Net Banking,Shipped
ORD002988,2024-05-01,CUST0438,PROD0092,SELL063,4,0.1,UPI,Delivered
ORD002989,2025-11-18,CUST0200,PROD0057,SELL062,2,0.0,Debit Card,Cancelled
ORD002990,2025-03-07,CUST0955,PROD0125,SELL010,3,0.2,Net Banking,Returned
ORD002991,2024-06-02,CUST0538,PROD0005,SELL057,1,0.05,Debit Card,Delivered
ORD002992,2024-05-04,CUST0487,PROD0077,SELL027,3,0.15,Debit Card,Returned
ORD002993,2024-11-07,CUST0190,PROD0014,SELL080,2,0.1,Net Banking,Shipped
ORD002994,2025-06-12,CUST0819,PROD0088,SELL045,3,0.15,Credit Card,Delivered
ORD002995,2025-06-17,CUST0048,PROD0148,SELL029,1,0.0,UPI,Cancelled
ORD002996,2024-05-22,CUST0384,PROD0167,SELL033,4,0.0,UPI,Shipped
ORD002997,2025-06-14,CUST0150,PROD0090,SELL056,2,0.05,UPI,Returned
ORD002998,2025-10-17,CUST0332,PROD0021,SELL071,4,0.05,COD,Delivered
ORD002999,2024-06-14,CUST0595,PROD0062,SELL055,1,0.1,Credit Card,Delivered
ORD003000,2024-01-20,CUST1077,PROD0129,SELL043,4,0.15,COD,Shipped
ORD003001,2025-12-01,CUST0569,PROD0133,SELL071,2,0.15,UPI,Returned
ORD003002,2025-01-16,CUST0795,PROD0015,SELL039,2,0.1,COD,Delivered
ORD003003,2025-07-21,CUST0438,PROD0177,SELL021,3,0.1,COD,Cancelled
ORD003004,2024-08-21,CUST0053,PROD0139,SELL079,4,0.1,Debit Card,Delivered
ORD003005,2024-08-06,CUST0587,PROD0064,SELL077,3,0.15,UPI,Delivered
ORD003006,2024-06-13,CUST0640,PROD0017,SELL041,3,0.0,Debit Card,Cancelled
ORD003007,2024-06-07,CUST0284,PROD0117,SELL033,1,0.15,Net Banking,Cancelled
ORD003008,2024-12-10,CUST0289,PROD0125,SELL066,3,0.0,Debit Card,Returned
ORD003009,2024-03-18,CUST0558,PROD0017,SELL074,4,0.1,COD,Delivered
ORD003010,2025-09-07,CUST1009,PROD0124,SELL052,1,0.05,Credit Card,Cancelled
ORD003011,2025-01-08,CUST0716,PROD0096,SELL052,1,0.1,COD,Cancelled
ORD003012,2025-10-31,CUST0757,PROD0019,SELL030,4,0.1,Credit Card,Delivered
ORD003013,2025-01-02,CUST0556,PROD0153,SELL053,1,0.15,Net Banking,Delivered
ORD003014,2024-08-09,CUST0974,PROD0074,SELL052,4,0.1,Debit Card,Delivered
ORD003015,2025-01-11,CUST0203,PROD0177,SELL075,4,0.1,COD,Shipped
ORD003016,2024-04-22,CUST0967,PROD0115,SELL065,3,0.2,Debit Card,Returned
ORD003017,2025-08-25,CUST1053,PROD0113,SELL039,3,0.1,Debit Card,Delivered
ORD003018,2025-06-10,CUST0127,PROD0068,SELL030,1,0.25,Net Banking,Delivered
ORD003019,2024-04-17,CUST1147,PROD0129,SELL014,1,0.05,Net Banking,Cancelled
ORD003020,2025-03-01,CUST0108,PROD0062,SELL064,2,0.05,Net Banking,Cancelled
ORD003021,2025-01-28,CUST0622,PROD0041,SELL015,2,0.1,UPI,Cancelled
ORD003022,2024-05-26,CUST0878,PROD0014,SELL024,3,0.1,Credit Card,Shipped
ORD003023,2024-03-30,CUST0354,PROD0105,SELL023,1,0.2,Credit Card,Delivered
ORD003024,2025-07-09,CUST0596,PROD0151,SELL061,2,0.25,Debit Card,Cancelled
ORD003025,2024-07-12,CUST0115,PROD0125,SELL013,3,0.1,Debit Card,Delivered
ORD003026,2025-01-14,CUST1197,PROD0179,SELL007,3,0.2,Credit Card,Delivered
ORD003027,2024-06-30,CUST0449,PROD0082,SELL020,3,0.15,COD,Shipped
ORD003028,2025-04-22,CUST0605,PROD0039,SELL068,1,0.05,Net Banking,Shipped
ORD003029,2024-02-05,CUST0174,PROD0016,SELL013,4,0.1,Debit Card,Delivered
ORD003030,2024-09-19,CUST1093,PROD0161,SELL036,4,0.15,COD,Delivered
ORD003031,2025-02-03,CUST0435,PROD0067,SELL080,3,0.15,Debit Card,Delivered
ORD003032,2024-11-16,CUST0889,PROD0116,SELL025,1,0.05,Net Banking,Shipped
ORD003033,2025-03-23,CUST0665,PROD0027,SELL076,4,0.1,Net Banking,Delivered
ORD003034,2024-05-11,CUST1043,PROD0015,SELL070,2,0.2,COD,Delivered
ORD003035,2024-11-18,CUST0530,PROD0013,SELL023,4,0.05,COD,Delivered
ORD003036,2025-07-07,CUST0803,PROD0073,SELL013,4,0.0,Debit Card,Delivered
ORD003037,2024-08-31,CUST0633,PROD0091,SELL004,2,0.15,Credit Card,Delivered
ORD003038,2024-04-24,CUST0958,PROD0040,SELL056,3,0.25,Net Banking,Shipped
ORD003039,2025-09-11,CUST0081,PROD0061,SELL001,4,0.15,UPI,Returned
ORD003040,2025-07-22,CUST0727,PROD0102,SELL013,4,0.05,Credit Card,Returned
ORD003041,2025-05-12,CUST0651,PROD0097,SELL050,2,0.2,UPI,Delivered
ORD003042,2025-08-06,CUST0926,PROD0051,SELL021,4,0.1,Credit Card,Delivered
ORD003043,2025-07-23,CUST0185,PROD0125,SELL066,1,0.1,COD,Returned
ORD003044,2025-06-29,CUST0968,PROD0061,SELL027,3,0.0,COD,Cancelled
ORD003045,2025-01-07,CUST1031,PROD0048,SELL062,2,0.15,UPI,Delivered
ORD003046,2024-01-15,CUST1117,PROD0098,SELL075,2,0.1,Credit Card,Shipped
ORD003047,2025-03-12,CUST0437,PROD0161,SELL075,3,0.0,UPI,Returned
ORD003048,2024-07-18,CUST0227,PROD0169,SELL067,3,0.2,UPI,Delivered
ORD003049,2025-07-19,CUST1023,PROD0014,SELL031,4,0.0,UPI,Shipped
ORD003050,2024-12-08,CUST0421,PROD0124,SELL041,1,0.15,Credit Card,Cancelled
ORD003051,2025-10-23,CUST0493,PROD0171,SELL065,3,0.05,Net Banking,Delivered
ORD003052,2025-03-11,CUST0785,PROD0056,SELL010,2,0.1,COD,Returned
ORD003053,2025-02-06,CUST1182,PROD0138,SELL075,2,0.2,Net Banking,Returned
ORD003054,2025-11-02,CUST0643,PROD0006,SELL064,3,0.1,UPI,Delivered
ORD003055,2024-12-13,CUST1143,PROD0021,SELL022,2,0.2,Debit Card,Shipped
ORD003056,2024-10-01,CUST0127,PROD0150,SELL080,2,0.05,UPI,Shipped
ORD003057,2024-09-28,CUST0859,PROD0155,SELL062,1,0.25,Credit Card,Delivered
ORD003058,2025-10-01,CUST0588,PROD0021,SELL054,2,0.0,Credit Card,Returned
ORD003059,2025-07-06,CUST0414,PROD0042,SELL020,3,0.1,COD,Delivered
ORD003060,2024-04-29,CUST0554,PROD0146,SELL035,2,0.05,Debit Card,Returned
ORD003061,2024-12-26,CUST0015,PROD0044,SELL020,2,0.1,Credit Card,Delivered
ORD003062,2024-09-28,CUST1129,PROD0172,SELL003,4,0.15,Credit Card,Shipped
ORD003063,2025-04-17,CUST0515,PROD0113,SELL006,1,0.15,Credit Card,Delivered
ORD003064,2024-02-08,CUST0386,PROD0096,SELL040,3,0.15,Credit Card,Returned
ORD003065,2025-06-06,CUST0180,PROD0126,SELL012,4,0.0,Net Banking,Delivered
ORD003066,2025-06-26,CUST0531,PROD0004,SELL067,4,0.2,Credit Card,Returned
ORD003067,2024-06-14,CUST0961,PROD0141,SELL023,1,0.0,COD,Returned
ORD003068,2024-04-20,CUST0732,PROD0127,SELL004,1,0.1,Net Banking,Delivered
ORD003069,2025-04-03,CUST1031,PROD0043,SELL010,1,0.1,UPI,Cancelled
ORD003070,2024-07-06,CUST0316,PROD0048,SELL036,4,0.25,COD,Delivered
ORD003071,2025-11-19,CUST0255,PROD0019,SELL025,2,0.1,UPI,Returned
ORD003072,2025-07-20,CUST0178,PROD0171,SELL003,2,0.05,Net Banking,Delivered
ORD003073,2025-11-29,CUST0902,PROD0149,SELL018,3,0.1,Net Banking,Delivered
ORD003074,2025-01-25,CUST0200,PROD0169,SELL057,4,0.0,Net Banking,Returned
ORD003075,2025-11-17,CUST0167,PROD0048,SELL021,4,0.0,Net Banking,Cancelled
ORD003076,2024-01-11,CUST0701,PROD0034,SELL019,1,0.15,UPI,Returned
ORD003077,2024-07-30,CUST0648,PROD0034,SELL026,2,0.15,Net Banking,Cancelled
ORD003078,2024-01-02,CUST0558,PROD0019,SELL045,4,0.2,Debit Card,Shipped
ORD003079,2025-05-10,CUST0387,PROD0072,SELL043,2,0.05,Credit Card,Shipped
ORD003080,2025-01-08,CUST0296,PROD0171,SELL078,4,0.1,Debit Card,Shipped
ORD003081,2024-07-29,CUST0133,PROD0168,SELL014,1,0.15,Credit Card,Shipped
ORD003082,2024-08-10,CUST1118,PROD0077,SELL048,3,0.05,Debit Card,Returned
ORD003083,2025-04-15,CUST0842,PROD0090,SELL056,1,0.15,COD,Delivered
ORD003084,2024-05-11,CUST0306,PROD0173,SELL003,1,0.15,Debit Card,Delivered
ORD003085,2025-01-11,CUST0277,PROD0042,SELL033,4,0.15,Credit Card,Delivered
ORD003086,2025-03-24,CUST0082,PROD0079,SELL026,2,0.0,Net Banking,Delivered
ORD003087,2024-06-24,CUST0982,PROD0026,SELL044,1,0.1,COD,Delivered
ORD003088,2024-06-15,CUST0039,PROD0129,SELL075,2,0.0,COD,Shipped
ORD003089,2024-09-15,CUST0392,PROD0145,SELL003,2,0.1,Credit Card,Shipped
ORD003090,2025-03-08,CUST0445,PROD0141,SELL012,2,0.1,Net Banking,Returned
ORD003091,2024-07-04,CUST0082,PROD0015,SELL022,3,0.05,COD,Delivered
ORD003092,2024-10-04,CUST0656,PROD0153,SELL070,4,0.25,Credit Card,Shipped
ORD003093,2025-02-01,CUST0309,PROD0154,SELL017,4,0.05,Credit Card,Returned
ORD003094,2024-05-16,CUST1017,PROD0101,SELL013,2,0.1,UPI,Delivered
ORD003095,2025-02-19,CUST0068,PROD0126,SELL034,4,0.0,COD,Shipped
ORD003096,2024-04-10,CUST0606,PROD0036,SELL040,2,0.0,UPI,Delivered
ORD003097,2024-04-14,CUST0593,PROD0168,SELL044,2,0.15,COD,Returned
ORD003098,2024-06-22,CUST1129,PROD0056,SELL075,2,0.05,Net Banking,Returned
ORD003099,2024-07-28,CUST1009,PROD0160,SELL028,2,0.1,Net Banking,Delivered
ORD003100,2024-01-22,CUST0104,PROD0087,SELL072,2,0.1,Net Banking,Delivered
ORD003101,2025-12-03,CUST0678,PROD0125,SELL017,2,0.25,UPI,Returned
ORD003102,2024-08-13,CUST0937,PROD0096,SELL042,1,0.15,Credit Card,Cancelled
ORD003103,2025-08-11,CUST0318,PROD0049,SELL033,3,0.2,Credit Card,Delivered
ORD003104,2025-10-21,CUST0008,PROD0043,SELL034,1,0.15,Debit Card,Delivered
ORD003105,2025-08-08,CUST0483,PROD0054,SELL071,1,0.15,COD,Delivered
ORD003106,2025-08-30,CUST0089,PROD0126,SELL022,2,0.1,Net Banking,Cancelled
ORD003107,2024-03-14,CUST0711,PROD0109,SELL059,1,0.2,COD,Delivered
ORD003108,2024-09-28,CUST1152,PROD0040,SELL029,2,0.2,Net Banking,Delivered
ORD003109,2025-06-29,CUST1037,PROD0128,SELL007,1,0.2,Debit Card,Delivered
ORD003110,2025-02-24,CUST0402,PROD0045,SELL071,2,0.15,Net Banking,Delivered
ORD003111,2024-01-05,CUST0937,PROD0171,SELL038,2,0.15,UPI,Delivered
ORD003112,2025-02-18,CUST0509,PROD0011,SELL066,4,0.1,Debit Card,Shipped
ORD003113,2025-08-11,CUST0612,PROD0146,SELL007,2,0.15,UPI,Delivered
ORD003114,2025-08-28,CUST1175,PROD0119,SELL059,4,0.2,Net Banking,Delivered
ORD003115,2024-10-07,CUST0614,PROD0176,SELL043,2,0.15,COD,Delivered
ORD003116,2024-06-21,CUST1020,PROD0175,SELL044,1,0.2,Credit Card,Delivered
ORD003117,2024-08-14,CUST1012,PROD0076,SELL055,2,0.1,Net Banking,Delivered
ORD003118,2024-08-04,CUST0502,PROD0081,SELL032,1,0.0,Credit Card,Returned
ORD003119,2024-09-10,CUST0734,PROD0168,SELL007,3,0.0,UPI,Cancelled
ORD003120,2024-08-08,CUST1075,PROD0074,SELL021,3,0.0,UPI,Delivered
ORD003121,2024-11-30,CUST0195,PROD0028,SELL071,4,0.15,Debit Card,Delivered
ORD003122,2024-01-30,CUST0769,PROD0037,SELL029,4,0.05,COD,Delivered
ORD003123,2024-07-20,CUST0511,PROD0051,SELL046,4,0.1,Credit Card,Delivered
ORD003124,2024-08-18,CUST0972,PROD0115,SELL045,1,0.1,Debit Card,Delivered
ORD003125,2024-04-22,CUST1186,PROD0048,SELL004,1,0.1,Net Banking,Shipped
ORD003126,2025-10-03,CUST0871,PROD0179,SELL055,3,0.05,UPI,Returned
ORD003127,2025-05-08,CUST0450,PROD0087,SELL061,2,0.15,Debit Card,Delivered
ORD003128,2025-10-28,CUST1003,PROD0159,SELL032,1,0.05,Debit Card,Returned
ORD003129,2025-02-14,CUST0197,PROD0080,SELL038,1,0.1,UPI,Cancelled
ORD003130,2024-03-21,CUST0095,PROD0153,SELL079,2,0.2,UPI,Cancelled
ORD003131,2025-10-23,CUST0680,PROD0109,SELL075,3,0.1,Credit Card,Delivered
ORD003132,2024-11-30,CUST0021,PROD0166,SELL032,1,0.1,Net Banking,Returned
ORD003133,2025-05-15,CUST0490,PROD0150,SELL075,2,0.25,Debit Card,Delivered
ORD003134,2024-10-05,CUST0925,PROD0126,SELL014,3,0.2,Credit Card,Shipped
ORD003135,2024-12-27,CUST0789,PROD0024,SELL036,4,0.1,Net Banking,Delivered
ORD003136,2024-12-23,CUST1186,PROD0054,SELL074,3,0.05,Debit Card,Delivered
ORD003137,2024-07-27,CUST0387,PROD0131,SELL059,3,0.0,Net Banking,Delivered
ORD003138,2025-02-09,CUST1151,PROD0067,SELL071,1,0.15,Net Banking,Delivered
ORD003139,2025-06-20,CUST0132,PROD0018,SELL044,1,0.1,Net Banking,Delivered
ORD003140,2024-01-15,CUST0593,PROD0029,SELL014,1,0.05,Credit Card,Delivered
ORD003141,2024-04-05,CUST0048,PROD0025,SELL008,3,0.0,Debit Card,Delivered
ORD003142,2025-09-07,CUST0881,PROD0131,SELL014,4,0.0,Debit Card,Delivered
ORD003143,2025-02-20,CUST0938,PROD0141,SELL048,3,0.0,UPI,Delivered
ORD003144,2025-12-12,CUST0728,PROD0151,SELL063,2,0.2,Net Banking,Cancelled
ORD003145,2025-03-18,CUST0869,PROD0119,SELL020,4,0.15,UPI,Cancelled
ORD003146,2025-04-22,CUST0094,PROD0140,SELL041,4,0.1,Net Banking,Cancelled
ORD003147,2025-10-19,CUST0142,PROD0069,SELL011,1,0.15,Net Banking,Delivered
ORD003148,2025-04-27,CUST1041,PROD0166,SELL001,1,0.1,Debit Card,Delivered
ORD003149,2024-08-28,CUST1103,PROD0064,SELL047,1,0.1,UPI,Delivered
ORD003150,2025-01-20,CUST0897,PROD0100,SELL067,1,0.25,UPI,Cancelled
ORD003151,2024-06-21,CUST0823,PROD0166,SELL037,4,0.05,COD,Returned
ORD003152,2024-09-01,CUST0716,PROD0042,SELL002,3,0.15,Credit Card,Delivered
ORD003153,2025-05-12,CUST0210,PROD0080,SELL037,4,0.0,Credit Card,Shipped
ORD003154,2024-04-18,CUST1105,PROD0009,SELL043,4,0.0,COD,Shipped
ORD003155,2025-05-06,CUST0723,PROD0099,SELL076,2,0.15,Credit Card,Returned
ORD003156,2025-03-02,CUST0320,PROD0013,SELL045,2,0.15,Debit Card,Delivered
ORD003157,2024-08-13,CUST0444,PROD0099,SELL009,1,0.05,Debit Card,Returned
ORD003158,2024-02-02,CUST0912,PROD0052,SELL046,4,0.25,Credit Card,Delivered
ORD003159,2025-05-30,CUST1057,PROD0006,SELL057,2,0.1,Credit Card,Cancelled
ORD003160,2025-08-25,CUST0923,PROD0178,SELL033,4,0.05,Net Banking,Delivered
ORD003161,2025-06-17,CUST1070,PROD0005,SELL067,4,0.1,Net Banking,Returned
ORD003162,2024-11-03,CUST0942,PROD0161,SELL062,3,0.1,Net Banking,Cancelled
ORD003163,2025-04-22,CUST0917,PROD0048,SELL009,3,0.25,COD,Shipped
ORD003164,2024-10-30,CUST0771,PROD0028,SELL073,2,0.1,COD,Delivered
ORD003165,2024-09-18,CUST0402,PROD0049,SELL014,2,0.0,UPI,Delivered
ORD003166,2024-08-27,CUST0870,PROD0033,SELL003,2,0.0,UPI,Returned
ORD003167,2024-06-03,CUST0236,PROD0010,SELL069,1,0.2,Credit Card,Cancelled
ORD003168,2025-12-09,CUST0473,PROD0008,SELL047,3,0.0,Debit Card,Shipped
ORD003169,2025-05-02,CUST1164,PROD0044,SELL025,1,0.0,Debit Card,Delivered
ORD003170,2024-05-07,CUST0183,PROD0048,SELL009,1,0.15,Debit Card,Shipped
ORD003171,2025-09-24,CUST0262,PROD0098,SELL078,4,0.0,COD,Returned
ORD003172,2024-04-20,CUST0887,PROD0038,SELL067,3,0.1,Debit Card,Shipped
ORD003173,2025-03-09,CUST0776,PROD0048,SELL020,4,0.1,Credit Card,Delivered
ORD003174,2024-05-01,CUST0920,PROD0022,SELL055,2,0.15,COD,Shipped
ORD003175,2024-09-21,CUST0577,PROD0032,SELL022,3,0.15,UPI,Delivered
ORD003176,2025-04-26,CUST0536,PROD0169,SELL012,4,0.25,Credit Card,Delivered
ORD003177,2025-12-31,CUST0104,PROD0047,SELL033,2,0.1,UPI,Cancelled
ORD003178,2025-12-26,CUST1038,PROD0066,SELL077,3,0.1,COD,Returned
ORD003179,2025-10-16,CUST0034,PROD0171,SELL049,3,0.1,COD,Delivered
ORD003180,2024-06-21,CUST0791,PROD0064,SELL048,2,0.1,Net Banking,Delivered
ORD003181,2024-03-09,CUST0437,PROD0161,SELL061,2,0.2,COD,Delivered
ORD003182,2025-10-24,CUST0528,PROD0104,SELL022,4,0.1,Net Banking,Cancelled
ORD003183,2025-11-05,CUST0565,PROD0087,SELL074,2,0.0,UPI,Delivered
ORD003184,2024-07-22,CUST0648,PROD0055,SELL042,1,0.1,COD,Delivered
ORD003185,2024-01-15,CUST0025,PROD0131,SELL025,2,0.15,COD,Returned
ORD003186,2025-04-18,CUST0932,PROD0042,SELL018,1,0.0,Net Banking,Shipped
ORD003187,2024-02-25,CUST1106,PROD0099,SELL057,2,0.1,Net Banking,Shipped
ORD003188,2024-01-30,CUST0637,PROD0153,SELL042,1,0.0,UPI,Cancelled
ORD003189,2025-11-16,CUST0937,PROD0086,SELL025,3,0.05,UPI,Delivered
ORD003190,2024-12-28,CUST0149,PROD0067,SELL072,3,0.2,Credit Card,Delivered
ORD003191,2024-03-22,CUST0928,PROD0126,SELL001,2,0.1,Credit Card,Shipped
ORD003192,2025-04-23,CUST0106,PROD0084,SELL043,2,0.2,UPI,Cancelled
ORD003193,2024-09-26,CUST0573,PROD0148,SELL039,4,0.15,Credit Card,Shipped
ORD003194,2025-01-27,CUST0206,PROD0177,SELL070,4,0.0,COD,Delivered
ORD003195,2025-10-19,CUST0150,PROD0179,SELL003,2,0.15,Net Banking,Cancelled
ORD003196,2024-06-22,CUST0554,PROD0075,SELL002,4,0.1,Debit Card,Shipped
ORD003197,2025-04-17,CUST0211,PROD0113,SELL057,1,0.1,Debit Card,Delivered
ORD003198,2025-08-28,CUST0246,PROD0130,SELL031,2,0.05,Credit Card,Delivered
ORD003199,2024-11-05,CUST0267,PROD0038,SELL066,1,0.05,Net Banking,Delivered
ORD003200,2025-12-10,CUST0967,PROD0178,SELL064,1,0.0,Credit Card,Delivered
ORD003201,2024-11-23,CUST0333,PROD0123,SELL021,4,0.1,Net Banking,Delivered
ORD003202,2024-12-01,CUST0130,PROD0097,SELL012,4,0.15,Debit Card,Delivered
ORD003203,2025-10-08,CUST1129,PROD0119,SELL039,2,0.0,Credit Card,Returned
ORD003204,2025-04-09,CUST0979,PROD0034,SELL022,4,0.1,Debit Card,Delivered
ORD003205,2025-09-27,CUST0297,PROD0034,SELL016,1,0.1,Credit Card,Shipped
ORD003206,2025-07-31,CUST0194,PROD0074,SELL008,4,0.1,Credit Card,Delivered
ORD003207,2025-06-04,CUST0228,PROD0153,SELL040,1,0.15,Net Banking,Returned
ORD003208,2024-06-25,CUST0213,PROD0004,SELL046,4,0.15,Net Banking,Shipped
ORD003209,2024-10-18,CUST0699,PROD0057,SELL051,2,0.15,Credit Card,Cancelled
ORD003210,2025-09-23,CUST0267,PROD0143,SELL018,2,0.1,Credit Card,Delivered
ORD003211,2025-03-26,CUST1078,PROD0084,SELL022,2,0.05,Net Banking,Cancelled
ORD003212,2024-07-23,CUST0291,PROD0068,SELL016,1,0.2,Net Banking,Delivered
ORD003213,2024-08-27,CUST0819,PROD0172,SELL079,2,0.1,Net Banking,Delivered
ORD003214,2025-07-21,CUST1063,PROD0172,SELL034,1,0.2,Debit Card,Shipped
ORD003215,2024-05-10,CUST0039,PROD0142,SELL050,1,0.0,Net Banking,Cancelled
ORD003216,2024-03-22,CUST0512,PROD0021,SELL004,3,0.0,Debit Card,Cancelled
ORD003217,2025-07-13,CUST0579,PROD0005,SELL011,4,0.1,Debit Card,Shipped
ORD003218,2024-07-29,CUST0756,PROD0057,SELL024,3,0.2,Credit Card,Shipped
ORD003219,2025-07-13,CUST1071,PROD0162,SELL044,1,0.15,Net Banking,Returned
ORD003220,2025-01-25,CUST1080,PROD0044,SELL067,2,0.1,Net Banking,Returned
ORD003221,2025-12-30,CUST0403,PROD0031,SELL010,4,0.05,UPI,Delivered
ORD003222,2025-01-18,CUST0927,PROD0085,SELL026,2,0.05,COD,Returned
ORD003223,2025-09-26,CUST1177,PROD0081,SELL067,3,0.25,COD,Delivered
ORD003224,2025-09-13,CUST0497,PROD0108,SELL072,1,0.1,UPI,Shipped
ORD003225,2024-06-03,CUST0001,PROD0146,SELL045,2,0.15,Credit Card,Delivered
ORD003226,2025-12-29,CUST0622,PROD0101,SELL003,2,0.1,Debit Card,Returned
ORD003227,2025-06-29,CUST0965,PROD0033,SELL072,4,0.05,Credit Card,Cancelled
ORD003228,2024-03-19,CUST0998,PROD0178,SELL013,4,0.1,Credit Card,Delivered
ORD003229,2024-01-05,CUST0918,PROD0139,SELL045,4,0.1,UPI,Cancelled
ORD003230,2024-07-17,CUST1002,PROD0090,SELL055,3,0.0,COD,Delivered
ORD003231,2024-01-12,CUST0664,PROD0002,SELL061,3,0.15,UPI,Delivered
ORD003232,2024-09-18,CUST0261,PROD0085,SELL054,3,0.0,Credit Card,Delivered
ORD003233,2025-12-29,CUST0656,PROD0178,SELL053,2,0.15,UPI,Shipped
ORD003234,2024-12-16,CUST0933,PROD0097,SELL013,3,0.1,Net Banking,Cancelled
ORD003235,2024-01-18,CUST0243,PROD0016,SELL028,4,0.05,Net Banking,Delivered
ORD003236,2024-12-27,CUST0040,PROD0025,SELL033,3,0.0,Credit Card,Delivered
ORD003237,2024-06-09,CUST0178,PROD0172,SELL046,1,0.0,UPI,Delivered
ORD003238,2025-09-17,CUST0864,PROD0117,SELL014,2,0.0,Net Banking,Delivered
ORD003239,2024-03-07,CUST0799,PROD0117,SELL024,2,0.1,Credit Card,Delivered
ORD003240,2025-07-17,CUST0684,PROD0094,SELL043,4,0.1,Net Banking,Shipped
ORD003241,2024-11-22,CUST0873,PROD0174,SELL009,4,0.1,Debit Card,Delivered
ORD003242,2024-01-14,CUST0886,PROD0141,SELL019,4,0.0,UPI,Cancelled
ORD003243,2025-05-07,CUST0274,PROD0102,SELL029,2,0.2,Debit Card,Returned
ORD003244,2024-11-28,CUST0172,PROD0066,SELL046,2,0.05,Net Banking,Delivered
ORD003245,2025-07-18,CUST1102,PROD0058,SELL054,1,0.1,Net Banking,Delivered
ORD003246,2025-03-27,CUST0789,PROD0164,SELL024,4,0.05,COD,Shipped
ORD003247,2025-07-29,CUST0830,PROD0103,SELL073,1,0.2,Debit Card,Delivered
ORD003248,2024-12-02,CUST0366,PROD0140,SELL027,2,0.15,Net Banking,Delivered
ORD003249,2024-01-06,CUST0423,PROD0141,SELL006,4,0.05,Net Banking,Delivered
ORD003250,2024-04-05,CUST0824,PROD0124,SELL042,1,0.15,Debit Card,Cancelled
ORD003251,2024-12-01,CUST0891,PROD0066,SELL078,2,0.15,Net Banking,Shipped
ORD003252,2024-10-17,CUST0417,PROD0176,SELL074,1,0.2,Debit Card,Shipped
ORD003253,2025-08-03,CUST0553,PROD0099,SELL070,4,0.0,Net Banking,Returned
ORD003254,2024-10-27,CUST0589,PROD0018,SELL041,1,0.25,Debit Card,Delivered
ORD003255,2025-09-20,CUST0258,PROD0015,SELL046,4,0.2,Net Banking,Shipped
ORD003256,2024-05-17,CUST0153,PROD0066,SELL066,1,0.15,Net Banking,Delivered
ORD003257,2024-10-08,CUST0259,PROD0055,SELL030,2,0.0,Credit Card,Delivered
ORD003258,2025-07-06,CUST0772,PROD0041,SELL072,1,0.15,Debit Card,Delivered
ORD003259,2024-03-31,CUST0547,PROD0089,SELL049,4,0.0,UPI,Returned
ORD003260,2024-08-22,CUST0595,PROD0078,SELL032,3,0.05,Net Banking,Delivered
ORD003261,2025-07-03,CUST0305,PROD0150,SELL003,2,0.15,Net Banking,Cancelled
ORD003262,2025-03-06,CUST0644,PROD0032,SELL064,1,0.05,COD,Delivered
ORD003263,2025-07-22,CUST0614,PROD0175,SELL007,3,0.1,Credit Card,Delivered
ORD003264,2025-01-11,CUST0912,PROD0168,SELL033,1,0.05,Net Banking,Delivered
ORD003265,2025-09-20,CUST0045,PROD0104,SELL075,1,0.0,Credit Card,Cancelled
ORD003266,2025-10-03,CUST0721,PROD0164,SELL040,3,0.1,Credit Card,Returned
ORD003267,2025-12-13,CUST0233,PROD0175,SELL059,4,0.25,Credit Card,Delivered
ORD003268,2024-03-30,CUST0450,PROD0028,SELL013,4,0.05,COD,Returned
ORD003269,2025-03-08,CUST1128,PROD0132,SELL067,1,0.0,Credit Card,Shipped
ORD003270,2024-03-24,CUST0705,PROD0029,SELL043,3,0.0,Debit Card,Delivered
ORD003271,2024-06-16,CUST0291,PROD0164,SELL046,4,0.05,UPI,Cancelled
ORD003272,2024-08-07,CUST0682,PROD0089,SELL005,1,0.15,COD,Delivered
ORD003273,2025-04-17,CUST0514,PROD0023,SELL044,1,0.1,UPI,Delivered
ORD003274,2024-11-11,CUST0406,PROD0156,SELL030,1,0.15,Debit Card,Delivered
ORD003275,2025-09-24,CUST0201,PROD0082,SELL064,1,0.0,COD,Delivered
ORD003276,2024-08-06,CUST0577,PROD0043,SELL061,2,0.25,Debit Card,Delivered
ORD003277,2025-03-27,CUST0094,PROD0070,SELL021,1,0.0,UPI,Returned
ORD003278,2025-07-11,CUST0636,PROD0028,SELL007,1,0.0,UPI,Cancelled
ORD003279,2025-12-17,CUST0804,PROD0016,SELL032,1,0.25,COD,Cancelled
ORD003280,2024-06-28,CUST0404,PROD0152,SELL050,2,0.1,Credit Card,Delivered
ORD003281,2025-06-20,CUST0584,PROD0054,SELL005,2,0.05,UPI,Delivered
ORD003282,2024-03-02,CUST0807,PROD0054,SELL078,3,0.15,Net Banking,Shipped
ORD003283,2025-02-01,CUST0568,PROD0021,SELL073,4,0.1,Credit Card,Delivered
ORD003284,2024-10-29,CUST0760,PROD0092,SELL042,1,0.05,Credit Card,Delivered
ORD003285,2025-12-01,CUST0083,PROD0053,SELL049,1,0.15,Credit Card,Delivered
ORD003286,2025-07-19,CUST0032,PROD0171,SELL031,1,0.2,Net Banking,Delivered
ORD003287,2025-11-08,CUST0770,PROD0142,SELL060,1,0.1,COD,Returned
ORD003288,2025-09-13,CUST0943,PROD0032,SELL051,3,0.15,COD,Returned
ORD003289,2024-10-27,CUST1044,PROD0024,SELL011,2,0.1,Credit Card,Returned
ORD003290,2025-06-20,CUST0711,PROD0135,SELL023,4,0.1,Net Banking,Cancelled
ORD003291,2024-01-23,CUST0473,PROD0157,SELL019,2,0.05,UPI,Delivered
ORD003292,2025-02-11,CUST1019,PROD0096,SELL035,1,0.05,COD,Cancelled
ORD003293,2024-02-04,CUST0894,PROD0055,SELL015,4,0.15,COD,Delivered
ORD003294,2025-06-13,CUST0547,PROD0068,SELL008,1,0.2,UPI,Delivered
ORD003295,2025-12-07,CUST1143,PROD0050,SELL074,4,0.15,Debit Card,Cancelled
ORD003296,2025-05-13,CUST0408,PROD0117,SELL052,2,0.1,UPI,Delivered
ORD003297,2025-09-05,CUST0896,PROD0173,SELL009,2,0.2,Net Banking,Returned
ORD003298,2024-06-20,CUST0188,PROD0085,SELL058,1,0.1,UPI,Delivered
ORD003299,2025-12-27,CUST0828,PROD0145,SELL028,3,0.15,Credit Card,Shipped
ORD003300,2025-02-06,CUST1012,PROD0068,SELL054,3,0.25,Net Banking,Returned
ORD003301,2025-05-08,CUST0867,PROD0007,SELL026,1,0.2,COD,Returned
ORD003302,2025-07-17,CUST0503,PROD0035,SELL027,2,0.05,UPI,Delivered
ORD003303,2025-04-12,CUST0240,PROD0124,SELL018,4,0.15,Net Banking,Delivered
ORD003304,2024-08-19,CUST0986,PROD0129,SELL054,2,0.15,Credit Card,Delivered
ORD003305,2025-03-22,CUST0344,PROD0098,SELL037,4,0.2,UPI,Returned
ORD003306,2025-04-23,CUST1008,PROD0055,SELL057,1,0.2,Debit Card,Delivered
ORD003307,2025-09-18,CUST0200,PROD0180,SELL004,4,0.1,UPI,Delivered
ORD003308,2024-12-17,CUST0959,PROD0165,SELL072,4,0.1,Debit Card,Delivered
ORD003309,2025-01-01,CUST0049,PROD0019,SELL077,2,0.15,COD,Delivered
ORD003310,2025-01-02,CUST0541,PROD0079,SELL049,4,0.15,Credit Card,Delivered
ORD003311,2024-03-24,CUST0693,PROD0024,SELL054,4,0.2,UPI,Cancelled
ORD003312,2024-03-06,CUST0559,PROD0180,SELL033,1,0.0,COD,Delivered
ORD003313,2024-01-15,CUST0733,PROD0084,SELL080,4,0.2,Credit Card,Cancelled
ORD003314,2025-05-02,CUST0507,PROD0040,SELL004,1,0.05,UPI,Cancelled
ORD003315,2024-11-02,CUST1172,PROD0109,SELL037,1,0.15,COD,Delivered
ORD003316,2025-09-24,CUST0645,PROD0152,SELL070,4,0.2,COD,Delivered
ORD003317,2025-05-28,CUST1094,PROD0050,SELL050,2,0.15,UPI,Shipped
ORD003318,2024-04-13,CUST0643,PROD0066,SELL019,3,0.2,Net Banking,Returned
ORD003319,2024-03-14,CUST0359,PROD0066,SELL026,4,0.05,COD,Returned
ORD003320,2024-09-24,CUST0002,PROD0048,SELL078,1,0.0,Debit Card,Delivered
ORD003321,2025-11-04,CUST0174,PROD0018,SELL027,3,0.0,Debit Card,Delivered
ORD003322,2024-02-05,CUST0343,PROD0018,SELL016,2,0.15,Net Banking,Delivered
ORD003323,2024-05-16,CUST1190,PROD0045,SELL059,2,0.2,Debit Card,Shipped
ORD003324,2024-01-22,CUST1088,PROD0009,SELL039,1,0.0,UPI,Delivered
ORD003325,2024-10-29,CUST0966,PROD0079,SELL011,1,0.0,Credit Card,Delivered
ORD003326,2025-12-24,CUST1149,PROD0050,SELL014,3,0.15,UPI,Delivered
ORD003327,2025-05-14,CUST1098,PROD0023,SELL017,1,0.05,Credit Card,Delivered
ORD003328,2024-12-26,CUST0272,PROD0163,SELL079,3,0.15,COD,Delivered
ORD003329,2024-04-15,CUST0011,PROD0043,SELL052,1,0.0,Net Banking,Delivered
ORD003330,2024-09-16,CUST0746,PROD0005,SELL027,1,0.0,Net Banking,Delivered
ORD003331,2025-01-18,CUST0974,PROD0112,SELL056,4,0.0,Credit Card,Delivered
ORD003332,2024-07-19,CUST0146,PROD0142,SELL009,4,0.1,Debit Card,Delivered
ORD003333,2025-05-30,CUST0037,PROD0145,SELL005,4,0.05,Net Banking,Returned
ORD003334,2025-12-17,CUST0224,PROD0021,SELL011,4,0.0,Debit Card,Delivered
ORD003335,2024-05-30,CUST0936,PROD0162,SELL014,2,0.05,COD,Cancelled
ORD003336,2024-07-03,CUST0356,PROD0110,SELL046,3,0.0,UPI,Delivered
ORD003337,2024-04-02,CUST0346,PROD0029,SELL028,2,0.0,Debit Card,Shipped
ORD003338,2025-06-14,CUST0029,PROD0080,SELL029,4,0.15,Credit Card,Delivered
ORD003339,2024-12-03,CUST1031,PROD0006,SELL010,3,0.1,COD,Returned
ORD003340,2024-07-26,CUST0796,PROD0004,SELL043,1,0.1,UPI,Cancelled
ORD003341,2024-06-09,CUST0535,PROD0108,SELL011,3,0.0,COD,Returned
ORD003342,2024-02-21,CUST0976,PROD0108,SELL075,2,0.0,COD,Shipped
ORD003343,2024-12-14,CUST1123,PROD0145,SELL039,3,0.1,Net Banking,Delivered
ORD003344,2025-05-14,CUST0793,PROD0023,SELL074,4,0.15,Net Banking,Shipped
ORD003345,2024-06-20,CUST0749,PROD0050,SELL035,2,0.0,UPI,Delivered
ORD003346,2024-01-02,CUST0615,PROD0037,SELL076,4,0.15,Debit Card,Delivered
ORD003347,2024-12-11,CUST0797,PROD0049,SELL001,4,0.15,COD,Delivered
ORD003348,2025-05-08,CUST0600,PROD0134,SELL044,2,0.0,COD,Delivered
ORD003349,2024-09-09,CUST0343,PROD0125,SELL024,1,0.05,Net Banking,Shipped
ORD003350,2024-07-02,CUST0412,PROD0174,SELL053,4,0.0,Net Banking,Delivered
ORD003351,2024-04-22,CUST0918,PROD0017,SELL068,4,0.1,Debit Card,Returned
ORD003352,2025-06-29,CUST0433,PROD0142,SELL075,2,0.15,UPI,Cancelled
ORD003353,2025-09-21,CUST0044,PROD0030,SELL047,4,0.0,Debit Card,Shipped
ORD003354,2025-07-16,CUST0240,PROD0099,SELL054,2,0.05,Credit Card,Delivered
ORD003355,2025-01-13,CUST0992,PROD0136,SELL058,4,0.05,COD,Delivered
ORD003356,2025-06-13,CUST1005,PROD0124,SELL072,1,0.0,Credit Card,Delivered
ORD003357,2024-10-17,CUST0949,PROD0112,SELL080,2,0.0,Net Banking,Delivered
ORD003358,2024-01-18,CUST1127,PROD0169,SELL021,3,0.15,Net Banking,Delivered
ORD003359,2024-09-25,CUST0773,PROD0068,SELL053,4,0.1,COD,Delivered
ORD003360,2025-05-29,CUST1000,PROD0145,SELL007,3,0.05,Debit Card,Cancelled
ORD003361,2025-04-18,CUST0980,PROD0004,SELL061,2,0.15,UPI,Returned
ORD003362,2025-12-24,CUST0750,PROD0065,SELL011,4,0.2,Net Banking,Delivered
ORD003363,2025-12-30,CUST0817,PROD0008,SELL029,2,0.15,COD,Cancelled
ORD003364,2024-06-26,CUST0664,PROD0085,SELL056,3,0.1,Credit Card,Delivered
ORD003365,2024-01-07,CUST0424,PROD0067,SELL019,2,0.05,Credit Card,Returned
ORD003366,2024-07-19,CUST0142,PROD0110,SELL017,4,0.0,Net Banking,Shipped
ORD003367,2025-10-02,CUST0290,PROD0025,SELL015,4,0.15,Net Banking,Delivered
ORD003368,2025-08-17,CUST1045,PROD0153,SELL029,3,0.0,Credit Card,Cancelled
ORD003369,2024-03-13,CUST0408,PROD0106,SELL054,4,0.2,COD,Returned
ORD003370,2024-04-27,CUST0807,PROD0133,SELL076,2,0.15,Debit Card,Cancelled
ORD003371,2025-02-15,CUST0614,PROD0134,SELL003,4,0.05,Debit Card,Returned
ORD003372,2025-04-27,CUST0828,PROD0091,SELL007,2,0.1,UPI,Delivered
ORD003373,2025-12-19,CUST0718,PROD0124,SELL031,4,0.0,UPI,Shipped
ORD003374,2025-07-05,CUST0570,PROD0013,SELL047,2,0.05,Debit Card,Shipped
ORD003375,2024-06-03,CUST0493,PROD0034,SELL007,4,0.1,Debit Card,Returned
ORD003376,2024-01-28,CUST0478,PROD0108,SELL029,2,0.1,Debit Card,Delivered
ORD003377,2025-04-08,CUST1144,PROD0096,SELL020,1,0.1,Debit Card,Returned
ORD003378,2025-02-08,CUST0103,PROD0170,SELL043,4,0.05,Net Banking,Returned
ORD003379,2025-11-04,CUST0664,PROD0047,SELL065,1,0.15,UPI,Returned
ORD003380,2025-02-24,CUST0865,PROD0108,SELL078,4,0.1,COD,Returned
ORD003381,2025-01-01,CUST0525,PROD0030,SELL058,3,0.15,Debit Card,Shipped
ORD003382,2024-08-09,CUST0481,PROD0025,SELL014,4,0.15,Debit Card,Delivered
ORD003383,2024-03-04,CUST0327,PROD0004,SELL025,2,0.1,Net Banking,Delivered
ORD003384,2025-10-02,CUST0970,PROD0072,SELL005,4,0.05,Debit Card,Returned
ORD003385,2025-08-26,CUST1045,PROD0131,SELL077,1,0.0,UPI,Delivered
ORD003386,2024-04-28,CUST0728,PROD0125,SELL003,2,0.05,Credit Card,Delivered
ORD003387,2025-05-29,CUST0943,PROD0015,SELL075,4,0.15,Net Banking,Shipped
ORD003388,2024-09-23,CUST0726,PROD0039,SELL025,4,0.1,Net Banking,Delivered
ORD003389,2024-11-15,CUST1075,PROD0054,SELL040,3,0.1,COD,Delivered
ORD003390,2025-09-12,CUST0391,PROD0116,SELL070,1,0.0,Credit Card,Shipped
ORD003391,2025-09-07,CUST0052,PROD0007,SELL074,4,0.15,Net Banking,Delivered
ORD003392,2024-05-19,CUST0534,PROD0129,SELL075,1,0.05,Net Banking,Shipped
ORD003393,2024-08-12,CUST0147,PROD0102,SELL061,3,0.05,COD,Delivered
ORD003394,2025-08-23,CUST0004,PROD0067,SELL013,2,0.0,Net Banking,Delivered
ORD003395,2025-11-01,CUST0118,PROD0008,SELL072,2,0.0,Net Banking,Delivered
ORD003396,2024-02-27,CUST0770,PROD0178,SELL055,3,0.1,Net Banking,Delivered
ORD003397,2025-09-01,CUST0174,PROD0159,SELL008,4,0.15,UPI,Shipped
ORD003398,2024-12-23,CUST0160,PROD0144,SELL024,3,0.0,COD,Delivered
ORD003399,2025-03-07,CUST0485,PROD0123,SELL023,1,0.15,Credit Card,Shipped
ORD003400,2024-02-25,CUST0768,PROD0148,SELL043,2,0.1,Credit Card,Cancelled
ORD003401,2025-05-12,CUST1080,PROD0175,SELL038,2,0.15,Net Banking,Delivered
ORD003402,2025-05-10,CUST0746,PROD0123,SELL063,1,0.0,Credit Card,Returned
ORD003403,2025-04-29,CUST0873,PROD0105,SELL025,4,0.15,UPI,Returned
ORD003404,2025-07-31,CUST0929,PROD0126,SELL042,3,0.25,Debit Card,Shipped
ORD003405,2025-11-22,CUST0517,PROD0003,SELL066,3,0.15,COD,Returned
ORD003406,2025-09-13,CUST0641,PROD0147,SELL065,1,0.0,Debit Card,Returned
ORD003407,2025-06-28,CUST0461,PROD0052,SELL046,4,0.1,Net Banking,Delivered
ORD003408,2025-12-18,CUST0888,PROD0158,SELL066,4,0.1,Net Banking,Delivered
ORD003409,2025-05-08,CUST0487,PROD0001,SELL059,4,0.1,COD,Shipped
ORD003410,2025-05-06,CUST0755,PROD0026,SELL026,2,0.05,COD,Shipped
ORD003411,2025-01-31,CUST0192,PROD0121,SELL080,4,0.15,UPI,Cancelled
ORD003412,2025-07-16,CUST0918,PROD0139,SELL068,3,0.15,Credit Card,Returned
ORD003413,2024-02-22,CUST0073,PROD0135,SELL050,1,0.15,Debit Card,Delivered
ORD003414,2025-01-04,CUST0905,PROD0047,SELL062,1,0.15,Credit Card,Delivered
ORD003415,2024-11-06,CUST0833,PROD0003,SELL008,2,0.15,Net Banking,Delivered
ORD003416,2025-10-29,CUST0305,PROD0095,SELL016,4,0.1,COD,Delivered
ORD003417,2024-02-23,CUST0354,PROD0108,SELL080,3,0.05,UPI,Delivered
ORD003418,2025-04-15,CUST1049,PROD0155,SELL055,3,0.15,Debit Card,Cancelled
ORD003419,2024-05-14,CUST0620,PROD0005,SELL056,4,0.0,COD,Shipped
ORD003420,2025-10-07,CUST0753,PROD0086,SELL040,4,0.1,Net Banking,Delivered
ORD003421,2025-09-14,CUST0907,PROD0128,SELL038,2,0.1,UPI,Cancelled
ORD003422,2024-06-21,CUST0739,PROD0115,SELL068,1,0.1,COD,Shipped
ORD003423,2025-09-29,CUST1148,PROD0175,SELL008,2,0.1,COD,Shipped
ORD003424,2024-12-29,CUST0165,PROD0120,SELL046,2,0.15,Debit Card,Delivered
ORD003425,2025-12-10,CUST0525,PROD0062,SELL038,4,0.0,Net Banking,Delivered
ORD003426,2025-06-17,CUST0072,PROD0054,SELL033,4,0.2,Net Banking,Returned
ORD003427,2024-01-26,CUST0024,PROD0140,SELL034,3,0.15,Credit Card,Shipped
ORD003428,2024-05-28,CUST0432,PROD0018,SELL016,2,0.0,Credit Card,Delivered
ORD003429,2024-10-22,CUST0034,PROD0026,SELL023,3,0.1,UPI,Cancelled
ORD003430,2024-06-03,CUST0021,PROD0131,SELL011,4,0.1,Debit Card,Delivered
ORD003431,2024-04-06,CUST0936,PROD0135,SELL020,3,0.1,Debit Card,Delivered
ORD003432,2025-12-15,CUST0304,PROD0104,SELL077,3,0.05,Net Banking,Returned
ORD003433,2025-09-27,CUST0612,PROD0131,SELL051,1,0.15,UPI,Delivered
ORD003434,2024-11-13,CUST0521,PROD0140,SELL069,4,0.15,Debit Card,Delivered
ORD003435,2024-06-06,CUST0565,PROD0008,SELL051,2,0.0,Debit Card,Delivered
ORD003436,2024-05-12,CUST0693,PROD0075,SELL029,1,0.0,UPI,Returned
ORD003437,2025-10-31,CUST0304,PROD0168,SELL072,1,0.1,Credit Card,Delivered
ORD003438,2024-08-30,CUST0525,PROD0039,SELL030,1,0.1,Net Banking,Shipped
ORD003439,2024-01-10,CUST0350,PROD0048,SELL077,2,0.1,COD,Shipped
ORD003440,2024-10-17,CUST0406,PROD0115,SELL031,2,0.1,Net Banking,Delivered
ORD003441,2024-11-28,CUST1019,PROD0042,SELL002,2,0.1,Net Banking,Returned
ORD003442,2025-03-31,CUST0604,PROD0132,SELL041,4,0.15,COD,Delivered
ORD003443,2024-09-04,CUST0275,PROD0050,SELL078,1,0.15,COD,Cancelled
ORD003444,2025-11-05,CUST0811,PROD0048,SELL054,3,0.15,Debit Card,Returned
ORD003445,2025-04-15,CUST0077,PROD0051,SELL037,2,0.1,Net Banking,Shipped
ORD003446,2025-12-22,CUST0857,PROD0122,SELL034,3,0.15,Credit Card,Shipped
ORD003447,2024-09-25,CUST0067,PROD0130,SELL033,4,0.1,Net Banking,Delivered
ORD003448,2025-04-21,CUST0471,PROD0175,SELL065,3,0.05,Credit Card,Cancelled
ORD003449,2024-09-24,CUST0177,PROD0112,SELL039,3,0.05,COD,Cancelled
ORD003450,2025-05-26,CUST0426,PROD0143,SELL054,2,0.1,Debit Card,Cancelled
ORD003451,2025-06-29,CUST0811,PROD0143,SELL069,2,0.1,UPI,Cancelled
ORD003452,2024-08-23,CUST0626,PROD0154,SELL045,4,0.1,Net Banking,Cancelled
ORD003453,2025-11-16,CUST0187,PROD0046,SELL009,3,0.15,Debit Card,Shipped
ORD003454,2025-09-18,CUST0796,PROD0031,SELL036,1,0.15,Credit Card,Cancelled
ORD003455,2025-10-15,CUST0630,PROD0140,SELL078,1,0.05,Net Banking,Delivered
ORD003456,2024-06-08,CUST0379,PROD0074,SELL007,2,0.05,Debit Card,Delivered
ORD003457,2025-06-08,CUST0889,PROD0128,SELL005,4,0.1,COD,Shipped
ORD003458,2024-03-18,CUST0086,PROD0091,SELL040,2,0.15,Net Banking,Delivered
ORD003459,2024-03-18,CUST0096,PROD0042,SELL036,2,0.15,Credit Card,Cancelled
ORD003460,2025-12-12,CUST0783,PROD0140,SELL012,2,0.05,Credit Card,Shipped
ORD003461,2024-04-21,CUST0458,PROD0058,SELL050,3,0.0,Credit Card,Delivered
ORD003462,2025-09-23,CUST1151,PROD0167,SELL045,3,0.05,Net Banking,Delivered
ORD003463,2024-11-10,CUST0293,PROD0111,SELL008,4,0.0,Net Banking,Delivered
ORD003464,2024-08-09,CUST0217,PROD0046,SELL032,2,0.25,Credit Card,Shipped
ORD003465,2024-02-23,CUST0317,PROD0014,SELL015,1,0.0,COD,Cancelled
ORD003466,2025-05-08,CUST0633,PROD0131,SELL077,2,0.2,Debit Card,Delivered
ORD003467,2025-06-11,CUST1110,PROD0141,SELL052,3,0.1,Credit Card,Returned
ORD003468,2024-12-07,CUST0447,PROD0009,SELL074,1,0.2,Debit Card,Delivered
ORD003469,2025-08-15,CUST0391,PROD0142,SELL072,2,0.05,Credit Card,Delivered
ORD003470,2024-08-24,CUST0431,PROD0041,SELL057,4,0.1,Credit Card,Returned
ORD003471,2025-02-07,CUST0900,PROD0049,SELL011,4,0.15,Credit Card,Delivered
ORD003472,2024-07-28,CUST0428,PROD0076,SELL041,3,0.15,Net Banking,Delivered
ORD003473,2025-03-01,CUST0549,PROD0090,SELL001,3,0.05,UPI,Shipped
ORD003474,2024-04-09,CUST0304,PROD0175,SELL039,1,0.1,COD,Shipped
ORD003475,2024-12-14,CUST0814,PROD0011,SELL014,3,0.0,Debit Card,Cancelled
ORD003476,2025-02-05,CUST0225,PROD0028,SELL069,1,0.25,UPI,Cancelled
ORD003477,2025-02-10,CUST0411,PROD0161,SELL058,3,0.1,COD,Cancelled
ORD003478,2024-11-22,CUST0868,PROD0032,SELL054,3,0.1,Net Banking,Shipped
ORD003479,2025-04-15,CUST0130,PROD0177,SELL009,2,0.05,UPI,Delivered
ORD003480,2025-01-09,CUST1175,PROD0100,SELL038,3,0.05,Credit Card,Returned
ORD003481,2024-07-26,CUST0272,PROD0005,SELL064,3,0.05,Net Banking,Shipped
ORD003482,2024-06-06,CUST0250,PROD0067,SELL077,2,0.2,Net Banking,Delivered
ORD003483,2025-04-18,CUST0352,PROD0029,SELL032,2,0.2,Debit Card,Cancelled
ORD003484,2025-11-17,CUST0765,PROD0132,SELL052,3,0.2,Credit Card,Delivered
ORD003485,2025-07-04,CUST0219,PROD0034,SELL076,2,0.15,Credit Card,Delivered
ORD003486,2025-04-11,CUST0376,PROD0033,SELL016,3,0.1,Net Banking,Delivered
ORD003487,2025-11-04,CUST0423,PROD0142,SELL024,3,0.1,UPI,Delivered
ORD003488,2025-10-19,CUST0564,PROD0115,SELL067,1,0.15,Debit Card,Shipped
ORD003489,2025-01-05,CUST0061,PROD0003,SELL071,2,0.25,COD,Delivered
ORD003490,2024-03-20,CUST1086,PROD0124,SELL030,1,0.0,Credit Card,Delivered
ORD003491,2025-04-08,CUST0288,PROD0089,SELL055,4,0.15,Debit Card,Cancelled
ORD003492,2025-03-31,CUST0808,PROD0003,SELL060,3,0.15,Debit Card,Shipped
ORD003493,2024-07-21,CUST1002,PROD0081,SELL056,3,0.05,Credit Card,Cancelled
ORD003494,2025-09-12,CUST0529,PROD0024,SELL076,2,0.1,COD,Delivered
ORD003495,2025-09-27,CUST0134,PROD0173,SELL054,4,0.15,COD,Cancelled
ORD003496,2024-08-29,CUST1135,PROD0032,SELL016,4,0.2,UPI,Delivered
ORD003497,2024-12-14,CUST0446,PROD0118,SELL045,2,0.15,Debit Card,Cancelled
ORD003498,2024-05-22,CUST0815,PROD0121,SELL027,4,0.2,Credit Card,Returned
ORD003499,2024-05-10,CUST1085,PROD0033,SELL045,4,0.05,Net Banking,Delivered
ORD003500,2024-07-12,CUST0141,PROD0084,SELL050,1,0.25,Credit Card,Delivered
ORD003501,2024-09-24,CUST0553,PROD0008,SELL077,4,0.1,COD,Delivered
ORD003502,2024-07-18,CUST0094,PROD0039,SELL057,3,0.05,UPI,Returned
ORD003503,2024-04-20,CUST0976,PROD0130,SELL021,2,0.1,UPI,Cancelled
ORD003504,2024-11-22,CUST0607,PROD0069,SELL050,3,0.1,COD,Cancelled
ORD003505,2025-03-31,CUST0374,PROD0049,SELL036,1,0.0,Credit Card,Delivered
ORD003506,2024-08-26,CUST0167,PROD0030,SELL043,1,0.0,Net Banking,Delivered
ORD003507,2025-01-25,CUST0540,PROD0019,SELL038,3,0.1,COD,Delivered
ORD003508,2024-07-17,CUST0359,PROD0113,SELL055,2,0.1,COD,Delivered
ORD003509,2025-05-29,CUST0164,PROD0059,SELL024,4,0.15,UPI,Delivered
ORD003510,2025-04-19,CUST1087,PROD0151,SELL019,1,0.0,UPI,Shipped
ORD003511,2025-12-02,CUST1120,PROD0157,SELL020,1,0.15,Debit Card,Delivered
ORD003512,2024-02-08,CUST0622,PROD0111,SELL020,2,0.0,Debit Card,Delivered
ORD003513,2025-09-15,CUST0474,PROD0076,SELL068,3,0.0,Debit Card,Shipped
ORD003514,2024-09-05,CUST0831,PROD0149,SELL044,3,0.1,COD,Returned
ORD003515,2024-02-18,CUST0411,PROD0139,SELL039,1,0.15,UPI,Delivered
ORD003516,2025-05-19,CUST0002,PROD0154,SELL039,1,0.05,Credit Card,Delivered
ORD003517,2024-05-05,CUST0818,PROD0067,SELL041,2,0.1,Credit Card,Delivered
ORD003518,2024-05-08,CUST0717,PROD0138,SELL003,4,0.15,Net Banking,Delivered
ORD003519,2025-12-17,CUST1014,PROD0085,SELL063,4,0.1,Credit Card,Returned
ORD003520,2024-06-10,CUST0873,PROD0147,SELL003,1,0.1,Net Banking,Delivered
ORD003521,2025-02-03,CUST0628,PROD0017,SELL025,1,0.1,UPI,Delivered
ORD003522,2024-05-26,CUST0428,PROD0132,SELL046,3,0.1,Credit Card,Delivered
ORD003523,2024-03-31,CUST0023,PROD0096,SELL058,2,0.0,Credit Card,Delivered
ORD003524,2024-01-01,CUST0777,PROD0151,SELL034,1,0.2,Debit Card,Delivered
ORD003525,2024-01-12,CUST0262,PROD0094,SELL070,2,0.0,UPI,Shipped
ORD003526,2024-12-12,CUST1100,PROD0056,SELL052,3,0.15,Debit Card,Shipped
ORD003527,2024-11-13,CUST1089,PROD0040,SELL001,4,0.0,UPI,Delivered
ORD003528,2024-01-29,CUST0475,PROD0131,SELL007,2,0.1,COD,Returned
ORD003529,2024-09-12,CUST0957,PROD0094,SELL054,1,0.15,COD,Delivered
ORD003530,2024-07-18,CUST0007,PROD0117,SELL057,4,0.1,Debit Card,Delivered
ORD003531,2025-02-21,CUST1055,PROD0170,SELL044,1,0.05,UPI,Delivered
ORD003532,2025-12-28,CUST0118,PROD0104,SELL004,4,0.15,COD,Delivered
ORD003533,2025-05-20,CUST0825,PROD0110,SELL030,4,0.05,UPI,Delivered
ORD003534,2025-11-02,CUST0989,PROD0153,SELL039,3,0.0,Credit Card,Shipped
ORD003535,2024-05-20,CUST0193,PROD0079,SELL054,3,0.15,COD,Delivered
ORD003536,2024-06-06,CUST0938,PROD0111,SELL011,2,0.15,Debit Card,Returned
ORD003537,2025-07-02,CUST0541,PROD0144,SELL048,2,0.05,Debit Card,Shipped
ORD003538,2024-08-14,CUST0771,PROD0178,SELL029,2,0.25,Net Banking,Delivered
ORD003539,2025-09-12,CUST0153,PROD0126,SELL074,1,0.1,UPI,Delivered
ORD003540,2024-12-04,CUST1158,PROD0113,SELL005,3,0.0,Credit Card,Delivered
ORD003541,2024-05-26,CUST0267,PROD0125,SELL035,2,0.05,Net Banking,Returned
ORD003542,2025-09-09,CUST0866,PROD0105,SELL014,4,0.05,COD,Cancelled
ORD003543,2025-02-06,CUST0967,PROD0084,SELL043,2,0.1,Net Banking,Shipped
ORD003544,2025-08-09,CUST0926,PROD0085,SELL057,4,0.1,Credit Card,Delivered
ORD003545,2024-11-26,CUST0541,PROD0111,SELL025,2,0.0,Net Banking,Cancelled
ORD003546,2024-04-02,CUST0469,PROD0058,SELL008,3,0.2,Debit Card,Shipped
ORD003547,2025-05-12,CUST0238,PROD0038,SELL039,3,0.1,COD,Delivered
ORD003548,2024-03-31,CUST0050,PROD0065,SELL021,3,0.15,Net Banking,Delivered
ORD003549,2025-04-29,CUST0426,PROD0080,SELL068,2,0.0,Net Banking,Delivered
ORD003550,2024-10-31,CUST1020,PROD0044,SELL038,4,0.1,COD,Delivered
ORD003551,2025-08-01,CUST0688,PROD0152,SELL041,2,0.05,UPI,Delivered
ORD003552,2025-09-28,CUST0088,PROD0158,SELL068,2,0.2,Debit Card,Returned
ORD003553,2024-10-24,CUST0913,PROD0099,SELL011,1,0.15,Credit Card,Cancelled
ORD003554,2025-10-06,CUST0072,PROD0121,SELL041,2,0.0,Net Banking,Shipped
ORD003555,2024-03-22,CUST1009,PROD0170,SELL054,2,0.15,COD,Shipped
ORD003556,2024-03-19,CUST0186,PROD0179,SELL023,3,0.15,Debit Card,Delivered
ORD003557,2025-12-27,CUST0180,PROD0055,SELL046,3,0.0,UPI,Delivered
ORD003558,2025-02-23,CUST0098,PROD0145,SELL075,1,0.05,COD,Delivered
ORD003559,2024-11-25,CUST0838,PROD0008,SELL070,2,0.0,Net Banking,Delivered
ORD003560,2024-04-23,CUST1051,PROD0097,SELL063,1,0.1,UPI,Shipped
ORD003561,2024-07-30,CUST1151,PROD0009,SELL016,2,0.0,Debit Card,Delivered
ORD003562,2025-05-16,CUST0855,PROD0002,SELL044,1,0.05,Credit Card,Shipped
ORD003563,2025-08-23,CUST0322,PROD0135,SELL067,2,0.15,Debit Card,Shipped
ORD003564,2025-10-31,CUST0832,PROD0121,SELL033,3,0.1,COD,Delivered
ORD003565,2024-10-25,CUST0865,PROD0023,SELL002,1,0.0,UPI,Returned
ORD003566,2024-11-28,CUST0880,PROD0083,SELL048,3,0.1,Credit Card,Returned
ORD003567,2024-04-29,CUST0994,PROD0126,SELL020,1,0.1,Debit Card,Delivered
ORD003568,2024-03-01,CUST0790,PROD0113,SELL057,2,0.05,Net Banking,Returned
ORD003569,2024-11-16,CUST0490,PROD0158,SELL004,4,0.15,Net Banking,Delivered
ORD003570,2025-02-27,CUST0021,PROD0151,SELL046,2,0.05,COD,Delivered
ORD003571,2024-03-17,CUST0324,PROD0095,SELL038,2,0.1,Debit Card,Delivered
ORD003572,2024-10-25,CUST0361,PROD0039,SELL057,2,0.1,Debit Card,Delivered
ORD003573,2025-04-13,CUST0001,PROD0128,SELL061,3,0.05,Credit Card,Returned
ORD003574,2025-08-15,CUST0914,PROD0062,SELL051,3,0.15,Net Banking,Delivered
ORD003575,2025-11-17,CUST0036,PROD0035,SELL031,2,0.2,Net Banking,Delivered
ORD003576,2024-09-05,CUST0741,PROD0030,SELL011,1,0.05,Net Banking,Delivered
ORD003577,2024-10-13,CUST0838,PROD0137,SELL040,2,0.0,Debit Card,Cancelled
ORD003578,2025-10-01,CUST0692,PROD0099,SELL030,4,0.1,COD,Returned
ORD003579,2025-05-21,CUST0349,PROD0023,SELL067,2,0.05,UPI,Delivered
ORD003580,2024-07-19,CUST0375,PROD0141,SELL008,1,0.15,COD,Shipped
ORD003581,2025-05-15,CUST0551,PROD0107,SELL058,3,0.0,Credit Card,Cancelled
ORD003582,2024-04-25,CUST1017,PROD0160,SELL005,3,0.1,Net Banking,Delivered
ORD003583,2024-11-24,CUST1137,PROD0030,SELL075,4,0.1,Debit Card,Delivered
ORD003584,2024-08-12,CUST0632,PROD0156,SELL002,2,0.1,Net Banking,Delivered
ORD003585,2025-12-26,CUST0361,PROD0040,SELL020,4,0.25,COD,Cancelled
ORD003586,2024-01-26,CUST0148,PROD0107,SELL073,4,0.0,Debit Card,Delivered
ORD003587,2025-09-18,CUST0047,PROD0113,SELL001,1,0.05,COD,Shipped
ORD003588,2024-07-24,CUST1104,PROD0161,SELL059,1,0.0,Debit Card,Cancelled
ORD003589,2024-01-27,CUST1143,PROD0178,SELL025,2,0.15,UPI,Delivered
ORD003590,2025-04-27,CUST0989,PROD0018,SELL028,3,0.2,Debit Card,Delivered
ORD003591,2025-05-10,CUST1130,PROD0036,SELL071,2,0.15,Debit Card,Delivered
ORD003592,2024-04-14,CUST0323,PROD0017,SELL063,4,0.15,Net Banking,Delivered
ORD003593,2024-01-29,CUST0436,PROD0046,SELL058,4,0.05,Net Banking,Shipped
ORD003594,2024-03-22,CUST0029,PROD0095,SELL078,3,0.0,Debit Card,Shipped
ORD003595,2024-10-25,CUST0437,PROD0040,SELL028,4,0.2,COD,Returned
ORD003596,2024-04-06,CUST0972,PROD0074,SELL040,3,0.1,COD,Cancelled
ORD003597,2025-05-28,CUST0253,PROD0153,SELL068,1,0.1,Credit Card,Delivered
ORD003598,2024-02-26,CUST0533,PROD0163,SELL044,4,0.0,Net Banking,Returned
ORD003599,2025-07-30,CUST0961,PROD0170,SELL007,4,0.1,UPI,Delivered
ORD003600,2025-10-01,CUST1036,PROD0050,SELL011,3,0.2,COD,Delivered
ORD003601,2025-06-08,CUST0666,PROD0019,SELL063,2,0.15,Debit Card,Delivered
ORD003602,2025-11-21,CUST0209,PROD0052,SELL015,1,0.0,UPI,Delivered
ORD003603,2025-11-17,CUST0289,PROD0115,SELL047,1,0.05,Debit Card,Delivered
ORD003604,2024-02-04,CUST0952,PROD0180,SELL033,2,0.0,Debit Card,Delivered
ORD003605,2024-09-06,CUST0470,PROD0050,SELL006,2,0.1,Net Banking,Delivered
ORD003606,2025-07-09,CUST0448,PROD0107,SELL044,4,0.05,UPI,Cancelled
ORD003607,2024-09-05,CUST0189,PROD0094,SELL070,4,0.1,Credit Card,Delivered
ORD003608,2025-06-22,CUST1162,PROD0099,SELL015,3,0.0,Debit Card,Delivered
ORD003609,2025-07-20,CUST0250,PROD0020,SELL077,3,0.2,Credit Card,Cancelled
ORD003610,2025-12-29,CUST0378,PROD0179,SELL031,3,0.0,COD,Delivered
ORD003611,2024-08-29,CUST0605,PROD0015,SELL080,2,0.0,Credit Card,Delivered
ORD003612,2024-09-11,CUST0482,PROD0085,SELL061,2,0.25,UPI,Delivered
ORD003613,2024-01-18,CUST0186,PROD0040,SELL067,4,0.0,Net Banking,Shipped
ORD003614,2024-07-27,CUST0807,PROD0074,SELL049,3,0.05,COD,Delivered
ORD003615,2024-07-24,CUST0992,PROD0137,SELL010,1,0.15,Net Banking,Cancelled
ORD003616,2024-11-27,CUST0848,PROD0129,SELL044,1,0.15,Debit Card,Delivered
ORD003617,2024-11-03,CUST0016,PROD0062,SELL055,4,0.0,Net Banking,Delivered
ORD003618,2025-09-18,CUST0085,PROD0058,SELL062,1,0.15,UPI,Delivered
ORD003619,2025-07-19,CUST0222,PROD0010,SELL012,1,0.15,UPI,Delivered
ORD003620,2025-06-16,CUST0760,PROD0159,SELL078,3,0.1,COD,Delivered
ORD003621,2024-01-04,CUST0360,PROD0080,SELL067,4,0.15,Net Banking,Delivered
ORD003622,2024-12-10,CUST0881,PROD0127,SELL048,4,0.25,Credit Card,Cancelled
ORD003623,2025-06-17,CUST1089,PROD0038,SELL005,1,0.0,Credit Card,Delivered
ORD003624,2024-06-27,CUST0545,PROD0050,SELL036,2,0.1,Credit Card,Delivered
ORD003625,2024-11-06,CUST1045,PROD0011,SELL058,2,0.05,Debit Card,Shipped
ORD003626,2025-06-15,CUST0779,PROD0083,SELL006,4,0.05,UPI,Returned
ORD003627,2025-08-03,CUST1133,PROD0089,SELL061,1,0.15,COD,Cancelled
ORD003628,2025-09-16,CUST0509,PROD0123,SELL076,4,0.1,UPI,Returned
ORD003629,2024-11-10,CUST0906,PROD0136,SELL063,1,0.05,Credit Card,Shipped
ORD003630,2024-10-19,CUST0526,PROD0111,SELL010,3,0.1,COD,Cancelled
ORD003631,2024-10-06,CUST0419,PROD0119,SELL062,4,0.0,Net Banking,Returned
ORD003632,2025-05-03,CUST0430,PROD0128,SELL046,2,0.15,COD,Cancelled
ORD003633,2024-11-02,CUST0740,PROD0032,SELL027,4,0.2,Credit Card,Returned
ORD003634,2024-10-19,CUST0860,PROD0179,SELL004,2,0.15,UPI,Delivered
ORD003635,2024-05-03,CUST0055,PROD0167,SELL076,3,0.05,Debit Card,Delivered
ORD003636,2024-12-15,CUST0122,PROD0030,SELL049,1,0.15,Credit Card,Returned
ORD003637,2024-06-22,CUST1143,PROD0113,SELL001,1,0.0,UPI,Delivered
ORD003638,2025-01-18,CUST0534,PROD0010,SELL053,1,0.15,UPI,Cancelled
ORD003639,2025-10-11,CUST1105,PROD0094,SELL020,3,0.15,UPI,Shipped
ORD003640,2025-07-21,CUST0108,PROD0012,SELL022,2,0.1,Credit Card,Returned
ORD003641,2024-12-15,CUST0396,PROD0172,SELL054,2,0.25,COD,Delivered
ORD003642,2025-12-15,CUST0166,PROD0070,SELL062,2,0.05,Credit Card,Shipped
ORD003643,2025-12-17,CUST0749,PROD0142,SELL077,3,0.15,UPI,Delivered
ORD003644,2024-11-20,CUST0056,PROD0143,SELL016,4,0.05,COD,Delivered
ORD003645,2025-07-12,CUST0547,PROD0151,SELL077,3,0.0,Net Banking,Shipped
ORD003646,2024-09-07,CUST0386,PROD0023,SELL060,4,0.05,Debit Card,Shipped
ORD003647,2025-10-04,CUST0453,PROD0084,SELL066,4,0.1,Net Banking,Delivered
ORD003648,2024-09-30,CUST0905,PROD0055,SELL041,3,0.05,COD,Cancelled
ORD003649,2024-07-07,CUST1190,PROD0121,SELL007,4,0.0,COD,Shipped
ORD003650,2024-04-07,CUST0129,PROD0117,SELL007,1,0.05,Net Banking,Delivered
ORD003651,2025-09-07,CUST0115,PROD0032,SELL009,4,0.25,COD,Returned
ORD003652,2024-08-05,CUST0548,PROD0143,SELL045,3,0.05,Debit Card,Delivered
ORD003653,2025-08-17,CUST0696,PROD0172,SELL010,1,0.2,COD,Cancelled
ORD003654,2024-03-04,CUST0188,PROD0112,SELL039,4,0.0,UPI,Delivered
ORD003655,2025-01-01,CUST0286,PROD0073,SELL079,2,0.1,Debit Card,Returned
ORD003656,2024-11-08,CUST0439,PROD0176,SELL042,3,0.0,COD,Returned
ORD003657,2024-11-16,CUST1134,PROD0124,SELL020,4,0.15,COD,Delivered
ORD003658,2024-05-02,CUST0586,PROD0085,SELL003,4,0.2,Debit Card,Delivered
ORD003659,2024-02-23,CUST0548,PROD0129,SELL043,1,0.0,UPI,Cancelled
ORD003660,2024-09-10,CUST0432,PROD0135,SELL039,1,0.1,Credit Card,Returned
ORD003661,2024-12-09,CUST0716,PROD0047,SELL018,3,0.05,Credit Card,Delivered
ORD003662,2025-08-03,CUST1176,PROD0106,SELL040,2,0.2,COD,Delivered
ORD003663,2024-12-04,CUST0748,PROD0067,SELL056,2,0.15,Net Banking,Delivered
ORD003664,2024-06-28,CUST0530,PROD0113,SELL019,4,0.2,Debit Card,Returned
ORD003665,2024-07-10,CUST0030,PROD0017,SELL053,1,0.2,Debit Card,Cancelled
ORD003666,2025-03-23,CUST1150,PROD0076,SELL003,2,0.15,Net Banking,Delivered
ORD003667,2024-11-14,CUST1029,PROD0083,SELL022,3,0.0,Debit Card,Returned
ORD003668,2025-10-20,CUST0726,PROD0053,SELL076,2,0.05,Net Banking,Cancelled
ORD003669,2024-11-17,CUST0171,PROD0115,SELL060,2,0.15,Net Banking,Delivered
ORD003670,2025-02-18,CUST0806,PROD0180,SELL051,2,0.0,COD,Delivered
ORD003671,2024-02-16,CUST0352,PROD0173,SELL018,4,0.1,UPI,Delivered
ORD003672,2024-05-21,CUST1044,PROD0094,SELL031,1,0.0,Credit Card,Delivered
ORD003673,2025-09-13,CUST0084,PROD0132,SELL039,1,0.25,Net Banking,Returned
ORD003674,2024-09-09,CUST0917,PROD0007,SELL070,3,0.0,Net Banking,Returned
ORD003675,2024-11-03,CUST0566,PROD0042,SELL034,1,0.05,Credit Card,Delivered
ORD003676,2025-03-07,CUST0017,PROD0011,SELL051,2,0.05,Credit Card,Delivered
ORD003677,2024-02-12,CUST0003,PROD0024,SELL036,3,0.05,Credit Card,Delivered
ORD003678,2025-01-05,CUST0287,PROD0163,SELL007,2,0.15,Debit Card,Delivered
ORD003679,2024-09-10,CUST0037,PROD0062,SELL074,3,0.15,COD,Returned
ORD003680,2024-04-18,CUST0639,PROD0173,SELL021,2,0.2,Credit Card,Delivered
ORD003681,2024-11-01,CUST1133,PROD0013,SELL025,3,0.1,COD,Cancelled
ORD003682,2024-11-22,CUST0716,PROD0078,SELL018,1,0.1,COD,Delivered
ORD003683,2024-05-16,CUST0805,PROD0124,SELL076,4,0.2,COD,Shipped
ORD003684,2025-01-31,CUST1062,PROD0031,SELL072,4,0.2,Debit Card,Returned
ORD003685,2025-06-29,CUST0322,PROD0109,SELL060,4,0.1,Debit Card,Delivered
ORD003686,2024-07-14,CUST0247,PROD0046,SELL007,1,0.05,Credit Card,Delivered
ORD003687,2025-12-07,CUST0500,PROD0095,SELL037,4,0.0,UPI,Returned
ORD003688,2025-03-23,CUST0391,PROD0140,SELL068,1,0.1,Debit Card,Delivered
ORD003689,2025-07-19,CUST1193,PROD0117,SELL055,1,0.05,Debit Card,Shipped
ORD003690,2024-02-21,CUST0327,PROD0134,SELL038,3,0.1,Net Banking,Delivered
ORD003691,2025-07-15,CUST0041,PROD0169,SELL032,4,0.25,UPI,Shipped
ORD003692,2024-09-03,CUST0600,PROD0028,SELL049,2,0.05,Net Banking,Cancelled
ORD003693,2025-06-03,CUST0210,PROD0149,SELL012,2,0.0,Credit Card,Returned
ORD003694,2025-08-10,CUST1033,PROD0119,SELL048,3,0.15,UPI,Delivered
ORD003695,2024-07-02,CUST0858,PROD0005,SELL051,2,0.1,Credit Card,Delivered
ORD003696,2024-07-08,CUST1171,PROD0069,SELL058,3,0.15,Credit Card,Returned
ORD003697,2024-02-13,CUST0042,PROD0148,SELL054,3,0.15,Debit Card,Delivered
ORD003698,2025-03-18,CUST0730,PROD0095,SELL049,2,0.05,UPI,Returned
ORD003699,2025-07-19,CUST0844,PROD0026,SELL005,4,0.1,Debit Card,Shipped
ORD003700,2024-10-26,CUST0832,PROD0114,SELL057,1,0.05,COD,Delivered
ORD003701,2024-04-27,CUST1120,PROD0115,SELL045,1,0.1,COD,Returned
ORD003702,2024-08-19,CUST0792,PROD0078,SELL057,1,0.25,COD,Delivered
ORD003703,2024-10-21,CUST1112,PROD0097,SELL078,3,0.1,Debit Card,Delivered
ORD003704,2025-10-31,CUST0664,PROD0098,SELL068,1,0.15,Credit Card,Cancelled
ORD003705,2024-03-31,CUST0679,PROD0104,SELL029,3,0.15,COD,Cancelled
ORD003706,2024-09-07,CUST0383,PROD0145,SELL053,2,0.1,COD,Shipped
ORD003707,2025-04-11,CUST0145,PROD0021,SELL040,4,0.05,UPI,Shipped
ORD003708,2024-06-22,CUST1019,PROD0101,SELL065,3,0.15,COD,Delivered
ORD003709,2025-10-08,CUST0741,PROD0096,SELL017,4,0.05,UPI,Delivered
ORD003710,2025-10-26,CUST0206,PROD0074,SELL075,4,0.05,Credit Card,Returned
ORD003711,2024-10-04,CUST0642,PROD0050,SELL014,4,0.05,Credit Card,Delivered
ORD003712,2025-06-29,CUST1150,PROD0121,SELL032,1,0.1,UPI,Shipped
ORD003713,2025-07-06,CUST0316,PROD0180,SELL073,1,0.05,COD,Delivered
ORD003714,2025-05-13,CUST0959,PROD0025,SELL006,2,0.1,Debit Card,Returned
ORD003715,2024-05-16,CUST1137,PROD0144,SELL008,2,0.0,UPI,Delivered
ORD003716,2024-02-06,CUST1029,PROD0171,SELL048,4,0.1,UPI,Shipped
ORD003717,2024-09-10,CUST0632,PROD0027,SELL021,3,0.05,UPI,Delivered
ORD003718,2024-04-05,CUST0387,PROD0080,SELL003,3,0.25,UPI,Delivered
ORD003719,2024-08-01,CUST1098,PROD0078,SELL046,2,0.15,Net Banking,Shipped
ORD003720,2025-04-11,CUST0669,PROD0180,SELL030,1,0.05,Net Banking,Delivered
ORD003721,2025-03-06,CUST0664,PROD0077,SELL063,2,0.1,COD,Cancelled
ORD003722,2024-06-02,CUST0290,PROD0142,SELL050,4,0.1,COD,Returned
ORD003723,2024-01-13,CUST0492,PROD0006,SELL040,4,0.05,UPI,Delivered
ORD003724,2024-06-13,CUST0425,PROD0164,SELL072,1,0.0,UPI,Cancelled
ORD003725,2024-11-28,CUST0176,PROD0029,SELL057,3,0.05,COD,Delivered
ORD003726,2025-07-23,CUST0847,PROD0177,SELL003,1,0.05,Net Banking,Delivered
ORD003727,2024-09-23,CUST0717,PROD0036,SELL039,3,0.1,Net Banking,Delivered
ORD003728,2024-07-28,CUST0174,PROD0049,SELL008,1,0.15,UPI,Delivered
ORD003729,2025-02-07,CUST0674,PROD0096,SELL046,1,0.05,Debit Card,Returned
ORD003730,2024-02-22,CUST0657,PROD0147,SELL033,3,0.0,COD,Cancelled
ORD003731,2024-06-13,CUST0853,PROD0048,SELL006,1,0.1,Credit Card,Shipped
ORD003732,2024-01-27,CUST0413,PROD0047,SELL031,2,0.15,COD,Returned
ORD003733,2025-01-19,CUST0096,PROD0052,SELL064,4,0.0,Debit Card,Delivered
ORD003734,2024-11-19,CUST0017,PROD0039,SELL027,2,0.1,UPI,Delivered
ORD003735,2025-03-01,CUST0881,PROD0020,SELL053,2,0.1,Debit Card,Returned
ORD003736,2025-03-27,CUST0710,PROD0055,SELL048,2,0.05,UPI,Delivered
ORD003737,2024-10-15,CUST1096,PROD0081,SELL018,3,0.15,Credit Card,Delivered
ORD003738,2025-09-27,CUST0448,PROD0146,SELL075,1,0.0,Credit Card,Delivered
ORD003739,2025-11-02,CUST0291,PROD0165,SELL029,1,0.1,Credit Card,Delivered
ORD003740,2024-03-21,CUST0506,PROD0040,SELL023,4,0.1,UPI,Returned
ORD003741,2025-11-03,CUST0915,PROD0163,SELL023,2,0.1,Net Banking,Returned
ORD003742,2024-05-23,CUST0132,PROD0065,SELL035,3,0.05,UPI,Shipped
ORD003743,2024-06-30,CUST0525,PROD0105,SELL056,2,0.0,Credit Card,Returned
ORD003744,2025-01-22,CUST0374,PROD0093,SELL032,2,0.0,Credit Card,Delivered
ORD003745,2024-01-22,CUST0565,PROD0130,SELL044,2,0.15,Net Banking,Returned
ORD003746,2024-09-23,CUST0034,PROD0090,SELL047,2,0.2,Debit Card,Cancelled
ORD003747,2024-05-22,CUST1181,PROD0115,SELL056,3,0.15,UPI,Returned
ORD003748,2024-12-18,CUST0331,PROD0073,SELL072,3,0.1,Debit Card,Returned
ORD003749,2025-08-18,CUST1193,PROD0037,SELL061,1,0.1,Net Banking,Delivered
ORD003750,2025-11-06,CUST1006,PROD0052,SELL051,4,0.15,Net Banking,Delivered
ORD003751,2024-06-04,CUST0430,PROD0116,SELL021,1,0.0,Credit Card,Shipped
ORD003752,2025-02-02,CUST0966,PROD0113,SELL077,2,0.15,COD,Shipped
ORD003753,2024-12-12,CUST0858,PROD0019,SELL050,1,0.1,UPI,Delivered
ORD003754,2024-10-30,CUST0563,PROD0056,SELL066,2,0.1,Credit Card,Delivered
ORD003755,2025-04-07,CUST1171,PROD0026,SELL025,4,0.05,UPI,Delivered
ORD003756,2025-12-24,CUST0078,PROD0111,SELL052,1,0.05,Net Banking,Delivered
ORD003757,2024-10-23,CUST1110,PROD0169,SELL058,1,0.15,Net Banking,Delivered
ORD003758,2024-02-17,CUST0454,PROD0180,SELL048,4,0.25,Net Banking,Delivered
ORD003759,2025-10-31,CUST0891,PROD0043,SELL043,2,0.05,Net Banking,Returned
ORD003760,2025-11-12,CUST0332,PROD0106,SELL054,2,0.05,Credit Card,Cancelled
ORD003761,2024-08-23,CUST0133,PROD0160,SELL050,4,0.1,Credit Card,Delivered
ORD003762,2025-01-01,CUST0436,PROD0172,SELL017,3,0.15,Net Banking,Delivered
ORD003763,2025-09-22,CUST1010,PROD0127,SELL033,2,0.2,Credit Card,Delivered
ORD003764,2025-01-03,CUST0766,PROD0047,SELL078,3,0.1,Credit Card,Delivered
ORD003765,2024-12-17,CUST0832,PROD0032,SELL043,2,0.15,COD,Cancelled
ORD003766,2025-11-04,CUST0703,PROD0050,SELL064,4,0.0,COD,Shipped
ORD003767,2025-08-28,CUST0674,PROD0002,SELL037,1,0.05,Debit Card,Delivered
ORD003768,2025-01-05,CUST0031,PROD0123,SELL014,3,0.0,UPI,Delivered
ORD003769,2024-04-28,CUST0469,PROD0088,SELL014,4,0.1,COD,Returned
ORD003770,2024-11-16,CUST0494,PROD0169,SELL031,3,0.15,COD,Returned
ORD003771,2025-05-09,CUST0237,PROD0128,SELL020,2,0.15,Net Banking,Delivered
ORD003772,2024-07-18,CUST0712,PROD0101,SELL060,3,0.1,Credit Card,Delivered
ORD003773,2025-01-27,CUST0763,PROD0037,SELL034,1,0.2,COD,Cancelled
ORD003774,2025-04-26,CUST0726,PROD0082,SELL013,3,0.2,UPI,Cancelled
ORD003775,2024-03-03,CUST1062,PROD0084,SELL078,1,0.0,Net Banking,Delivered
ORD003776,2025-02-20,CUST0309,PROD0128,SELL027,3,0.1,Net Banking,Delivered
ORD003777,2025-06-23,CUST0939,PROD0091,SELL077,2,0.15,COD,Delivered
ORD003778,2024-06-05,CUST0739,PROD0030,SELL061,4,0.15,Debit Card,Delivered
ORD003779,2025-02-04,CUST0996,PROD0086,SELL078,3,0.2,UPI,Delivered
ORD003780,2025-06-02,CUST0427,PROD0092,SELL051,4,0.05,Credit Card,Cancelled
ORD003781,2024-02-02,CUST0928,PROD0034,SELL027,3,0.05,UPI,Delivered
ORD003782,2025-04-15,CUST0362,PROD0079,SELL074,2,0.0,Net Banking,Delivered
ORD003783,2024-07-08,CUST0340,PROD0121,SELL078,4,0.25,COD,Delivered
ORD003784,2024-10-17,CUST1165,PROD0168,SELL066,1,0.15,Net Banking,Delivered
ORD003785,2025-04-18,CUST0971,PROD0170,SELL078,1,0.05,COD,Delivered
ORD003786,2024-01-04,CUST1132,PROD0140,SELL049,1,0.1,COD,Cancelled
ORD003787,2024-01-13,CUST0434,PROD0025,SELL072,2,0.05,Credit Card,Delivered
ORD003788,2024-11-22,CUST0511,PROD0116,SELL012,2,0.1,COD,Delivered
ORD003789,2025-11-25,CUST0906,PROD0120,SELL022,3,0.1,COD,Delivered
ORD003790,2024-01-05,CUST0038,PROD0031,SELL005,4,0.2,COD,Shipped
ORD003791,2025-07-30,CUST0433,PROD0080,SELL032,2,0.15,UPI,Delivered
ORD003792,2024-02-24,CUST1175,PROD0069,SELL080,1,0.25,UPI,Delivered
ORD003793,2024-12-23,CUST0382,PROD0039,SELL075,2,0.05,Net Banking,Delivered
ORD003794,2024-11-10,CUST0551,PROD0016,SELL050,1,0.25,COD,Delivered
ORD003795,2024-12-08,CUST0088,PROD0063,SELL012,1,0.1,Net Banking,Delivered
ORD003796,2024-02-29,CUST0021,PROD0055,SELL008,3,0.05,COD,Delivered
ORD003797,2025-07-04,CUST0845,PROD0076,SELL052,3,0.1,COD,Returned
ORD003798,2024-07-20,CUST0008,PROD0105,SELL073,3,0.1,Credit Card,Returned
ORD003799,2025-07-17,CUST0257,PROD0175,SELL065,4,0.0,Debit Card,Delivered
ORD003800,2025-04-24,CUST0827,PROD0112,SELL051,1,0.1,Credit Card,Shipped
ORD003801,2025-02-06,CUST0710,PROD0097,SELL070,4,0.1,UPI,Delivered
ORD003802,2024-08-13,CUST0414,PROD0133,SELL035,3,0.05,Debit Card,Delivered
ORD003803,2025-04-21,CUST0228,PROD0092,SELL048,1,0.05,Net Banking,Delivered
ORD003804,2025-12-30,CUST0818,PROD0134,SELL049,3,0.05,Net Banking,Shipped
ORD003805,2025-11-05,CUST1067,PROD0131,SELL065,2,0.15,Net Banking,Delivered
ORD003806,2025-10-31,CUST0377,PROD0089,SELL038,2,0.1,Credit Card,Shipped
ORD003807,2024-06-09,CUST0914,PROD0039,SELL024,3,0.05,COD,Delivered
ORD003808,2025-03-03,CUST0806,PROD0173,SELL056,1,0.05,UPI,Shipped
ORD003809,2024-10-17,CUST0986,PROD0138,SELL023,1,0.0,Debit Card,Shipped
ORD003810,2025-12-07,CUST0108,PROD0122,SELL077,3,0.1,Net Banking,Delivered
ORD003811,2025-11-25,CUST0220,PROD0010,SELL013,1,0.05,Net Banking,Shipped
ORD003812,2025-09-26,CUST0995,PROD0031,SELL004,2,0.05,UPI,Delivered
ORD003813,2024-04-28,CUST0266,PROD0119,SELL020,1,0.2,UPI,Returned
ORD003814,2024-08-21,CUST1057,PROD0046,SELL045,1,0.15,Credit Card,Shipped
ORD003815,2025-06-03,CUST0093,PROD0028,SELL019,4,0.05,Net Banking,Shipped
ORD003816,2025-07-01,CUST0903,PROD0178,SELL046,4,0.2,COD,Delivered
ORD003817,2024-09-13,CUST0492,PROD0104,SELL029,3,0.05,Credit Card,Delivered
ORD003818,2024-04-10,CUST0286,PROD0059,SELL018,3,0.05,UPI,Delivered
ORD003819,2024-04-10,CUST1162,PROD0126,SELL026,4,0.05,UPI,Cancelled
ORD003820,2025-05-15,CUST0883,PROD0061,SELL069,1,0.1,Debit Card,Delivered
ORD003821,2024-11-27,CUST0327,PROD0159,SELL009,2,0.0,COD,Delivered
ORD003822,2024-12-24,CUST0717,PROD0004,SELL065,1,0.25,Debit Card,Shipped
ORD003823,2025-08-19,CUST0245,PROD0081,SELL074,3,0.1,COD,Delivered
ORD003824,2024-01-13,CUST0672,PROD0144,SELL032,1,0.05,UPI,Delivered
ORD003825,2025-07-05,CUST0209,PROD0171,SELL010,3,0.25,Debit Card,Delivered
ORD003826,2024-07-19,CUST1182,PROD0151,SELL065,3,0.05,Net Banking,Shipped
ORD003827,2025-11-11,CUST0081,PROD0070,SELL055,1,0.2,Debit Card,Cancelled
ORD003828,2025-11-29,CUST1115,PROD0159,SELL077,1,0.15,COD,Delivered
ORD003829,2025-01-02,CUST0413,PROD0093,SELL014,4,0.1,Debit Card,Cancelled
ORD003830,2024-08-18,CUST1065,PROD0089,SELL024,4,0.0,UPI,Returned
ORD003831,2024-06-19,CUST1103,PROD0088,SELL016,3,0.1,UPI,Delivered
ORD003832,2024-05-12,CUST0031,PROD0094,SELL002,4,0.1,Debit Card,Delivered
ORD003833,2025-12-31,CUST0265,PROD0092,SELL061,1,0.1,Net Banking,Delivered
ORD003834,2024-05-17,CUST0347,PROD0127,SELL013,2,0.1,UPI,Delivered
ORD003835,2024-11-22,CUST0455,PROD0122,SELL027,3,0.0,Debit Card,Shipped
ORD003836,2024-12-16,CUST0062,PROD0099,SELL057,3,0.15,Net Banking,Shipped
ORD003837,2025-05-11,CUST0809,PROD0059,SELL005,3,0.05,Credit Card,Returned
ORD003838,2025-09-07,CUST0105,PROD0156,SELL078,3,0.0,Credit Card,Delivered
ORD003839,2025-02-11,CUST0608,PROD0104,SELL024,3,0.05,Credit Card,Delivered
ORD003840,2025-07-08,CUST0705,PROD0134,SELL011,4,0.15,COD,Delivered
ORD003841,2025-02-18,CUST1017,PROD0102,SELL046,1,0.05,UPI,Delivered
ORD003842,2024-11-15,CUST0537,PROD0126,SELL018,3,0.1,Net Banking,Cancelled
ORD003843,2024-04-25,CUST0681,PROD0126,SELL003,1,0.1,Debit Card,Cancelled
ORD003844,2024-06-01,CUST0604,PROD0163,SELL011,2,0.1,Credit Card,Cancelled
ORD003845,2024-11-12,CUST0373,PROD0105,SELL015,4,0.05,UPI,Shipped
ORD003846,2024-02-03,CUST0890,PROD0063,SELL033,4,0.15,Credit Card,Delivered
ORD003847,2024-08-19,CUST1171,PROD0090,SELL061,2,0.1,Credit Card,Returned
ORD003848,2024-12-04,CUST0517,PROD0097,SELL032,3,0.25,COD,Delivered
ORD003849,2024-12-11,CUST0179,PROD0124,SELL049,2,0.1,Debit Card,Cancelled
ORD003850,2025-08-18,CUST1147,PROD0149,SELL036,3,0.25,COD,Cancelled
ORD003851,2025-12-08,CUST0251,PROD0062,SELL016,2,0.15,UPI,Delivered
ORD003852,2025-06-17,CUST0236,PROD0023,SELL035,2,0.05,Debit Card,Delivered
ORD003853,2024-02-28,CUST1069,PROD0009,SELL025,1,0.1,UPI,Cancelled
ORD003854,2024-10-25,CUST0266,PROD0090,SELL073,2,0.1,Credit Card,Shipped
ORD003855,2025-06-17,CUST0772,PROD0023,SELL039,4,0.05,Debit Card,Delivered
ORD003856,2025-03-10,CUST0801,PROD0042,SELL011,1,0.05,UPI,Cancelled
ORD003857,2024-11-30,CUST0109,PROD0034,SELL023,2,0.05,Net Banking,Delivered
ORD003858,2024-11-14,CUST1073,PROD0016,SELL034,3,0.15,Net Banking,Shipped
ORD003859,2024-10-23,CUST0493,PROD0018,SELL044,3,0.15,Net Banking,Delivered
ORD003860,2025-02-27,CUST0957,PROD0132,SELL051,1,0.15,COD,Delivered
ORD003861,2024-05-10,CUST0306,PROD0062,SELL050,3,0.15,UPI,Delivered
ORD003862,2025-01-13,CUST0378,PROD0173,SELL019,3,0.0,Net Banking,Delivered
ORD003863,2024-05-30,CUST0548,PROD0091,SELL034,3,0.0,Net Banking,Delivered
ORD003864,2025-05-12,CUST1090,PROD0031,SELL033,1,0.15,Debit Card,Delivered
ORD003865,2025-09-24,CUST0147,PROD0012,SELL050,3,0.2,Credit Card,Shipped
ORD003866,2025-01-06,CUST1109,PROD0091,SELL077,1,0.2,Net Banking,Delivered
ORD003867,2024-10-10,CUST0188,PROD0135,SELL052,2,0.15,Net Banking,Returned
ORD003868,2025-11-18,CUST0192,PROD0076,SELL070,2,0.15,Credit Card,Delivered
ORD003869,2025-04-27,CUST0726,PROD0016,SELL064,3,0.25,UPI,Delivered
ORD003870,2024-11-08,CUST1139,PROD0066,SELL072,3,0.2,UPI,Cancelled
ORD003871,2024-01-22,CUST0770,PROD0162,SELL012,4,0.15,UPI,Delivered
ORD003872,2024-01-12,CUST0543,PROD0082,SELL070,1,0.0,Debit Card,Shipped
ORD003873,2024-06-10,CUST1148,PROD0065,SELL029,3,0.0,COD,Delivered
ORD003874,2024-06-21,CUST0455,PROD0041,SELL049,1,0.2,UPI,Shipped
ORD003875,2025-06-11,CUST0156,PROD0159,SELL009,3,0.0,Credit Card,Delivered
ORD003876,2024-12-31,CUST0619,PROD0131,SELL049,1,0.1,Credit Card,Returned
ORD003877,2025-12-31,CUST0803,PROD0045,SELL024,1,0.05,Debit Card,Shipped
ORD003878,2025-01-30,CUST0043,PROD0068,SELL028,1,0.05,UPI,Cancelled
ORD003879,2025-10-22,CUST0048,PROD0030,SELL074,4,0.1,Credit Card,Delivered
ORD003880,2025-02-07,CUST0306,PROD0100,SELL052,1,0.15,Debit Card,Delivered
ORD003881,2024-09-18,CUST1168,PROD0133,SELL065,1,0.0,Debit Card,Cancelled
ORD003882,2025-06-06,CUST0397,PROD0119,SELL017,1,0.05,UPI,Delivered
ORD003883,2024-11-24,CUST1006,PROD0053,SELL020,4,0.15,COD,Delivered
ORD003884,2024-07-19,CUST0923,PROD0172,SELL042,3,0.15,Credit Card,Cancelled
ORD003885,2024-12-11,CUST1151,PROD0014,SELL046,2,0.1,Net Banking,Returned
ORD003886,2025-05-01,CUST1073,PROD0160,SELL050,4,0.1,Debit Card,Delivered
ORD003887,2024-10-01,CUST0349,PROD0054,SELL073,3,0.05,Credit Card,Cancelled
ORD003888,2025-05-29,CUST1105,PROD0112,SELL023,4,0.1,UPI,Shipped
ORD003889,2025-12-17,CUST0479,PROD0123,SELL055,1,0.0,Net Banking,Delivered
ORD003890,2024-10-27,CUST0590,PROD0114,SELL027,1,0.15,UPI,Delivered
ORD003891,2024-08-03,CUST0476,PROD0079,SELL077,1,0.0,Credit Card,Delivered
ORD003892,2024-10-20,CUST0864,PROD0041,SELL066,2,0.15,Net Banking,Shipped
ORD003893,2025-09-04,CUST0969,PROD0166,SELL060,4,0.2,Net Banking,Delivered
ORD003894,2024-05-10,CUST0352,PROD0061,SELL055,1,0.15,Net Banking,Delivered
ORD003895,2025-12-12,CUST0988,PROD0020,SELL066,3,0.15,Debit Card,Shipped
ORD003896,2024-10-29,CUST0799,PROD0031,SELL017,1,0.1,UPI,Shipped
ORD003897,2025-09-07,CUST0111,PROD0014,SELL016,3,0.0,Net Banking,Returned
ORD003898,2025-07-29,CUST0541,PROD0015,SELL066,3,0.0,Net Banking,Delivered
ORD003899,2025-07-26,CUST0574,PROD0171,SELL043,3,0.15,Credit Card,Delivered
ORD003900,2025-10-26,CUST0676,PROD0111,SELL078,3,0.15,COD,Cancelled
ORD003901,2024-05-15,CUST1107,PROD0097,SELL071,2,0.05,COD,Delivered
ORD003902,2025-03-09,CUST0431,PROD0019,SELL005,2,0.2,Credit Card,Shipped
ORD003903,2024-03-13,CUST1162,PROD0099,SELL045,1,0.15,UPI,Cancelled
ORD003904,2024-08-06,CUST0551,PROD0085,SELL066,2,0.15,Debit Card,Delivered
ORD003905,2024-01-30,CUST0286,PROD0002,SELL040,1,0.1,COD,Returned
ORD003906,2025-05-13,CUST0812,PROD0050,SELL076,3,0.15,Net Banking,Delivered
ORD003907,2025-03-20,CUST0454,PROD0086,SELL050,4,0.15,UPI,Delivered
ORD003908,2025-06-25,CUST1004,PROD0035,SELL011,2,0.15,Debit Card,Delivered
ORD003909,2024-05-08,CUST1064,PROD0092,SELL015,4,0.15,COD,Delivered
ORD003910,2024-08-30,CUST1168,PROD0094,SELL016,3,0.15,Net Banking,Delivered
ORD003911,2025-05-09,CUST0149,PROD0030,SELL077,2,0.2,Net Banking,Delivered
ORD003912,2025-08-27,CUST0908,PROD0079,SELL047,2,0.05,Credit Card,Returned
ORD003913,2025-10-09,CUST0477,PROD0001,SELL033,4,0.1,COD,Delivered
ORD003914,2024-02-23,CUST0599,PROD0052,SELL072,4,0.15,COD,Shipped
ORD003915,2024-10-21,CUST0601,PROD0079,SELL001,2,0.05,Debit Card,Delivered
ORD003916,2024-01-08,CUST0322,PROD0151,SELL004,2,0.1,Credit Card,Cancelled
ORD003917,2025-08-21,CUST0681,PROD0094,SELL014,3,0.0,COD,Delivered
ORD003918,2024-03-30,CUST0928,PROD0072,SELL048,4,0.0,UPI,Returned
ORD003919,2025-08-23,CUST1121,PROD0062,SELL080,1,0.25,Net Banking,Shipped
ORD003920,2024-04-24,CUST0145,PROD0014,SELL050,1,0.25,COD,Shipped
ORD003921,2024-01-12,CUST0647,PROD0097,SELL022,1,0.1,Net Banking,Returned
ORD003922,2025-10-04,CUST0789,PROD0004,SELL050,1,0.1,Debit Card,Returned
ORD003923,2024-11-16,CUST0242,PROD0061,SELL031,4,0.15,UPI,Delivered
ORD003924,2024-11-06,CUST1141,PROD0121,SELL029,2,0.05,UPI,Cancelled
ORD003925,2025-04-17,CUST0450,PROD0048,SELL055,2,0.05,Debit Card,Delivered
ORD003926,2024-07-19,CUST0776,PROD0122,SELL047,1,0.15,Debit Card,Delivered
ORD003927,2025-05-19,CUST0618,PROD0060,SELL031,4,0.05,UPI,Returned
ORD003928,2024-11-09,CUST0035,PROD0093,SELL043,2,0.1,UPI,Delivered
ORD003929,2024-07-18,CUST0679,PROD0096,SELL053,4,0.15,Debit Card,Cancelled
ORD003930,2024-10-15,CUST0795,PROD0143,SELL041,3,0.1,Credit Card,Delivered
ORD003931,2024-01-05,CUST0368,PROD0003,SELL071,1,0.1,Credit Card,Delivered
ORD003932,2024-08-08,CUST0143,PROD0159,SELL046,2,0.15,COD,Shipped
ORD003933,2025-03-08,CUST0511,PROD0120,SELL041,1,0.0,Debit Card,Delivered
ORD003934,2024-04-10,CUST0081,PROD0074,SELL055,2,0.25,Credit Card,Cancelled
ORD003935,2024-03-27,CUST0728,PROD0081,SELL073,3,0.05,COD,Cancelled
ORD003936,2025-04-24,CUST0481,PROD0087,SELL048,1,0.05,Debit Card,Returned
ORD003937,2024-11-09,CUST0131,PROD0146,SELL012,1,0.1,Credit Card,Delivered
ORD003938,2024-04-09,CUST0735,PROD0010,SELL046,1,0.15,Net Banking,Shipped
ORD003939,2025-06-30,CUST0629,PROD0103,SELL065,4,0.1,UPI,Delivered
ORD003940,2025-07-20,CUST0454,PROD0032,SELL065,2,0.2,COD,Delivered
ORD003941,2024-01-26,CUST0379,PROD0132,SELL032,4,0.05,Debit Card,Shipped
ORD003942,2024-05-27,CUST0392,PROD0139,SELL063,4,0.05,Debit Card,Cancelled
ORD003943,2024-09-27,CUST0661,PROD0001,SELL011,4,0.25,Debit Card,Delivered
ORD003944,2025-06-18,CUST0125,PROD0069,SELL039,2,0.2,Debit Card,Delivered
ORD003945,2024-02-24,CUST1055,PROD0036,SELL037,4,0.05,UPI,Shipped
ORD003946,2025-08-11,CUST0388,PROD0102,SELL032,3,0.1,UPI,Cancelled
ORD003947,2024-08-21,CUST0891,PROD0043,SELL054,1,0.1,Credit Card,Delivered
ORD003948,2024-04-01,CUST0604,PROD0072,SELL014,1,0.15,Net Banking,Delivered
ORD003949,2025-09-23,CUST0838,PROD0144,SELL058,4,0.05,UPI,Returned
ORD003950,2024-03-04,CUST0081,PROD0091,SELL014,3,0.0,Net Banking,Shipped
ORD003951,2024-04-04,CUST0719,PROD0042,SELL024,4,0.1,Debit Card,Shipped
ORD003952,2025-11-25,CUST0533,PROD0028,SELL067,3,0.15,COD,Delivered
ORD003953,2025-01-14,CUST1062,PROD0147,SELL048,3,0.15,COD,Shipped
ORD003954,2024-12-04,CUST0109,PROD0170,SELL036,1,0.15,UPI,Shipped
ORD003955,2025-05-17,CUST1200,PROD0160,SELL006,4,0.0,Debit Card,Delivered
ORD003956,2025-04-05,CUST0313,PROD0076,SELL033,2,0.05,Net Banking,Delivered
ORD003957,2025-03-24,CUST1073,PROD0152,SELL078,1,0.05,Credit Card,Delivered
ORD003958,2024-01-18,CUST0627,PROD0178,SELL018,1,0.2,Net Banking,Returned
ORD003959,2025-02-07,CUST0484,PROD0008,SELL049,4,0.15,Credit Card,Delivered
ORD003960,2024-07-22,CUST0983,PROD0140,SELL037,2,0.1,COD,Delivered
ORD003961,2025-08-13,CUST0855,PROD0129,SELL044,1,0.05,Credit Card,Delivered
ORD003962,2025-01-04,CUST0463,PROD0075,SELL075,1,0.05,Net Banking,Cancelled
ORD003963,2024-03-31,CUST0710,PROD0151,SELL017,2,0.2,Net Banking,Delivered
ORD003964,2025-10-09,CUST0134,PROD0172,SELL075,3,0.05,Credit Card,Delivered
ORD003965,2024-07-26,CUST0862,PROD0036,SELL054,1,0.1,COD,Returned
ORD003966,2024-07-17,CUST0641,PROD0160,SELL044,1,0.15,Credit Card,Delivered
ORD003967,2025-11-15,CUST0254,PROD0002,SELL006,4,0.0,Credit Card,Returned
ORD003968,2025-07-20,CUST0603,PROD0127,SELL080,1,0.05,UPI,Returned
ORD003969,2025-09-20,CUST0879,PROD0023,SELL034,3,0.0,UPI,Cancelled
ORD003970,2025-04-29,CUST1057,PROD0087,SELL015,1,0.05,Debit Card,Delivered
ORD003971,2025-10-27,CUST0073,PROD0024,SELL068,4,0.0,Net Banking,Cancelled
ORD003972,2024-03-25,CUST0434,PROD0153,SELL040,1,0.1,Net Banking,Delivered
ORD003973,2025-03-14,CUST0635,PROD0015,SELL045,1,0.2,UPI,Delivered
ORD003974,2024-08-02,CUST0066,PROD0030,SELL071,1,0.15,UPI,Shipped
ORD003975,2024-10-18,CUST0215,PROD0065,SELL016,4,0.15,COD,Delivered
ORD003976,2024-06-22,CUST0704,PROD0065,SELL073,1,0.1,COD,Returned
ORD003977,2024-05-29,CUST0748,PROD0077,SELL036,4,0.05,UPI,Delivered
ORD003978,2024-11-19,CUST0427,PROD0010,SELL018,4,0.15,Debit Card,Shipped
ORD003979,2025-11-02,CUST1170,PROD0076,SELL031,4,0.25,Debit Card,Delivered
ORD003980,2025-04-09,CUST0276,PROD0064,SELL027,3,0.05,UPI,Shipped
ORD003981,2024-09-12,CUST0362,PROD0131,SELL026,2,0.15,COD,Returned
ORD003982,2024-11-12,CUST0004,PROD0031,SELL058,4,0.1,COD,Delivered
ORD003983,2025-01-22,CUST0303,PROD0150,SELL025,1,0.2,COD,Shipped
ORD003984,2024-06-27,CUST1129,PROD0034,SELL050,2,0.15,UPI,Returned
ORD003985,2025-01-16,CUST0580,PROD0087,SELL038,2,0.05,Net Banking,Shipped
ORD003986,2025-05-23,CUST0866,PROD0021,SELL046,2,0.15,UPI,Delivered
ORD003987,2024-06-26,CUST1112,PROD0175,SELL034,2,0.05,COD,Delivered
ORD003988,2025-03-03,CUST0187,PROD0070,SELL003,4,0.05,UPI,Cancelled
ORD003989,2025-06-01,CUST0976,PROD0167,SELL015,1,0.0,Debit Card,Delivered
ORD003990,2025-01-14,CUST0009,PROD0131,SELL029,4,0.1,COD,Returned
ORD003991,2024-08-01,CUST0569,PROD0157,SELL056,2,0.1,Credit Card,Cancelled
ORD003992,2025-02-09,CUST0927,PROD0146,SELL025,2,0.15,UPI,Delivered
ORD003993,2025-08-02,CUST1106,PROD0094,SELL031,1,0.2,Credit Card,Cancelled
ORD003994,2024-06-11,CUST0126,PROD0167,SELL050,2,0.2,Net Banking,Shipped
ORD003995,2025-02-24,CUST0867,PROD0027,SELL029,2,0.1,COD,Shipped
ORD003996,2025-05-12,CUST0778,PROD0097,SELL051,2,0.15,Debit Card,Cancelled
ORD003997,2024-08-23,CUST0464,PROD0096,SELL021,3,0.05,UPI,Delivered
ORD003998,2024-10-10,CUST0283,PROD0105,SELL066,2,0.05,Debit Card,Delivered
ORD003999,2025-10-11,CUST0888,PROD0144,SELL041,2,0.25,Net Banking,Returned
ORD004000,2024-09-22,CUST0105,PROD0134,SELL022,2,0.2,COD,Delivered
ORD004001,2025-03-13,CUST0455,PROD0108,SELL011,4,0.15,Net Banking,Delivered
ORD004002,2024-04-19,CUST1056,PROD0052,SELL071,1,0.15,Net Banking,Delivered
ORD004003,2025-11-07,CUST0272,PROD0123,SELL063,1,0.0,Debit Card,Delivered
ORD004004,2025-03-12,CUST0834,PROD0028,SELL007,4,0.05,Debit Card,Delivered
ORD004005,2025-07-09,CUST0033,PROD0107,SELL079,4,0.1,Debit Card,Delivered
ORD004006,2025-03-16,CUST0341,PROD0093,SELL025,1,0.0,Net Banking,Cancelled
ORD004007,2024-09-16,CUST0183,PROD0010,SELL061,4,0.05,Credit Card,Cancelled
ORD004008,2024-09-05,CUST0315,PROD0094,SELL044,1,0.1,COD,Delivered
ORD004009,2025-05-27,CUST0523,PROD0067,SELL016,3,0.05,Credit Card,Shipped
ORD004010,2025-09-20,CUST0790,PROD0163,SELL063,1,0.05,UPI,Delivered
ORD004011,2024-04-03,CUST0009,PROD0035,SELL035,1,0.1,UPI,Shipped
ORD004012,2025-09-10,CUST1043,PROD0015,SELL032,4,0.0,Credit Card,Delivered
ORD004013,2025-08-29,CUST0013,PROD0021,SELL017,1,0.25,Credit Card,Delivered
ORD004014,2024-03-20,CUST0033,PROD0070,SELL054,4,0.2,Credit Card,Cancelled
ORD004015,2024-03-20,CUST0848,PROD0171,SELL062,4,0.15,Credit Card,Returned
ORD004016,2025-05-23,CUST1000,PROD0102,SELL012,3,0.05,UPI,Delivered
ORD004017,2025-09-08,CUST0431,PROD0057,SELL077,1,0.0,Credit Card,Returned
ORD004018,2024-10-14,CUST1133,PROD0077,SELL060,1,0.05,Net Banking,Cancelled
ORD004019,2025-04-13,CUST0483,PROD0115,SELL060,4,0.1,Debit Card,Returned
ORD004020,2025-12-31,CUST0194,PROD0045,SELL024,2,0.15,UPI,Shipped
ORD004021,2024-08-23,CUST0226,PROD0142,SELL046,2,0.15,Credit Card,Delivered
ORD004022,2024-06-13,CUST0863,PROD0128,SELL046,3,0.0,Net Banking,Delivered
ORD004023,2025-12-25,CUST0990,PROD0058,SELL044,2,0.1,COD,Delivered
ORD004024,2024-07-24,CUST1088,PROD0123,SELL077,2,0.1,Net Banking,Returned
ORD004025,2024-12-11,CUST0721,PROD0081,SELL070,1,0.15,Debit Card,Delivered
ORD004026,2024-11-19,CUST0406,PROD0048,SELL065,3,0.15,Credit Card,Cancelled
ORD004027,2025-01-17,CUST1199,PROD0145,SELL002,3,0.15,Debit Card,Delivered
ORD004028,2024-07-15,CUST0164,PROD0085,SELL022,1,0.25,Debit Card,Delivered
ORD004029,2025-05-11,CUST0472,PROD0177,SELL071,1,0.0,UPI,Returned
ORD004030,2025-05-20,CUST0476,PROD0150,SELL019,3,0.0,Debit Card,Delivered
ORD004031,2024-05-26,CUST1146,PROD0017,SELL042,4,0.2,Credit Card,Delivered
ORD004032,2024-12-17,CUST0657,PROD0063,SELL018,3,0.0,Net Banking,Returned
ORD004033,2024-02-11,CUST0811,PROD0007,SELL039,3,0.05,UPI,Delivered
ORD004034,2024-06-10,CUST1048,PROD0073,SELL063,1,0.0,Debit Card,Delivered
ORD004035,2025-12-22,CUST0846,PROD0055,SELL013,1,0.05,Debit Card,Delivered
ORD004036,2025-01-05,CUST1116,PROD0127,SELL048,2,0.15,COD,Cancelled
ORD004037,2025-03-31,CUST0844,PROD0161,SELL071,3,0.2,Debit Card,Cancelled
ORD004038,2025-10-11,CUST0341,PROD0161,SELL016,1,0.15,UPI,Shipped
ORD004039,2025-06-05,CUST0815,PROD0001,SELL022,2,0.0,Debit Card,Cancelled
ORD004040,2025-08-02,CUST0580,PROD0160,SELL052,4,0.05,UPI,Returned
ORD004041,2025-06-04,CUST0157,PROD0050,SELL052,2,0.15,COD,Delivered
ORD004042,2024-12-30,CUST0142,PROD0090,SELL075,4,0.0,COD,Delivered
ORD004043,2025-04-07,CUST1052,PROD0030,SELL034,3,0.05,Net Banking,Delivered
ORD004044,2024-07-29,CUST0602,PROD0149,SELL043,1,0.0,Net Banking,Returned
ORD004045,2025-10-12,CUST0338,PROD0030,SELL029,4,0.0,UPI,Cancelled
ORD004046,2024-05-11,CUST1029,PROD0117,SELL006,4,0.0,UPI,Delivered
ORD004047,2025-10-08,CUST0868,PROD0160,SELL030,3,0.1,UPI,Cancelled
ORD004048,2025-10-04,CUST1135,PROD0137,SELL078,1,0.05,COD,Cancelled
ORD004049,2024-04-14,CUST0167,PROD0072,SELL045,3,0.05,Debit Card,Returned
ORD004050,2025-06-03,CUST0442,PROD0032,SELL053,1,0.2,Credit Card,Delivered
ORD004051,2025-12-24,CUST0387,PROD0123,SELL067,1,0.1,Debit Card,Delivered
ORD004052,2025-02-22,CUST0781,PROD0015,SELL051,4,0.0,Net Banking,Cancelled
ORD004053,2024-09-05,CUST0254,PROD0142,SELL033,2,0.1,UPI,Delivered
ORD004054,2025-10-04,CUST0531,PROD0115,SELL004,1,0.15,Debit Card,Delivered
ORD004055,2025-01-09,CUST0739,PROD0133,SELL017,2,0.05,Net Banking,Cancelled
ORD004056,2024-03-29,CUST0609,PROD0096,SELL016,2,0.0,COD,Cancelled
ORD004057,2024-07-01,CUST0433,PROD0063,SELL038,3,0.2,Net Banking,Delivered
ORD004058,2025-05-13,CUST0513,PROD0180,SELL062,2,0.15,COD,Delivered
ORD004059,2024-11-28,CUST0649,PROD0159,SELL056,3,0.05,COD,Shipped
ORD004060,2024-06-07,CUST0428,PROD0157,SELL068,3,0.05,COD,Shipped
ORD004061,2025-08-07,CUST0180,PROD0041,SELL049,4,0.2,Net Banking,Shipped
ORD004062,2024-03-29,CUST0986,PROD0103,SELL051,1,0.0,Credit Card,Delivered
ORD004063,2024-06-09,CUST0626,PROD0115,SELL030,3,0.05,Net Banking,Delivered
ORD004064,2024-12-06,CUST0372,PROD0175,SELL041,3,0.2,Credit Card,Delivered
ORD004065,2024-01-29,CUST0905,PROD0039,SELL048,3,0.15,Net Banking,Shipped
ORD004066,2024-10-10,CUST0471,PROD0113,SELL027,2,0.15,Credit Card,Delivered
ORD004067,2025-10-27,CUST0730,PROD0075,SELL066,2,0.05,Credit Card,Delivered
ORD004068,2025-11-18,CUST1164,PROD0029,SELL069,2,0.05,UPI,Delivered
ORD004069,2025-09-29,CUST0578,PROD0111,SELL022,2,0.15,UPI,Delivered
ORD004070,2024-08-24,CUST0297,PROD0013,SELL060,1,0.0,Net Banking,Cancelled
ORD004071,2024-02-17,CUST1088,PROD0096,SELL056,4,0.2,UPI,Cancelled
ORD004072,2025-08-18,CUST1078,PROD0015,SELL023,2,0.15,Debit Card,Delivered
ORD004073,2024-09-29,CUST0420,PROD0165,SELL044,2,0.0,Credit Card,Cancelled
ORD004074,2025-07-01,CUST0593,PROD0116,SELL079,4,0.0,Credit Card,Delivered
ORD004075,2024-03-28,CUST0630,PROD0136,SELL047,1,0.05,Credit Card,Delivered
ORD004076,2025-05-03,CUST0594,PROD0013,SELL031,1,0.0,COD,Shipped
ORD004077,2025-03-04,CUST1004,PROD0158,SELL037,4,0.05,Debit Card,Shipped
ORD004078,2025-11-03,CUST1109,PROD0125,SELL002,1,0.0,UPI,Delivered
ORD004079,2024-03-15,CUST0207,PROD0059,SELL021,4,0.15,Credit Card,Shipped
ORD004080,2024-10-25,CUST0401,PROD0097,SELL054,4,0.05,UPI,Returned
ORD004081,2025-12-24,CUST0108,PROD0089,SELL045,4,0.15,Debit Card,Cancelled
ORD004082,2024-10-11,CUST0873,PROD0018,SELL055,1,0.1,Net Banking,Cancelled
ORD004083,2025-04-26,CUST1101,PROD0058,SELL034,3,0.0,Net Banking,Delivered
ORD004084,2024-04-27,CUST0475,PROD0047,SELL069,2,0.0,UPI,Delivered
ORD004085,2025-06-16,CUST0725,PROD0023,SELL008,3,0.05,UPI,Delivered
ORD004086,2024-07-20,CUST0634,PROD0026,SELL075,2,0.05,COD,Delivered
ORD004087,2025-02-22,CUST1032,PROD0087,SELL020,4,0.05,Debit Card,Cancelled
ORD004088,2025-10-05,CUST1039,PROD0124,SELL053,1,0.2,Credit Card,Delivered
ORD004089,2025-04-28,CUST0669,PROD0091,SELL070,3,0.05,Debit Card,Cancelled
ORD004090,2024-12-12,CUST0879,PROD0117,SELL020,1,0.1,Net Banking,Returned
ORD004091,2024-05-18,CUST1046,PROD0033,SELL030,3,0.05,COD,Shipped
ORD004092,2024-09-06,CUST0181,PROD0005,SELL077,4,0.15,Net Banking,Cancelled
ORD004093,2025-09-12,CUST0077,PROD0018,SELL056,4,0.25,Debit Card,Delivered
ORD004094,2024-06-06,CUST1059,PROD0092,SELL052,2,0.05,UPI,Delivered
ORD004095,2025-04-24,CUST0038,PROD0092,SELL038,1,0.15,COD,Delivered
ORD004096,2024-12-20,CUST0065,PROD0035,SELL017,1,0.15,Net Banking,Delivered
ORD004097,2024-08-22,CUST0490,PROD0088,SELL071,4,0.25,Debit Card,Cancelled
ORD004098,2025-06-07,CUST0868,PROD0175,SELL048,3,0.25,COD,Returned
ORD004099,2024-09-21,CUST0940,PROD0004,SELL040,2,0.0,Debit Card,Delivered
ORD004100,2024-07-28,CUST0996,PROD0167,SELL070,4,0.2,Debit Card,Delivered
ORD004101,2025-01-21,CUST0634,PROD0017,SELL024,4,0.05,UPI,Cancelled
ORD004102,2025-07-07,CUST0518,PROD0023,SELL051,3,0.15,Net Banking,Delivered
ORD004103,2025-09-23,CUST0033,PROD0008,SELL042,4,0.1,Net Banking,Delivered
ORD004104,2025-04-05,CUST0418,PROD0004,SELL061,3,0.15,Credit Card,Shipped
ORD004105,2025-04-28,CUST0188,PROD0148,SELL014,1,0.0,Credit Card,Returned
ORD004106,2025-07-29,CUST0768,PROD0080,SELL029,3,0.15,UPI,Shipped
ORD004107,2024-07-15,CUST0164,PROD0015,SELL049,4,0.15,Debit Card,Cancelled
ORD004108,2024-07-02,CUST0895,PROD0051,SELL015,4,0.2,Debit Card,Delivered
ORD004109,2024-12-19,CUST0384,PROD0029,SELL069,1,0.15,Credit Card,Returned
ORD004110,2025-04-06,CUST0177,PROD0016,SELL072,1,0.2,UPI,Delivered
ORD004111,2025-04-17,CUST0945,PROD0147,SELL053,4,0.15,UPI,Delivered
ORD004112,2024-04-22,CUST1016,PROD0131,SELL056,3,0.05,Debit Card,Delivered
ORD004113,2025-07-24,CUST0164,PROD0170,SELL006,3,0.2,Credit Card,Delivered
ORD004114,2024-09-22,CUST1143,PROD0012,SELL027,2,0.2,Debit Card,Returned
ORD004115,2025-10-03,CUST0107,PROD0020,SELL067,4,0.2,COD,Delivered
ORD004116,2025-06-13,CUST0953,PROD0031,SELL054,1,0.0,COD,Returned
ORD004117,2025-12-19,CUST0581,PROD0142,SELL019,1,0.0,Net Banking,Delivered
ORD004118,2025-04-06,CUST0593,PROD0160,SELL059,4,0.05,UPI,Returned
ORD004119,2025-01-20,CUST0937,PROD0095,SELL046,2,0.1,Net Banking,Returned
ORD004120,2024-05-17,CUST0380,PROD0141,SELL009,2,0.15,UPI,Delivered
ORD004121,2024-10-18,CUST0860,PROD0046,SELL054,2,0.0,Credit Card,Shipped
ORD004122,2025-09-19,CUST0553,PROD0139,SELL046,3,0.2,Debit Card,Delivered
ORD004123,2024-10-06,CUST0459,PROD0165,SELL019,4,0.15,UPI,Shipped
ORD004124,2024-02-08,CUST0140,PROD0171,SELL012,1,0.0,Credit Card,Delivered
ORD004125,2024-06-28,CUST0409,PROD0068,SELL014,4,0.1,COD,Delivered
ORD004126,2025-03-11,CUST1165,PROD0043,SELL015,3,0.0,UPI,Delivered
ORD004127,2025-04-04,CUST0811,PROD0032,SELL046,2,0.15,Net Banking,Shipped
ORD004128,2025-12-20,CUST0818,PROD0032,SELL020,4,0.15,Debit Card,Cancelled
ORD004129,2025-11-13,CUST0162,PROD0169,SELL073,2,0.1,Credit Card,Delivered
ORD004130,2025-01-23,CUST0470,PROD0086,SELL036,3,0.1,Credit Card,Delivered
ORD004131,2025-02-09,CUST0474,PROD0171,SELL010,4,0.1,Debit Card,Delivered
ORD004132,2025-08-08,CUST0737,PROD0027,SELL028,2,0.15,Net Banking,Delivered
ORD004133,2024-02-05,CUST0913,PROD0150,SELL037,4,0.1,Net Banking,Delivered
ORD004134,2025-03-11,CUST1052,PROD0046,SELL019,4,0.2,Debit Card,Shipped
ORD004135,2024-12-12,CUST0615,PROD0179,SELL068,3,0.1,Debit Card,Delivered
ORD004136,2025-07-26,CUST0390,PROD0028,SELL070,3,0.1,COD,Cancelled
ORD004137,2025-08-08,CUST0177,PROD0135,SELL035,2,0.15,COD,Returned
ORD004138,2025-04-24,CUST0040,PROD0042,SELL069,2,0.1,COD,Delivered
ORD004139,2025-04-25,CUST0344,PROD0141,SELL024,3,0.15,Net Banking,Delivered
ORD004140,2025-05-20,CUST0142,PROD0043,SELL009,2,0.0,Debit Card,Cancelled
ORD004141,2025-02-28,CUST0020,PROD0140,SELL008,1,0.1,COD,Delivered
ORD004142,2024-06-15,CUST0654,PROD0093,SELL043,3,0.2,COD,Shipped
ORD004143,2024-07-26,CUST0335,PROD0060,SELL029,3,0.0,UPI,Shipped
ORD004144,2025-06-26,CUST0543,PROD0073,SELL028,1,0.0,Debit Card,Returned
ORD004145,2025-03-28,CUST0980,PROD0139,SELL072,1,0.1,Net Banking,Delivered
ORD004146,2024-06-22,CUST0323,PROD0147,SELL072,3,0.0,Net Banking,Returned
ORD004147,2025-10-03,CUST0001,PROD0035,SELL019,2,0.25,Debit Card,Shipped
ORD004148,2025-12-17,CUST0255,PROD0040,SELL007,4,0.2,Credit Card,Cancelled
ORD004149,2025-04-02,CUST0188,PROD0168,SELL038,2,0.2,UPI,Cancelled
ORD004150,2024-06-15,CUST0375,PROD0020,SELL067,1,0.0,Credit Card,Delivered
ORD004151,2025-11-16,CUST0477,PROD0024,SELL022,1,0.0,UPI,Returned
ORD004152,2024-06-22,CUST0030,PROD0092,SELL018,1,0.15,UPI,Delivered
ORD004153,2024-11-12,CUST0366,PROD0027,SELL023,3,0.15,Debit Card,Delivered
ORD004154,2025-09-19,CUST1187,PROD0019,SELL079,2,0.0,UPI,Shipped
ORD004155,2025-01-15,CUST0118,PROD0001,SELL024,4,0.1,Debit Card,Cancelled
ORD004156,2024-06-26,CUST1183,PROD0126,SELL053,4,0.1,Net Banking,Returned
ORD004157,2024-02-28,CUST0521,PROD0001,SELL065,1,0.1,Net Banking,Delivered
ORD004158,2024-09-20,CUST0942,PROD0067,SELL035,2,0.2,Credit Card,Cancelled
ORD004159,2025-05-06,CUST0822,PROD0141,SELL079,2,0.05,COD,Cancelled
ORD004160,2025-06-06,CUST1051,PROD0146,SELL015,4,0.05,UPI,Delivered
ORD004161,2024-06-11,CUST0086,PROD0085,SELL011,4,0.1,Credit Card,Delivered
ORD004162,2024-04-26,CUST0055,PROD0062,SELL046,1,0.2,Credit Card,Returned
ORD004163,2025-05-27,CUST0264,PROD0174,SELL062,1,0.05,UPI,Cancelled
ORD004164,2024-04-26,CUST0060,PROD0051,SELL020,3,0.05,COD,Delivered
ORD004165,2024-02-16,CUST0645,PROD0137,SELL017,2,0.1,Net Banking,Delivered
ORD004166,2024-12-21,CUST0293,PROD0148,SELL057,4,0.05,UPI,Returned
ORD004167,2025-02-21,CUST0088,PROD0081,SELL049,3,0.1,Debit Card,Delivered
ORD004168,2024-06-27,CUST0160,PROD0164,SELL023,3,0.0,COD,Delivered
ORD004169,2024-06-03,CUST0732,PROD0175,SELL021,1,0.1,Credit Card,Delivered
ORD004170,2024-06-21,CUST0874,PROD0042,SELL026,3,0.0,UPI,Cancelled
ORD004171,2024-09-07,CUST0452,PROD0129,SELL054,1,0.05,COD,Delivered
ORD004172,2024-01-07,CUST0477,PROD0010,SELL010,3,0.0,COD,Delivered
ORD004173,2024-01-09,CUST0318,PROD0158,SELL032,1,0.15,COD,Delivered
ORD004174,2024-09-27,CUST0182,PROD0034,SELL020,4,0.1,UPI,Delivered
ORD004175,2024-01-15,CUST0902,PROD0100,SELL045,3,0.2,Net Banking,Returned
ORD004176,2024-08-20,CUST0834,PROD0121,SELL006,1,0.1,UPI,Cancelled
ORD004177,2025-02-28,CUST0660,PROD0136,SELL048,4,0.0,Net Banking,Returned
ORD004178,2024-01-23,CUST0648,PROD0016,SELL038,1,0.2,Credit Card,Delivered
ORD004179,2025-03-27,CUST0538,PROD0140,SELL072,2,0.0,UPI,Shipped
ORD004180,2025-03-30,CUST0794,PROD0147,SELL045,4,0.15,Net Banking,Returned
ORD004181,2025-02-23,CUST1014,PROD0042,SELL048,1,0.15,Debit Card,Shipped
ORD004182,2025-04-03,CUST0420,PROD0063,SELL023,2,0.15,Net Banking,Returned
ORD004183,2025-08-14,CUST1186,PROD0100,SELL017,2,0.15,Credit Card,Returned
ORD004184,2024-02-21,CUST1040,PROD0014,SELL031,3,0.2,Net Banking,Delivered
ORD004185,2024-05-03,CUST0397,PROD0129,SELL030,4,0.15,COD,Cancelled
ORD004186,2024-08-19,CUST0004,PROD0024,SELL033,3,0.05,COD,Delivered
ORD004187,2025-05-18,CUST0663,PROD0079,SELL022,1,0.1,Debit Card,Delivered
ORD004188,2025-09-30,CUST0033,PROD0030,SELL050,3,0.0,Net Banking,Returned
ORD004189,2025-11-02,CUST0469,PROD0109,SELL039,4,0.15,Net Banking,Delivered
ORD004190,2025-03-01,CUST0621,PROD0026,SELL033,2,0.0,Credit Card,Shipped
ORD004191,2024-10-26,CUST0627,PROD0109,SELL043,3,0.0,Credit Card,Delivered
ORD004192,2024-10-28,CUST0545,PROD0034,SELL049,3,0.15,COD,Shipped
ORD004193,2024-02-13,CUST0605,PROD0022,SELL050,2,0.15,Debit Card,Cancelled
ORD004194,2024-12-05,CUST0352,PROD0027,SELL045,2,0.15,Debit Card,Delivered
ORD004195,2025-01-09,CUST0014,PROD0177,SELL045,2,0.05,Debit Card,Delivered
ORD004196,2024-06-01,CUST0173,PROD0161,SELL050,4,0.15,Net Banking,Shipped
ORD004197,2025-07-15,CUST1189,PROD0035,SELL029,2,0.15,Debit Card,Delivered
ORD004198,2025-08-16,CUST1014,PROD0010,SELL027,3,0.0,Net Banking,Delivered
ORD004199,2024-08-08,CUST0069,PROD0025,SELL042,4,0.05,Credit Card,Cancelled
ORD004200,2025-10-30,CUST1141,PROD0027,SELL029,3,0.1,COD,Shipped
ORD004201,2024-03-19,CUST0351,PROD0147,SELL026,1,0.1,Credit Card,Cancelled
ORD004202,2025-10-27,CUST0270,PROD0065,SELL073,2,0.2,Net Banking,Cancelled
ORD004203,2025-07-15,CUST0517,PROD0070,SELL059,4,0.1,COD,Cancelled
ORD004204,2024-06-12,CUST0466,PROD0083,SELL008,4,0.05,COD,Delivered
ORD004205,2025-04-20,CUST1153,PROD0090,SELL027,3,0.15,Debit Card,Cancelled
ORD004206,2024-08-15,CUST0820,PROD0138,SELL045,1,0.15,COD,Delivered
ORD004207,2025-08-07,CUST0159,PROD0107,SELL058,4,0.0,UPI,Delivered
ORD004208,2024-04-27,CUST0372,PROD0083,SELL062,4,0.25,UPI,Delivered
ORD004209,2024-06-28,CUST0475,PROD0164,SELL071,3,0.15,COD,Cancelled
ORD004210,2024-08-12,CUST0396,PROD0051,SELL025,3,0.0,Debit Card,Cancelled
ORD004211,2024-05-25,CUST0331,PROD0080,SELL035,4,0.15,Debit Card,Delivered
ORD004212,2024-08-31,CUST0921,PROD0122,SELL012,1,0.05,Credit Card,Cancelled
ORD004213,2025-03-16,CUST0933,PROD0166,SELL012,4,0.1,Debit Card,Delivered
ORD004214,2025-04-07,CUST0265,PROD0035,SELL038,1,0.05,Net Banking,Delivered
ORD004215,2025-02-08,CUST0653,PROD0047,SELL066,2,0.15,UPI,Returned
ORD004216,2024-05-18,CUST0142,PROD0148,SELL060,1,0.0,Credit Card,Returned
ORD004217,2024-05-27,CUST0337,PROD0109,SELL010,4,0.2,Net Banking,Delivered
ORD004218,2025-11-03,CUST0236,PROD0098,SELL016,3,0.0,COD,Delivered
ORD004219,2024-07-02,CUST0739,PROD0166,SELL030,2,0.15,Net Banking,Delivered
ORD004220,2024-03-16,CUST0072,PROD0112,SELL051,4,0.0,Net Banking,Shipped
ORD004221,2024-11-27,CUST0766,PROD0030,SELL061,1,0.1,COD,Delivered
ORD004222,2024-01-06,CUST0959,PROD0092,SELL066,1,0.15,COD,Delivered
ORD004223,2024-09-07,CUST1187,PROD0003,SELL038,2,0.15,Net Banking,Shipped
ORD004224,2025-09-16,CUST0260,PROD0172,SELL017,1,0.1,Debit Card,Cancelled
ORD004225,2024-07-14,CUST0981,PROD0132,SELL042,2,0.2,Net Banking,Returned
ORD004226,2025-05-29,CUST0936,PROD0098,SELL034,1,0.0,Net Banking,Cancelled
ORD004227,2024-12-24,CUST0881,PROD0005,SELL070,3,0.2,UPI,Returned
ORD004228,2024-09-16,CUST0909,PROD0140,SELL019,3,0.2,Debit Card,Shipped
ORD004229,2025-04-28,CUST0582,PROD0022,SELL019,1,0.2,Debit Card,Cancelled
ORD004230,2025-03-11,CUST0428,PROD0091,SELL039,4,0.05,COD,Shipped
ORD004231,2024-08-20,CUST1170,PROD0163,SELL006,3,0.2,Net Banking,Delivered
ORD004232,2024-06-12,CUST0644,PROD0139,SELL017,2,0.2,Credit Card,Shipped
ORD004233,2025-11-01,CUST0678,PROD0042,SELL067,3,0.0,UPI,Cancelled
ORD004234,2024-05-03,CUST0740,PROD0111,SELL025,4,0.1,UPI,Delivered
ORD004235,2025-12-02,CUST0488,PROD0006,SELL036,4,0.0,Credit Card,Delivered
ORD004236,2024-12-10,CUST0843,PROD0068,SELL026,2,0.1,Net Banking,Delivered
ORD004237,2025-12-29,CUST0256,PROD0062,SELL052,1,0.0,Debit Card,Delivered
ORD004238,2024-09-15,CUST1081,PROD0067,SELL029,3,0.25,Debit Card,Cancelled
ORD004239,2025-02-17,CUST0347,PROD0059,SELL035,2,0.15,Debit Card,Returned
ORD004240,2025-03-25,CUST0629,PROD0100,SELL079,3,0.1,COD,Delivered
ORD004241,2024-09-04,CUST0761,PROD0130,SELL056,3,0.15,COD,Returned
ORD004242,2024-06-08,CUST1030,PROD0091,SELL014,2,0.05,Net Banking,Delivered
ORD004243,2025-01-15,CUST1164,PROD0179,SELL029,4,0.0,COD,Delivered
ORD004244,2025-04-29,CUST0912,PROD0166,SELL061,4,0.1,UPI,Delivered
ORD004245,2024-07-10,CUST0603,PROD0176,SELL077,1,0.05,Debit Card,Delivered
ORD004246,2025-07-14,CUST0162,PROD0090,SELL080,3,0.15,Credit Card,Delivered
ORD004247,2025-04-12,CUST0447,PROD0077,SELL039,4,0.1,Net Banking,Shipped
ORD004248,2024-05-01,CUST0495,PROD0162,SELL046,3,0.25,UPI,Delivered
ORD004249,2025-11-17,CUST0316,PROD0048,SELL025,4,0.1,COD,Delivered
ORD004250,2024-02-02,CUST1197,PROD0036,SELL051,1,0.15,Debit Card,Delivered
ORD004251,2025-04-22,CUST0945,PROD0145,SELL052,2,0.0,Net Banking,Shipped
ORD004252,2024-11-17,CUST0964,PROD0037,SELL004,1,0.05,Credit Card,Delivered
ORD004253,2025-04-22,CUST0137,PROD0083,SELL012,4,0.2,COD,Delivered
ORD004254,2025-07-19,CUST1109,PROD0029,SELL013,4,0.15,Net Banking,Delivered
ORD004255,2025-05-17,CUST0390,PROD0013,SELL058,4,0.0,Credit Card,Cancelled
ORD004256,2025-04-20,CUST0663,PROD0140,SELL072,1,0.15,Credit Card,Delivered
ORD004257,2025-09-06,CUST0547,PROD0126,SELL032,3,0.0,COD,Shipped
ORD004258,2025-05-28,CUST0217,PROD0018,SELL007,4,0.15,Credit Card,Delivered
ORD004259,2025-08-17,CUST0792,PROD0077,SELL080,3,0.05,UPI,Delivered
ORD004260,2024-10-21,CUST0666,PROD0055,SELL005,2,0.2,COD,Shipped
ORD004261,2024-05-28,CUST0688,PROD0019,SELL076,2,0.15,Net Banking,Shipped
ORD004262,2024-06-20,CUST0494,PROD0020,SELL004,1,0.15,UPI,Shipped
ORD004263,2025-03-23,CUST0126,PROD0006,SELL075,3,0.0,UPI,Delivered
ORD004264,2025-01-23,CUST0527,PROD0006,SELL041,2,0.2,COD,Delivered
ORD004265,2024-02-26,CUST0482,PROD0091,SELL035,3,0.15,COD,Delivered
ORD004266,2024-05-29,CUST0758,PROD0040,SELL056,3,0.05,UPI,Returned
ORD004267,2025-12-08,CUST0820,PROD0057,SELL056,2,0.05,Credit Card,Shipped
ORD004268,2025-06-14,CUST0193,PROD0022,SELL006,1,0.1,Net Banking,Returned
ORD004269,2025-07-05,CUST0927,PROD0101,SELL053,2,0.05,Net Banking,Delivered
ORD004270,2024-05-23,CUST0785,PROD0164,SELL048,3,0.0,UPI,Delivered
ORD004271,2024-02-16,CUST0354,PROD0096,SELL027,4,0.2,UPI,Delivered
ORD004272,2024-07-31,CUST0858,PROD0026,SELL073,4,0.2,Credit Card,Delivered
ORD004273,2025-09-18,CUST0311,PROD0001,SELL026,4,0.05,COD,Delivered
ORD004274,2025-01-05,CUST0247,PROD0098,SELL024,3,0.0,Credit Card,Delivered
ORD004275,2025-07-27,CUST1133,PROD0166,SELL070,3,0.25,Net Banking,Cancelled
ORD004276,2024-12-21,CUST0951,PROD0166,SELL034,3,0.2,Credit Card,Delivered
ORD004277,2024-12-24,CUST0249,PROD0108,SELL033,4,0.1,Net Banking,Cancelled
ORD004278,2025-03-15,CUST0472,PROD0052,SELL007,2,0.15,Debit Card,Delivered
ORD004279,2025-12-01,CUST0528,PROD0174,SELL024,4,0.1,UPI,Delivered
ORD004280,2024-11-15,CUST0832,PROD0022,SELL015,1,0.1,UPI,Cancelled
ORD004281,2025-03-11,CUST0291,PROD0039,SELL052,4,0.0,Debit Card,Returned
ORD004282,2025-11-03,CUST0765,PROD0008,SELL036,1,0.2,COD,Cancelled
ORD004283,2024-09-29,CUST0619,PROD0078,SELL073,4,0.15,COD,Returned
ORD004284,2025-09-05,CUST1008,PROD0025,SELL045,4,0.1,Debit Card,Cancelled
ORD004285,2025-01-26,CUST0438,PROD0177,SELL031,2,0.1,UPI,Delivered
ORD004286,2025-10-04,CUST0828,PROD0147,SELL020,1,0.0,Credit Card,Delivered
ORD004287,2024-12-07,CUST0092,PROD0179,SELL043,3,0.1,UPI,Cancelled
ORD004288,2025-04-05,CUST0296,PROD0172,SELL030,1,0.1,COD,Delivered
ORD004289,2024-08-24,CUST0856,PROD0139,SELL025,3,0.1,UPI,Delivered
ORD004290,2025-04-09,CUST0385,PROD0172,SELL065,2,0.05,Net Banking,Cancelled
ORD004291,2024-08-26,CUST0198,PROD0136,SELL042,2,0.2,Net Banking,Shipped
ORD004292,2025-03-21,CUST0562,PROD0152,SELL043,3,0.0,Net Banking,Returned
ORD004293,2025-07-30,CUST0714,PROD0180,SELL037,2,0.05,Credit Card,Returned
ORD004294,2024-11-13,CUST0883,PROD0051,SELL027,1,0.1,UPI,Delivered
ORD004295,2024-11-09,CUST0927,PROD0086,SELL065,1,0.2,Credit Card,Delivered
ORD004296,2024-08-23,CUST0549,PROD0123,SELL068,2,0.1,COD,Returned
ORD004297,2025-06-17,CUST0432,PROD0050,SELL019,1,0.05,Net Banking,Delivered
ORD004298,2025-03-08,CUST0295,PROD0142,SELL025,4,0.2,Debit Card,Cancelled
ORD004299,2025-01-12,CUST0037,PROD0097,SELL066,3,0.2,COD,Delivered
ORD004300,2024-01-19,CUST0340,PROD0116,SELL001,2,0.1,UPI,Returned
ORD004301,2024-03-21,CUST0286,PROD0047,SELL006,3,0.1,COD,Shipped
ORD004302,2024-01-06,CUST1118,PROD0036,SELL029,2,0.0,UPI,Delivered
ORD004303,2025-09-13,CUST0356,PROD0161,SELL046,3,0.0,Net Banking,Delivered
ORD004304,2025-09-14,CUST1053,PROD0099,SELL045,2,0.15,Credit Card,Delivered
ORD004305,2024-02-19,CUST1015,PROD0169,SELL031,2,0.15,UPI,Returned
ORD004306,2024-02-03,CUST0012,PROD0098,SELL080,4,0.05,Credit Card,Returned
ORD004307,2025-07-25,CUST0279,PROD0117,SELL038,4,0.1,UPI,Delivered
ORD004308,2025-01-18,CUST0730,PROD0072,SELL005,1,0.05,Debit Card,Delivered
ORD004309,2024-08-13,CUST1152,PROD0135,SELL013,4,0.0,COD,Shipped
ORD004310,2025-03-25,CUST0956,PROD0077,SELL042,2,0.15,Credit Card,Delivered
ORD004311,2024-06-21,CUST1062,PROD0135,SELL067,2,0.2,Credit Card,Cancelled
ORD004312,2024-05-24,CUST0872,PROD0163,SELL039,1,0.1,COD,Delivered
ORD004313,2024-09-25,CUST0016,PROD0123,SELL080,2,0.0,Net Banking,Delivered
ORD004314,2025-10-16,CUST0971,PROD0114,SELL055,3,0.1,COD,Delivered
ORD004315,2025-07-14,CUST0390,PROD0012,SELL059,1,0.1,Net Banking,Delivered
ORD004316,2024-05-18,CUST0225,PROD0139,SELL003,1,0.0,Credit Card,Delivered
ORD004317,2025-02-14,CUST0023,PROD0095,SELL048,2,0.0,UPI,Returned
ORD004318,2025-10-08,CUST0856,PROD0037,SELL051,4,0.05,COD,Cancelled
ORD004319,2025-11-26,CUST0356,PROD0069,SELL065,4,0.1,Credit Card,Delivered
ORD004320,2025-07-11,CUST0656,PROD0013,SELL023,4,0.0,UPI,Shipped
ORD004321,2024-04-04,CUST0459,PROD0094,SELL022,2,0.0,Net Banking,Cancelled
ORD004322,2024-06-24,CUST0814,PROD0053,SELL074,4,0.2,Credit Card,Returned
ORD004323,2024-06-08,CUST1024,PROD0023,SELL023,3,0.1,Debit Card,Returned
ORD004324,2024-04-20,CUST1144,PROD0135,SELL022,4,0.15,COD,Delivered
ORD004325,2024-05-08,CUST0998,PROD0036,SELL030,2,0.15,Debit Card,Shipped
ORD004326,2024-08-19,CUST0619,PROD0019,SELL009,1,0.15,COD,Shipped
ORD004327,2025-02-10,CUST0319,PROD0170,SELL025,1,0.15,UPI,Delivered
ORD004328,2024-10-17,CUST0415,PROD0102,SELL032,4,0.1,Net Banking,Returned
ORD004329,2024-11-03,CUST0592,PROD0133,SELL025,1,0.15,COD,Returned
ORD004330,2024-06-28,CUST1160,PROD0169,SELL050,2,0.15,Credit Card,Cancelled
ORD004331,2024-04-20,CUST1011,PROD0096,SELL033,1,0.15,UPI,Shipped
ORD004332,2025-12-31,CUST0967,PROD0170,SELL057,1,0.1,Debit Card,Delivered
ORD004333,2025-03-13,CUST0574,PROD0136,SELL056,4,0.15,UPI,Delivered
ORD004334,2024-06-16,CUST0929,PROD0170,SELL068,2,0.1,COD,Cancelled
ORD004335,2025-08-15,CUST0508,PROD0085,SELL021,4,0.2,Net Banking,Delivered
ORD004336,2025-08-30,CUST0841,PROD0120,SELL024,1,0.1,UPI,Delivered
ORD004337,2025-12-07,CUST0838,PROD0003,SELL054,1,0.25,UPI,Shipped
ORD004338,2024-04-26,CUST0064,PROD0077,SELL001,4,0.05,UPI,Delivered
ORD004339,2025-04-12,CUST0658,PROD0147,SELL024,4,0.05,Credit Card,Returned
ORD004340,2025-12-17,CUST0285,PROD0127,SELL053,3,0.05,Credit Card,Delivered
ORD004341,2025-08-12,CUST0574,PROD0079,SELL014,4,0.15,Debit Card,Delivered
ORD004342,2024-06-13,CUST0584,PROD0043,SELL022,2,0.05,Credit Card,Returned
ORD004343,2025-10-14,CUST0231,PROD0177,SELL076,1,0.1,UPI,Returned
ORD004344,2024-11-04,CUST0277,PROD0046,SELL074,3,0.15,COD,Delivered
ORD004345,2024-12-23,CUST0950,PROD0089,SELL068,1,0.25,Credit Card,Delivered
ORD004346,2025-02-12,CUST0572,PROD0068,SELL053,3,0.1,Credit Card,Delivered
ORD004347,2025-07-17,CUST0446,PROD0023,SELL058,4,0.2,Credit Card,Returned
ORD004348,2024-03-28,CUST1004,PROD0123,SELL018,1,0.1,Credit Card,Returned
ORD004349,2025-01-29,CUST0390,PROD0177,SELL037,4,0.2,Net Banking,Delivered
ORD004350,2025-08-20,CUST0763,PROD0059,SELL057,2,0.15,UPI,Shipped
ORD004351,2025-02-04,CUST1024,PROD0090,SELL045,1,0.15,Debit Card,Delivered
ORD004352,2024-07-19,CUST0107,PROD0161,SELL037,1,0.1,COD,Shipped
ORD004353,2024-02-11,CUST1041,PROD0027,SELL050,1,0.1,COD,Delivered
ORD004354,2025-02-05,CUST0153,PROD0136,SELL028,2,0.2,Debit Card,Returned
ORD004355,2025-05-29,CUST1098,PROD0017,SELL013,2,0.05,UPI,Delivered
ORD004356,2025-02-05,CUST0595,PROD0065,SELL038,1,0.0,Debit Card,Delivered
ORD004357,2025-12-16,CUST0198,PROD0002,SELL044,3,0.1,Debit Card,Shipped
ORD004358,2025-03-16,CUST0460,PROD0100,SELL009,3,0.1,UPI,Delivered
ORD004359,2025-01-06,CUST0372,PROD0108,SELL001,1,0.1,Debit Card,Delivered
ORD004360,2024-02-10,CUST0942,PROD0096,SELL024,1,0.0,UPI,Returned
ORD004361,2025-02-12,CUST1181,PROD0165,SELL043,2,0.1,UPI,Delivered
ORD004362,2024-05-03,CUST0948,PROD0036,SELL005,2,0.0,Credit Card,Shipped
ORD004363,2025-06-13,CUST0856,PROD0077,SELL063,2,0.25,Net Banking,Delivered
ORD004364,2024-04-27,CUST0618,PROD0079,SELL062,4,0.15,COD,Cancelled
ORD004365,2025-10-24,CUST0926,PROD0077,SELL012,3,0.1,Credit Card,Delivered
ORD004366,2024-08-08,CUST0965,PROD0093,SELL066,4,0.05,Debit Card,Shipped
ORD004367,2024-11-13,CUST0755,PROD0068,SELL038,4,0.1,UPI,Cancelled
ORD004368,2024-04-15,CUST0244,PROD0139,SELL002,1,0.0,COD,Delivered
ORD004369,2024-06-03,CUST0124,PROD0173,SELL055,4,0.1,COD,Delivered
ORD004370,2025-11-04,CUST0910,PROD0109,SELL012,2,0.15,Net Banking,Delivered
ORD004371,2024-07-26,CUST0433,PROD0145,SELL043,2,0.05,Credit Card,Delivered
ORD004372,2025-01-09,CUST0697,PROD0039,SELL077,2,0.1,Credit Card,Delivered
ORD004373,2025-12-18,CUST0030,PROD0090,SELL039,1,0.1,UPI,Delivered
ORD004374,2025-03-31,CUST0846,PROD0103,SELL034,4,0.15,COD,Delivered
ORD004375,2024-01-31,CUST0540,PROD0052,SELL007,3,0.15,Net Banking,Cancelled
ORD004376,2024-09-18,CUST0592,PROD0015,SELL043,1,0.1,Net Banking,Returned
ORD004377,2024-10-09,CUST0760,PROD0154,SELL058,4,0.15,Net Banking,Shipped
ORD004378,2024-07-20,CUST0602,PROD0032,SELL029,4,0.2,Net Banking,Delivered
ORD004379,2024-06-25,CUST1127,PROD0015,SELL019,3,0.15,Credit Card,Delivered
ORD004380,2025-01-02,CUST0932,PROD0096,SELL026,4,0.15,Credit Card,Shipped
ORD004381,2024-10-02,CUST0956,PROD0078,SELL063,4,0.15,Credit Card,Delivered
ORD004382,2024-08-03,CUST1024,PROD0045,SELL010,4,0.1,Credit Card,Returned
ORD004383,2024-10-28,CUST0823,PROD0125,SELL021,3,0.05,COD,Delivered
ORD004384,2024-09-08,CUST1065,PROD0165,SELL028,4,0.1,Net Banking,Returned
ORD004385,2024-06-16,CUST0565,PROD0157,SELL018,1,0.15,UPI,Returned
ORD004386,2024-11-26,CUST0137,PROD0174,SELL047,4,0.1,COD,Shipped
ORD004387,2025-11-19,CUST0577,PROD0019,SELL064,3,0.15,COD,Delivered
ORD004388,2025-01-04,CUST0465,PROD0159,SELL078,3,0.15,Net Banking,Delivered
ORD004389,2025-03-12,CUST0471,PROD0049,SELL058,4,0.25,COD,Delivered
ORD004390,2025-12-20,CUST0033,PROD0024,SELL045,3,0.2,UPI,Cancelled
ORD004391,2025-03-24,CUST0237,PROD0152,SELL054,3,0.15,UPI,Shipped
ORD004392,2024-06-12,CUST0437,PROD0066,SELL031,1,0.25,Debit Card,Shipped
ORD004393,2024-10-18,CUST0571,PROD0100,SELL055,4,0.1,Net Banking,Shipped
ORD004394,2024-12-22,CUST0287,PROD0042,SELL017,1,0.1,COD,Delivered
ORD004395,2024-12-13,CUST1003,PROD0096,SELL054,3,0.05,Debit Card,Returned
ORD004396,2024-04-19,CUST0633,PROD0157,SELL022,3,0.05,Net Banking,Shipped
ORD004397,2024-03-18,CUST0791,PROD0148,SELL033,4,0.15,Credit Card,Delivered
ORD004398,2024-09-12,CUST0012,PROD0084,SELL079,3,0.0,Net Banking,Returned
ORD004399,2025-10-30,CUST0300,PROD0147,SELL015,2,0.1,Credit Card,Delivered
ORD004400,2025-06-08,CUST0787,PROD0179,SELL034,4,0.15,Net Banking,Shipped
ORD004401,2025-09-07,CUST0564,PROD0094,SELL032,3,0.2,COD,Cancelled
ORD004402,2024-05-07,CUST0296,PROD0068,SELL015,1,0.15,Debit Card,Delivered
ORD004403,2024-10-29,CUST0333,PROD0030,SELL021,1,0.0,Credit Card,Delivered
ORD004404,2025-02-28,CUST0233,PROD0104,SELL038,4,0.25,Debit Card,Delivered
ORD004405,2024-11-13,CUST1022,PROD0021,SELL039,4,0.15,Credit Card,Delivered
ORD004406,2024-10-31,CUST0973,PROD0133,SELL031,3,0.1,UPI,Delivered
ORD004407,2024-09-20,CUST0772,PROD0165,SELL015,4,0.15,Credit Card,Shipped
ORD004408,2024-02-07,CUST0741,PROD0064,SELL072,4,0.15,Credit Card,Delivered
ORD004409,2025-09-18,CUST0435,PROD0065,SELL069,2,0.2,UPI,Delivered
ORD004410,2025-11-13,CUST1036,PROD0126,SELL033,1,0.25,Credit Card,Cancelled
ORD004411,2024-02-29,CUST0881,PROD0080,SELL028,3,0.15,Debit Card,Shipped
ORD004412,2024-10-29,CUST0047,PROD0152,SELL029,2,0.05,Debit Card,Shipped
ORD004413,2025-01-13,CUST0820,PROD0023,SELL028,2,0.15,COD,Returned
ORD004414,2025-07-27,CUST0412,PROD0120,SELL049,2,0.15,UPI,Delivered
ORD004415,2025-12-22,CUST1088,PROD0018,SELL077,3,0.1,COD,Delivered
ORD004416,2024-10-31,CUST0943,PROD0069,SELL080,4,0.1,COD,Cancelled
ORD004417,2025-07-01,CUST0457,PROD0079,SELL006,2,0.05,Debit Card,Cancelled
ORD004418,2025-11-16,CUST0411,PROD0009,SELL003,4,0.1,Debit Card,Shipped
ORD004419,2025-08-29,CUST1138,PROD0157,SELL047,2,0.0,Credit Card,Delivered
ORD004420,2024-07-31,CUST0597,PROD0037,SELL069,4,0.2,Debit Card,Delivered
ORD004421,2025-08-20,CUST1166,PROD0067,SELL015,2,0.05,COD,Cancelled
ORD004422,2024-10-28,CUST0806,PROD0052,SELL064,1,0.0,Net Banking,Delivered
ORD004423,2024-01-13,CUST0378,PROD0010,SELL010,1,0.05,UPI,Delivered
ORD004424,2025-07-08,CUST0043,PROD0130,SELL038,2,0.05,Net Banking,Delivered
ORD004425,2025-09-02,CUST0523,PROD0026,SELL045,3,0.15,Debit Card,Returned
ORD004426,2024-09-08,CUST1103,PROD0111,SELL002,2,0.0,UPI,Returned
ORD004427,2024-11-25,CUST0225,PROD0142,SELL054,4,0.1,UPI,Shipped
ORD004428,2024-09-23,CUST0160,PROD0043,SELL058,4,0.1,UPI,Delivered
ORD004429,2024-03-26,CUST1077,PROD0113,SELL080,3,0.1,Credit Card,Delivered
ORD004430,2025-12-28,CUST0808,PROD0018,SELL027,2,0.25,Debit Card,Delivered
ORD004431,2024-01-17,CUST0770,PROD0094,SELL038,3,0.25,UPI,Delivered
ORD004432,2025-02-10,CUST0028,PROD0172,SELL038,4,0.05,Debit Card,Delivered
ORD004433,2024-01-11,CUST0605,PROD0104,SELL042,2,0.05,Debit Card,Shipped
ORD004434,2025-05-18,CUST0206,PROD0002,SELL045,1,0.1,UPI,Shipped
ORD004435,2025-10-20,CUST0770,PROD0005,SELL065,4,0.15,Debit Card,Delivered
ORD004436,2025-04-15,CUST0474,PROD0129,SELL080,4,0.2,Net Banking,Cancelled
ORD004437,2025-03-19,CUST0277,PROD0013,SELL054,1,0.0,COD,Delivered
ORD004438,2025-08-28,CUST0099,PROD0098,SELL065,4,0.05,COD,Delivered
ORD004439,2025-12-13,CUST1066,PROD0109,SELL071,4,0.05,COD,Delivered
ORD004440,2025-09-21,CUST0961,PROD0012,SELL047,4,0.15,Credit Card,Delivered
ORD004441,2024-06-18,CUST0810,PROD0086,SELL046,4,0.0,Credit Card,Shipped
ORD004442,2025-02-15,CUST1029,PROD0149,SELL010,3,0.0,Debit Card,Delivered
ORD004443,2025-08-21,CUST0801,PROD0017,SELL031,2,0.05,COD,Delivered
ORD004444,2024-08-03,CUST1192,PROD0094,SELL037,1,0.15,Credit Card,Cancelled
ORD004445,2025-05-08,CUST1057,PROD0121,SELL007,4,0.25,Net Banking,Delivered
ORD004446,2024-01-17,CUST0497,PROD0015,SELL071,2,0.05,Debit Card,Cancelled
ORD004447,2025-10-03,CUST0411,PROD0159,SELL063,2,0.0,Debit Card,Delivered
ORD004448,2025-03-25,CUST0134,PROD0019,SELL015,2,0.1,Credit Card,Returned
ORD004449,2025-06-27,CUST1072,PROD0120,SELL072,3,0.15,COD,Returned
ORD004450,2025-08-26,CUST0159,PROD0030,SELL023,3,0.0,Net Banking,Delivered
ORD004451,2024-06-08,CUST1132,PROD0016,SELL002,2,0.15,Credit Card,Delivered
ORD004452,2024-11-25,CUST0359,PROD0099,SELL061,2,0.15,Net Banking,Returned
ORD004453,2025-09-19,CUST0361,PROD0092,SELL059,3,0.05,COD,Shipped
ORD004454,2024-04-30,CUST0759,PROD0015,SELL007,4,0.15,Net Banking,Delivered
ORD004455,2025-08-24,CUST0129,PROD0016,SELL025,3,0.05,Net Banking,Shipped
ORD004456,2024-07-29,CUST0075,PROD0042,SELL057,1,0.15,COD,Delivered
ORD004457,2025-02-24,CUST0819,PROD0167,SELL050,4,0.1,Credit Card,Cancelled
ORD004458,2025-01-07,CUST1171,PROD0066,SELL048,3,0.05,Net Banking,Delivered
ORD004459,2025-05-16,CUST0620,PROD0094,SELL010,4,0.1,COD,Delivered
ORD004460,2025-09-03,CUST0978,PROD0030,SELL008,1,0.2,Net Banking,Returned
ORD004461,2024-09-12,CUST1165,PROD0037,SELL010,1,0.1,UPI,Delivered
ORD004462,2024-05-05,CUST0449,PROD0058,SELL049,2,0.1,Credit Card,Cancelled
ORD004463,2024-11-05,CUST1159,PROD0020,SELL042,2,0.1,Debit Card,Delivered
ORD004464,2025-03-23,CUST0332,PROD0017,SELL054,3,0.15,Debit Card,Delivered
ORD004465,2025-07-02,CUST0811,PROD0136,SELL060,4,0.25,UPI,Cancelled
ORD004466,2025-07-04,CUST0597,PROD0032,SELL035,4,0.0,Credit Card,Delivered
ORD004467,2024-09-05,CUST0792,PROD0177,SELL015,1,0.1,Debit Card,Delivered
ORD004468,2025-11-15,CUST0081,PROD0013,SELL011,1,0.15,Net Banking,Shipped
ORD004469,2024-03-01,CUST0709,PROD0124,SELL025,2,0.0,Net Banking,Returned
ORD004470,2024-03-26,CUST0291,PROD0011,SELL025,4,0.15,UPI,Cancelled
ORD004471,2024-01-19,CUST0763,PROD0121,SELL070,4,0.2,Debit Card,Delivered
ORD004472,2025-11-08,CUST0207,PROD0104,SELL044,3,0.15,Credit Card,Returned
ORD004473,2024-05-11,CUST0319,PROD0072,SELL053,4,0.1,COD,Shipped
ORD004474,2025-03-15,CUST0307,PROD0146,SELL021,2,0.1,COD,Delivered
ORD004475,2025-08-17,CUST0621,PROD0137,SELL016,1,0.05,UPI,Delivered
ORD004476,2025-07-14,CUST0429,PROD0145,SELL057,2,0.1,Debit Card,Shipped
ORD004477,2025-11-24,CUST0581,PROD0087,SELL050,3,0.0,Credit Card,Delivered
ORD004478,2024-02-09,CUST0108,PROD0097,SELL016,2,0.15,Debit Card,Delivered
ORD004479,2024-10-24,CUST0661,PROD0055,SELL076,2,0.05,Net Banking,Cancelled
ORD004480,2025-01-04,CUST0238,PROD0101,SELL076,1,0.0,Net Banking,Delivered
ORD004481,2025-05-23,CUST1088,PROD0016,SELL044,2,0.0,Debit Card,Returned
ORD004482,2025-03-31,CUST0361,PROD0066,SELL001,1,0.1,Credit Card,Cancelled
ORD004483,2025-02-13,CUST0435,PROD0127,SELL064,3,0.15,Credit Card,Delivered
ORD004484,2024-08-12,CUST0017,PROD0119,SELL004,1,0.2,UPI,Delivered
ORD004485,2024-03-18,CUST0478,PROD0081,SELL080,1,0.05,Credit Card,Delivered
ORD004486,2024-11-11,CUST0283,PROD0176,SELL028,3,0.1,Debit Card,Delivered
ORD004487,2024-07-08,CUST0723,PROD0163,SELL070,2,0.15,Net Banking,Shipped
ORD004488,2025-02-09,CUST0145,PROD0063,SELL060,3,0.15,Debit Card,Delivered
ORD004489,2025-08-05,CUST0038,PROD0088,SELL069,1,0.05,UPI,Returned
ORD004490,2025-02-07,CUST0440,PROD0070,SELL034,4,0.05,COD,Delivered
ORD004491,2025-03-02,CUST0322,PROD0172,SELL010,2,0.15,Net Banking,Shipped
ORD004492,2024-01-31,CUST0506,PROD0145,SELL056,2,0.05,Net Banking,Delivered
ORD004493,2025-04-16,CUST0374,PROD0065,SELL054,2,0.1,UPI,Returned
ORD004494,2024-11-17,CUST0395,PROD0131,SELL034,4,0.0,COD,Delivered
ORD004495,2024-03-31,CUST0262,PROD0086,SELL052,1,0.25,Debit Card,Cancelled
ORD004496,2024-06-05,CUST1104,PROD0140,SELL071,4,0.15,Credit Card,Returned
ORD004497,2025-07-24,CUST0611,PROD0023,SELL018,3,0.15,Credit Card,Cancelled
ORD004498,2025-11-01,CUST0539,PROD0097,SELL019,3,0.0,Credit Card,Returned
ORD004499,2025-01-06,CUST0624,PROD0094,SELL007,3,0.1,Debit Card,Delivered
ORD004500,2025-12-14,CUST0909,PROD0111,SELL041,2,0.05,UPI,Delivered
ORD004501,2024-05-11,CUST0136,PROD0030,SELL034,2,0.15,Debit Card,Returned
ORD004502,2024-08-07,CUST0298,PROD0147,SELL050,4,0.1,Debit Card,Cancelled
ORD004503,2025-11-10,CUST0561,PROD0027,SELL020,3,0.05,UPI,Delivered
ORD004504,2024-05-08,CUST0305,PROD0121,SELL040,3,0.2,Debit Card,Delivered
ORD004505,2025-04-27,CUST0923,PROD0060,SELL032,1,0.15,Net Banking,Delivered
ORD004506,2024-06-09,CUST0496,PROD0074,SELL024,2,0.0,UPI,Cancelled
ORD004507,2024-08-30,CUST0068,PROD0023,SELL022,3,0.15,UPI,Delivered
ORD004508,2024-12-15,CUST1106,PROD0177,SELL057,4,0.1,Net Banking,Delivered
ORD004509,2024-09-20,CUST1059,PROD0122,SELL017,1,0.25,Credit Card,Cancelled
ORD004510,2025-10-01,CUST0186,PROD0005,SELL019,1,0.15,Net Banking,Delivered
ORD004511,2025-12-12,CUST0535,PROD0071,SELL043,3,0.05,Net Banking,Returned
ORD004512,2024-12-31,CUST0139,PROD0077,SELL069,3,0.1,UPI,Returned
ORD004513,2025-01-18,CUST1129,PROD0065,SELL025,4,0.1,Debit Card,Delivered
ORD004514,2024-02-10,CUST1019,PROD0044,SELL011,1,0.0,Debit Card,Delivered
ORD004515,2024-06-20,CUST0672,PROD0091,SELL008,3,0.1,Debit Card,Returned
ORD004516,2024-01-30,CUST0186,PROD0064,SELL067,1,0.05,Credit Card,Delivered
ORD004517,2025-09-18,CUST0912,PROD0100,SELL059,4,0.1,Debit Card,Delivered
ORD004518,2024-06-15,CUST0355,PROD0087,SELL003,2,0.2,COD,Returned
ORD004519,2024-09-06,CUST0946,PROD0020,SELL039,1,0.05,Debit Card,Delivered
ORD004520,2025-09-08,CUST0932,PROD0142,SELL022,3,0.2,Net Banking,Delivered
ORD004521,2025-06-05,CUST0742,PROD0063,SELL041,2,0.1,Debit Card,Cancelled
ORD004522,2025-03-30,CUST0788,PROD0113,SELL005,2,0.1,UPI,Delivered
ORD004523,2024-01-29,CUST0001,PROD0174,SELL048,2,0.2,Debit Card,Cancelled
ORD004524,2025-02-15,CUST1193,PROD0050,SELL007,3,0.05,Debit Card,Returned
ORD004525,2025-02-14,CUST0995,PROD0115,SELL023,3,0.1,Debit Card,Delivered
ORD004526,2024-08-21,CUST0031,PROD0012,SELL003,2,0.0,Credit Card,Shipped
ORD004527,2025-06-28,CUST1072,PROD0055,SELL015,1,0.0,Debit Card,Returned
ORD004528,2025-11-10,CUST1042,PROD0064,SELL001,3,0.1,Credit Card,Shipped
ORD004529,2024-07-08,CUST0791,PROD0166,SELL019,4,0.05,Net Banking,Returned
ORD004530,2024-08-30,CUST0789,PROD0070,SELL056,3,0.0,Net Banking,Delivered
ORD004531,2024-08-23,CUST0634,PROD0099,SELL033,2,0.1,COD,Delivered
ORD004532,2025-09-02,CUST0196,PROD0179,SELL059,1,0.05,Credit Card,Returned
ORD004533,2024-02-26,CUST0801,PROD0140,SELL045,3,0.1,UPI,Delivered
ORD004534,2025-10-16,CUST0518,PROD0099,SELL049,3,0.15,COD,Shipped
ORD004535,2025-07-20,CUST1115,PROD0168,SELL034,4,0.2,Debit Card,Delivered
ORD004536,2024-12-19,CUST0497,PROD0107,SELL052,4,0.2,Net Banking,Delivered
ORD004537,2025-03-02,CUST1070,PROD0020,SELL036,4,0.15,COD,Cancelled
ORD004538,2025-10-15,CUST0647,PROD0045,SELL039,3,0.15,Credit Card,Delivered
ORD004539,2025-07-16,CUST0616,PROD0027,SELL043,4,0.1,UPI,Cancelled
ORD004540,2024-07-21,CUST0852,PROD0011,SELL025,2,0.05,Debit Card,Shipped
ORD004541,2024-02-06,CUST1146,PROD0048,SELL050,2,0.1,Credit Card,Shipped
ORD004542,2025-04-26,CUST0826,PROD0007,SELL061,2,0.1,Debit Card,Delivered
ORD004543,2024-04-16,CUST1183,PROD0023,SELL055,2,0.1,Debit Card,Cancelled
ORD004544,2024-03-05,CUST0255,PROD0052,SELL034,4,0.05,UPI,Delivered
ORD004545,2025-12-19,CUST0030,PROD0098,SELL058,1,0.15,Debit Card,Delivered
ORD004546,2024-12-12,CUST0953,PROD0061,SELL035,4,0.1,Net Banking,Delivered
ORD004547,2025-04-20,CUST1054,PROD0123,SELL031,2,0.15,Net Banking,Shipped
ORD004548,2024-06-07,CUST0587,PROD0053,SELL040,1,0.05,Net Banking,Cancelled
ORD004549,2024-03-15,CUST0860,PROD0158,SELL078,4,0.2,COD,Shipped
ORD004550,2024-02-15,CUST1163,PROD0051,SELL001,3,0.15,COD,Shipped
ORD004551,2024-09-16,CUST0396,PROD0040,SELL058,2,0.05,UPI,Returned
ORD004552,2024-01-03,CUST0372,PROD0062,SELL048,3,0.2,UPI,Returned
ORD004553,2024-11-03,CUST0020,PROD0122,SELL034,3,0.15,Debit Card,Returned
ORD004554,2024-08-25,CUST1168,PROD0095,SELL053,1,0.1,Net Banking,Delivered
ORD004555,2025-01-20,CUST0741,PROD0144,SELL054,3,0.2,COD,Cancelled
ORD004556,2025-03-06,CUST0189,PROD0124,SELL026,1,0.15,Net Banking,Delivered
ORD004557,2024-08-13,CUST0281,PROD0115,SELL017,2,0.1,UPI,Delivered
ORD004558,2024-11-28,CUST1019,PROD0095,SELL073,2,0.2,Debit Card,Cancelled
ORD004559,2024-02-27,CUST0354,PROD0009,SELL023,3,0.15,COD,Delivered
ORD004560,2024-08-08,CUST0305,PROD0035,SELL014,4,0.15,Debit Card,Shipped
ORD004561,2025-12-16,CUST0376,PROD0058,SELL011,3,0.15,COD,Delivered
ORD004562,2025-12-25,CUST0325,PROD0079,SELL014,2,0.15,UPI,Shipped
ORD004563,2024-12-21,CUST1050,PROD0002,SELL024,2,0.2,UPI,Cancelled
ORD004564,2025-11-17,CUST0888,PROD0128,SELL036,3,0.15,Net Banking,Cancelled
ORD004565,2025-01-01,CUST0064,PROD0007,SELL013,1,0.0,Credit Card,Delivered
ORD004566,2024-04-01,CUST0964,PROD0162,SELL018,1,0.15,Credit Card,Shipped
ORD004567,2025-09-26,CUST1130,PROD0011,SELL023,2,0.25,Credit Card,Delivered
ORD004568,2024-10-30,CUST1188,PROD0091,SELL077,3,0.05,Net Banking,Cancelled
ORD004569,2025-03-23,CUST0585,PROD0136,SELL054,2,0.1,Net Banking,Returned
ORD004570,2025-04-19,CUST0879,PROD0148,SELL062,1,0.2,Credit Card,Cancelled
ORD004571,2024-08-13,CUST0100,PROD0120,SELL014,1,0.0,Debit Card,Delivered
ORD004572,2025-06-20,CUST0310,PROD0133,SELL056,1,0.1,Net Banking,Delivered
ORD004573,2025-01-01,CUST0755,PROD0015,SELL022,2,0.15,UPI,Delivered
ORD004574,2024-09-24,CUST1060,PROD0060,SELL002,1,0.0,COD,Cancelled
ORD004575,2024-08-05,CUST0071,PROD0117,SELL015,1,0.15,Credit Card,Delivered
ORD004576,2025-06-29,CUST0009,PROD0127,SELL009,3,0.15,Net Banking,Delivered
ORD004577,2024-07-01,CUST0186,PROD0023,SELL051,4,0.15,Credit Card,Shipped
ORD004578,2024-03-31,CUST0315,PROD0150,SELL065,2,0.05,Debit Card,Shipped
ORD004579,2025-10-06,CUST0845,PROD0142,SELL021,1,0.05,Net Banking,Cancelled
ORD004580,2024-08-30,CUST0567,PROD0135,SELL073,3,0.25,COD,Delivered
ORD004581,2025-04-13,CUST0753,PROD0026,SELL041,4,0.05,COD,Delivered
ORD004582,2025-06-07,CUST1077,PROD0173,SELL040,1,0.0,Credit Card,Delivered
ORD004583,2025-09-04,CUST0959,PROD0170,SELL029,2,0.05,Credit Card,Returned
ORD004584,2025-04-02,CUST0535,PROD0177,SELL068,3,0.2,COD,Shipped
ORD004585,2025-06-01,CUST0851,PROD0051,SELL003,3,0.15,Credit Card,Delivered
ORD004586,2025-09-04,CUST0018,PROD0097,SELL042,3,0.15,Debit Card,Delivered
ORD004587,2025-11-20,CUST0338,PROD0044,SELL006,1,0.05,COD,Returned
ORD004588,2024-02-04,CUST0209,PROD0064,SELL034,1,0.0,COD,Cancelled
ORD004589,2025-06-27,CUST1198,PROD0118,SELL039,3,0.05,Debit Card,Delivered
ORD004590,2024-05-07,CUST0564,PROD0117,SELL031,1,0.1,COD,Cancelled
ORD004591,2025-10-13,CUST0686,PROD0028,SELL050,1,0.1,UPI,Delivered
ORD004592,2024-02-05,CUST0359,PROD0115,SELL037,3,0.05,Credit Card,Delivered
ORD004593,2024-06-29,CUST0088,PROD0101,SELL038,3,0.1,Net Banking,Cancelled
ORD004594,2024-05-20,CUST0643,PROD0131,SELL046,4,0.05,Debit Card,Delivered
ORD004595,2025-03-17,CUST0519,PROD0094,SELL049,2,0.15,Net Banking,Shipped
ORD004596,2024-01-04,CUST0907,PROD0129,SELL062,2,0.1,COD,Shipped
ORD004597,2024-01-13,CUST0745,PROD0056,SELL047,2,0.05,UPI,Returned
ORD004598,2025-01-03,CUST1111,PROD0022,SELL079,1,0.05,UPI,Cancelled
ORD004599,2025-12-11,CUST0593,PROD0177,SELL043,1,0.15,COD,Cancelled
ORD004600,2025-01-21,CUST0223,PROD0080,SELL033,1,0.05,Debit Card,Delivered
ORD004601,2024-11-21,CUST0252,PROD0008,SELL080,3,0.1,UPI,Shipped
ORD004602,2025-04-25,CUST0289,PROD0054,SELL054,3,0.1,Credit Card,Delivered
ORD004603,2025-02-07,CUST0976,PROD0144,SELL063,1,0.1,Credit Card,Shipped
ORD004604,2024-10-08,CUST0302,PROD0045,SELL016,2,0.1,Credit Card,Delivered
ORD004605,2025-03-06,CUST0804,PROD0111,SELL071,1,0.1,Debit Card,Cancelled
ORD004606,2024-01-03,CUST0547,PROD0041,SELL049,3,0.1,Credit Card,Delivered
ORD004607,2024-06-27,CUST0095,PROD0098,SELL078,3,0.1,UPI,Shipped
ORD004608,2025-05-07,CUST0249,PROD0173,SELL071,1,0.1,UPI,Cancelled
ORD004609,2024-09-06,CUST1011,PROD0065,SELL015,4,0.25,COD,Shipped
ORD004610,2024-02-09,CUST0595,PROD0170,SELL021,4,0.15,COD,Cancelled
ORD004611,2024-03-31,CUST1001,PROD0177,SELL043,3,0.15,Net Banking,Shipped
ORD004612,2025-09-25,CUST1198,PROD0101,SELL064,3,0.0,Debit Card,Returned
ORD004613,2024-08-28,CUST0773,PROD0089,SELL069,3,0.1,Credit Card,Cancelled
ORD004614,2024-01-17,CUST0641,PROD0057,SELL024,4,0.2,COD,Delivered
ORD004615,2025-06-16,CUST0686,PROD0052,SELL050,3,0.1,UPI,Returned
ORD004616,2025-01-22,CUST0856,PROD0065,SELL031,3,0.1,Net Banking,Cancelled
ORD004617,2024-11-25,CUST1181,PROD0123,SELL008,4,0.2,Credit Card,Cancelled
ORD004618,2025-10-16,CUST1098,PROD0106,SELL070,4,0.15,UPI,Delivered
ORD004619,2024-08-17,CUST0183,PROD0162,SELL006,2,0.15,Credit Card,Delivered
ORD004620,2025-02-22,CUST0960,PROD0161,SELL074,4,0.05,UPI,Delivered
ORD004621,2025-06-28,CUST0848,PROD0155,SELL074,2,0.2,Net Banking,Delivered
ORD004622,2025-03-20,CUST0542,PROD0020,SELL015,3,0.2,Net Banking,Delivered
ORD004623,2024-06-01,CUST0669,PROD0079,SELL060,4,0.1,UPI,Delivered
ORD004624,2025-05-13,CUST0676,PROD0158,SELL030,4,0.25,UPI,Delivered
ORD004625,2025-06-27,CUST0529,PROD0088,SELL017,3,0.2,Debit Card,Delivered
ORD004626,2024-03-30,CUST0278,PROD0109,SELL029,4,0.15,Net Banking,Cancelled
ORD004627,2024-04-30,CUST1002,PROD0119,SELL073,1,0.25,Credit Card,Delivered
ORD004628,2025-05-08,CUST1180,PROD0046,SELL029,1,0.15,COD,Delivered
ORD004629,2024-03-27,CUST0054,PROD0100,SELL014,4,0.05,UPI,Shipped
ORD004630,2025-10-05,CUST1033,PROD0048,SELL061,2,0.1,Net Banking,Returned
ORD004631,2024-03-21,CUST0577,PROD0091,SELL054,1,0.15,Debit Card,Delivered
ORD004632,2025-12-13,CUST0234,PROD0073,SELL012,3,0.1,UPI,Cancelled
ORD004633,2025-05-05,CUST0374,PROD0076,SELL026,4,0.05,COD,Shipped
ORD004634,2024-11-19,CUST1130,PROD0063,SELL009,2,0.2,Net Banking,Shipped
ORD004635,2024-07-15,CUST0565,PROD0174,SELL026,2,0.0,UPI,Shipped
ORD004636,2024-09-08,CUST0279,PROD0111,SELL054,2,0.1,Net Banking,Returned
ORD004637,2025-07-01,CUST0357,PROD0053,SELL059,2,0.0,COD,Delivered
ORD004638,2025-07-04,CUST0940,PROD0022,SELL037,3,0.1,Credit Card,Delivered
ORD004639,2024-06-01,CUST0551,PROD0175,SELL040,4,0.1,Debit Card,Delivered
ORD004640,2025-01-31,CUST0263,PROD0004,SELL034,2,0.1,UPI,Shipped
ORD004641,2025-12-26,CUST0705,PROD0089,SELL026,3,0.0,Net Banking,Shipped
ORD004642,2024-07-07,CUST0111,PROD0070,SELL014,4,0.1,COD,Shipped
ORD004643,2025-05-21,CUST0136,PROD0073,SELL044,3,0.15,Debit Card,Cancelled
ORD004644,2024-05-05,CUST0504,PROD0114,SELL041,1,0.15,Net Banking,Delivered
ORD004645,2025-09-01,CUST0471,PROD0022,SELL021,4,0.15,Credit Card,Delivered
ORD004646,2024-05-04,CUST0733,PROD0080,SELL047,1,0.0,Debit Card,Delivered
ORD004647,2024-08-05,CUST1164,PROD0049,SELL007,3,0.0,UPI,Cancelled
ORD004648,2024-12-01,CUST0561,PROD0143,SELL070,3,0.0,UPI,Delivered
ORD004649,2024-09-27,CUST0876,PROD0055,SELL029,1,0.1,Debit Card,Delivered
ORD004650,2024-05-04,CUST0151,PROD0061,SELL022,2,0.0,COD,Shipped
ORD004651,2025-04-13,CUST1095,PROD0135,SELL010,3,0.0,UPI,Delivered
ORD004652,2024-01-15,CUST0353,PROD0006,SELL015,4,0.15,Debit Card,Delivered
ORD004653,2025-12-19,CUST0184,PROD0126,SELL035,4,0.15,COD,Delivered
ORD004654,2024-02-08,CUST0486,PROD0085,SELL079,2,0.1,COD,Delivered
ORD004655,2024-09-01,CUST0253,PROD0153,SELL034,3,0.15,Credit Card,Returned
ORD004656,2025-11-10,CUST0584,PROD0105,SELL054,1,0.1,Net Banking,Delivered
ORD004657,2024-04-23,CUST0710,PROD0028,SELL069,4,0.15,Debit Card,Cancelled
ORD004658,2024-02-23,CUST0551,PROD0176,SELL034,1,0.2,Debit Card,Returned
ORD004659,2025-06-27,CUST1092,PROD0037,SELL005,3,0.1,UPI,Delivered
ORD004660,2024-02-23,CUST0478,PROD0068,SELL071,3,0.2,Net Banking,Cancelled
ORD004661,2025-10-19,CUST0616,PROD0167,SELL015,2,0.0,COD,Shipped
ORD004662,2024-11-25,CUST1178,PROD0119,SELL070,3,0.1,Net Banking,Cancelled
ORD004663,2025-09-27,CUST0028,PROD0008,SELL010,4,0.15,UPI,Delivered
ORD004664,2024-06-28,CUST0847,PROD0118,SELL035,1,0.15,COD,Delivered
ORD004665,2024-04-13,CUST0255,PROD0135,SELL008,3,0.1,UPI,Cancelled
ORD004666,2025-12-04,CUST0987,PROD0118,SELL078,2,0.15,Debit Card,Cancelled
ORD004667,2025-07-11,CUST0068,PROD0057,SELL002,4,0.1,COD,Cancelled
ORD004668,2025-10-27,CUST0525,PROD0069,SELL008,3,0.0,COD,Cancelled
ORD004669,2024-08-21,CUST0644,PROD0130,SELL003,3,0.05,Credit Card,Returned
ORD004670,2024-10-22,CUST0266,PROD0070,SELL036,2,0.15,COD,Shipped
ORD004671,2025-02-25,CUST0336,PROD0172,SELL025,2,0.15,Credit Card,Delivered
ORD004672,2024-11-24,CUST0489,PROD0172,SELL056,3,0.15,UPI,Delivered
ORD004673,2024-06-26,CUST0407,PROD0145,SELL074,1,0.15,COD,Delivered
ORD004674,2024-10-01,CUST0381,PROD0143,SELL077,3,0.1,Net Banking,Delivered
ORD004675,2025-03-21,CUST0466,PROD0076,SELL059,2,0.1,Debit Card,Cancelled
ORD004676,2024-01-28,CUST1192,PROD0015,SELL049,3,0.1,UPI,Delivered
ORD004677,2024-09-02,CUST1185,PROD0171,SELL007,3,0.0,Credit Card,Returned
ORD004678,2024-08-02,CUST0673,PROD0042,SELL073,1,0.15,Debit Card,Cancelled
ORD004679,2024-02-21,CUST0281,PROD0131,SELL009,4,0.2,COD,Delivered
ORD004680,2024-03-30,CUST0531,PROD0005,SELL076,4,0.1,Net Banking,Returned
ORD004681,2024-12-28,CUST0241,PROD0109,SELL029,3,0.1,COD,Returned
ORD004682,2024-03-15,CUST0862,PROD0098,SELL048,1,0.05,COD,Returned
ORD004683,2024-09-09,CUST0141,PROD0177,SELL072,1,0.05,COD,Delivered
ORD004684,2025-02-13,CUST0160,PROD0007,SELL032,1,0.15,UPI,Delivered
ORD004685,2025-09-30,CUST0870,PROD0178,SELL015,1,0.0,Credit Card,Cancelled
ORD004686,2024-03-13,CUST0459,PROD0159,SELL036,3,0.15,COD,Returned
ORD004687,2024-11-13,CUST0234,PROD0087,SELL032,4,0.0,Debit Card,Cancelled
ORD004688,2024-03-16,CUST0705,PROD0176,SELL053,2,0.05,COD,Delivered
ORD004689,2024-11-09,CUST0710,PROD0040,SELL061,4,0.05,Net Banking,Shipped
ORD004690,2024-12-17,CUST0247,PROD0091,SELL063,1,0.1,Net Banking,Shipped
ORD004691,2025-08-07,CUST0582,PROD0148,SELL007,4,0.1,Net Banking,Cancelled
ORD004692,2024-11-19,CUST0976,PROD0024,SELL042,3,0.15,Credit Card,Delivered
ORD004693,2025-11-14,CUST1149,PROD0095,SELL054,3,0.05,Net Banking,Cancelled
ORD004694,2024-04-10,CUST0793,PROD0104,SELL027,3,0.15,COD,Delivered
ORD004695,2024-02-08,CUST0506,PROD0065,SELL024,1,0.2,Debit Card,Delivered
ORD004696,2024-01-04,CUST0990,PROD0147,SELL069,2,0.25,COD,Returned
ORD004697,2024-09-17,CUST0425,PROD0154,SELL060,4,0.15,Net Banking,Delivered
ORD004698,2024-05-21,CUST0748,PROD0077,SELL049,1,0.1,Net Banking,Delivered
ORD004699,2024-03-07,CUST0588,PROD0130,SELL002,3,0.0,COD,Returned
ORD004700,2024-06-21,CUST1008,PROD0132,SELL057,4,0.05,UPI,Delivered
ORD004701,2025-12-13,CUST0029,PROD0068,SELL032,1,0.2,Credit Card,Returned
ORD004702,2025-08-07,CUST0350,PROD0103,SELL039,4,0.15,COD,Delivered
ORD004703,2024-01-14,CUST1082,PROD0162,SELL019,2,0.05,Net Banking,Returned
ORD004704,2025-10-31,CUST0184,PROD0043,SELL076,4,0.15,Net Banking,Delivered
ORD004705,2024-05-30,CUST0215,PROD0036,SELL058,2,0.2,Net Banking,Returned
ORD004706,2024-10-23,CUST1047,PROD0099,SELL074,2,0.15,COD,Shipped
ORD004707,2024-08-27,CUST0385,PROD0047,SELL064,3,0.15,Credit Card,Cancelled
ORD004708,2024-10-23,CUST0277,PROD0112,SELL015,4,0.25,COD,Shipped
ORD004709,2025-07-10,CUST1020,PROD0084,SELL001,4,0.05,Debit Card,Delivered
ORD004710,2025-06-04,CUST1127,PROD0064,SELL063,3,0.0,Debit Card,Returned
ORD004711,2025-03-10,CUST0935,PROD0034,SELL009,3,0.0,UPI,Delivered
ORD004712,2025-04-03,CUST0962,PROD0171,SELL080,2,0.25,Credit Card,Delivered
ORD004713,2025-06-15,CUST0987,PROD0025,SELL010,1,0.2,Net Banking,Shipped
ORD004714,2024-05-14,CUST0435,PROD0026,SELL062,2,0.2,Debit Card,Shipped
ORD004715,2024-10-16,CUST0718,PROD0144,SELL007,2,0.2,Debit Card,Delivered
ORD004716,2024-03-19,CUST0501,PROD0056,SELL052,2,0.0,Net Banking,Delivered
ORD004717,2025-05-29,CUST1011,PROD0112,SELL078,2,0.05,COD,Cancelled
ORD004718,2024-11-15,CUST0209,PROD0071,SELL031,4,0.15,Credit Card,Delivered
ORD004719,2025-04-10,CUST0133,PROD0119,SELL029,1,0.15,COD,Delivered
ORD004720,2025-02-16,CUST0418,PROD0104,SELL010,4,0.1,Net Banking,Cancelled
ORD004721,2024-07-19,CUST0125,PROD0176,SELL008,2,0.2,Net Banking,Cancelled
ORD004722,2024-04-11,CUST0869,PROD0121,SELL077,3,0.05,Credit Card,Delivered
ORD004723,2025-12-12,CUST0061,PROD0163,SELL041,1,0.1,UPI,Delivered
ORD004724,2024-08-02,CUST0279,PROD0116,SELL004,1,0.05,Net Banking,Returned
ORD004725,2024-03-21,CUST1137,PROD0096,SELL064,1,0.05,Net Banking,Shipped
ORD004726,2024-08-11,CUST0208,PROD0012,SELL036,3,0.0,Debit Card,Cancelled
ORD004727,2025-10-21,CUST0319,PROD0168,SELL004,3,0.1,UPI,Returned
ORD004728,2024-07-10,CUST0483,PROD0023,SELL072,3,0.25,Credit Card,Delivered
ORD004729,2025-12-22,CUST0182,PROD0124,SELL033,3,0.05,Net Banking,Delivered
ORD004730,2024-12-02,CUST1001,PROD0075,SELL055,1,0.1,Debit Card,Cancelled
ORD004731,2025-09-21,CUST0302,PROD0008,SELL064,3,0.1,Credit Card,Cancelled
ORD004732,2025-04-22,CUST0662,PROD0083,SELL023,3,0.15,Credit Card,Cancelled
ORD004733,2024-02-02,CUST0868,PROD0118,SELL025,2,0.15,COD,Delivered
ORD004734,2025-01-07,CUST0651,PROD0164,SELL044,2,0.05,UPI,Shipped
ORD004735,2024-10-31,CUST0613,PROD0003,SELL069,1,0.1,COD,Delivered
ORD004736,2024-05-27,CUST0761,PROD0117,SELL068,4,0.2,Net Banking,Delivered
ORD004737,2025-02-06,CUST1142,PROD0140,SELL006,1,0.05,COD,Delivered
ORD004738,2024-03-16,CUST0086,PROD0029,SELL011,4,0.2,Debit Card,Delivered
ORD004739,2025-05-25,CUST1070,PROD0047,SELL004,3,0.1,UPI,Delivered
ORD004740,2025-08-23,CUST1151,PROD0159,SELL040,3,0.05,UPI,Delivered
ORD004741,2024-03-08,CUST0959,PROD0162,SELL008,4,0.1,Net Banking,Delivered
ORD004742,2024-12-16,CUST0464,PROD0157,SELL039,4,0.15,Debit Card,Cancelled
ORD004743,2025-04-23,CUST1101,PROD0053,SELL024,4,0.05,Net Banking,Returned
ORD004744,2024-02-15,CUST0648,PROD0090,SELL041,1,0.15,Credit Card,Cancelled
ORD004745,2024-10-11,CUST0644,PROD0091,SELL075,2,0.0,UPI,Shipped
ORD004746,2024-07-07,CUST0908,PROD0076,SELL015,1,0.15,Credit Card,Delivered
ORD004747,2024-01-29,CUST0266,PROD0127,SELL036,2,0.1,Net Banking,Shipped
ORD004748,2025-08-10,CUST1130,PROD0031,SELL004,2,0.0,Debit Card,Cancelled
ORD004749,2024-11-21,CUST0502,PROD0105,SELL063,2,0.1,Debit Card,Delivered
ORD004750,2025-07-03,CUST0366,PROD0150,SELL038,4,0.1,COD,Delivered
ORD004751,2025-03-05,CUST1108,PROD0083,SELL002,2,0.0,UPI,Cancelled
ORD004752,2025-10-02,CUST0858,PROD0101,SELL051,3,0.1,UPI,Cancelled
ORD004753,2025-12-29,CUST0197,PROD0004,SELL044,2,0.1,COD,Shipped
ORD004754,2025-03-16,CUST0604,PROD0080,SELL062,3,0.15,Debit Card,Shipped
ORD004755,2024-09-14,CUST0670,PROD0097,SELL039,1,0.1,UPI,Cancelled
ORD004756,2024-11-05,CUST0856,PROD0145,SELL043,2,0.1,Net Banking,Delivered
ORD004757,2025-08-26,CUST0448,PROD0029,SELL032,1,0.2,COD,Returned
ORD004758,2024-11-07,CUST0488,PROD0048,SELL057,2,0.1,Credit Card,Cancelled
ORD004759,2025-01-14,CUST1012,PROD0032,SELL051,3,0.1,Debit Card,Cancelled
ORD004760,2024-05-21,CUST1018,PROD0140,SELL057,1,0.1,UPI,Delivered
ORD004761,2025-12-24,CUST0370,PROD0049,SELL003,4,0.15,Net Banking,Shipped
ORD004762,2025-04-20,CUST0598,PROD0164,SELL020,1,0.0,COD,Delivered
ORD004763,2024-08-29,CUST0447,PROD0050,SELL027,3,0.15,UPI,Returned
ORD004764,2025-03-03,CUST0227,PROD0021,SELL068,1,0.15,COD,Returned
ORD004765,2024-10-20,CUST0201,PROD0029,SELL069,2,0.05,COD,Delivered
ORD004766,2024-04-23,CUST0989,PROD0135,SELL038,2,0.0,COD,Delivered
ORD004767,2025-10-01,CUST0042,PROD0005,SELL020,4,0.15,Credit Card,Delivered
ORD004768,2025-10-09,CUST0674,PROD0110,SELL064,2,0.1,COD,Delivered
ORD004769,2025-09-02,CUST0990,PROD0180,SELL038,3,0.05,Debit Card,Delivered
ORD004770,2024-09-26,CUST0113,PROD0052,SELL048,1,0.0,COD,Delivered
ORD004771,2024-07-06,CUST0272,PROD0096,SELL021,4,0.05,COD,Cancelled
ORD004772,2024-02-06,CUST0120,PROD0031,SELL072,1,0.05,UPI,Returned
ORD004773,2025-06-18,CUST0414,PROD0104,SELL042,1,0.0,Debit Card,Cancelled
ORD004774,2024-08-27,CUST1131,PROD0163,SELL061,1,0.15,Debit Card,Returned
ORD004775,2025-10-14,CUST0703,PROD0124,SELL050,3,0.1,Net Banking,Delivered
ORD004776,2025-09-27,CUST0190,PROD0179,SELL072,2,0.15,Net Banking,Delivered
ORD004777,2024-04-03,CUST0585,PROD0116,SELL050,4,0.15,Debit Card,Shipped
ORD004778,2025-11-01,CUST0982,PROD0026,SELL072,3,0.1,Debit Card,Delivered
ORD004779,2024-04-12,CUST0043,PROD0173,SELL009,4,0.15,Debit Card,Delivered
ORD004780,2024-12-24,CUST0083,PROD0150,SELL023,2,0.05,COD,Delivered
ORD004781,2024-12-12,CUST0807,PROD0012,SELL052,4,0.15,COD,Delivered
ORD004782,2025-11-30,CUST1164,PROD0075,SELL038,4,0.15,COD,Delivered
ORD004783,2025-04-25,CUST0821,PROD0155,SELL039,2,0.0,Debit Card,Shipped
ORD004784,2025-10-01,CUST0838,PROD0060,SELL080,2,0.2,Net Banking,Delivered
ORD004785,2025-03-11,CUST0700,PROD0162,SELL007,1,0.0,Debit Card,Returned
ORD004786,2025-08-26,CUST0977,PROD0082,SELL011,3,0.0,UPI,Delivered
ORD004787,2025-09-14,CUST0254,PROD0009,SELL016,3,0.1,UPI,Cancelled
ORD004788,2025-09-20,CUST0603,PROD0142,SELL035,4,0.1,UPI,Shipped
ORD004789,2024-10-27,CUST0694,PROD0094,SELL057,4,0.0,UPI,Delivered
ORD004790,2024-10-06,CUST0681,PROD0132,SELL061,2,0.2,Debit Card,Shipped
ORD004791,2025-12-20,CUST0177,PROD0034,SELL077,4,0.15,Credit Card,Shipped
ORD004792,2025-07-06,CUST0308,PROD0030,SELL069,3,0.2,UPI,Returned
ORD004793,2025-11-01,CUST0451,PROD0034,SELL003,4,0.1,UPI,Returned
ORD004794,2025-02-26,CUST0122,PROD0115,SELL073,3,0.15,UPI,Delivered
ORD004795,2025-11-10,CUST0264,PROD0002,SELL057,3,0.15,UPI,Delivered
ORD004796,2025-06-10,CUST0548,PROD0123,SELL054,3,0.0,COD,Delivered
ORD004797,2025-06-26,CUST1103,PROD0041,SELL063,4,0.05,Net Banking,Delivered
ORD004798,2024-05-09,CUST0760,PROD0064,SELL012,4,0.25,Debit Card,Delivered
ORD004799,2025-02-18,CUST0562,PROD0050,SELL026,1,0.1,COD,Delivered
ORD004800,2025-06-18,CUST0775,PROD0017,SELL026,1,0.2,Net Banking,Shipped
ORD004801,2025-07-10,CUST0252,PROD0032,SELL072,3,0.15,Credit Card,Delivered
ORD004802,2025-12-01,CUST1123,PROD0104,SELL038,3,0.05,Credit Card,Delivered
ORD004803,2024-08-26,CUST0586,PROD0110,SELL057,2,0.15,Debit Card,Shipped
ORD004804,2024-08-09,CUST0445,PROD0057,SELL039,2,0.1,Credit Card,Delivered
ORD004805,2025-12-09,CUST0634,PROD0068,SELL065,2,0.15,Net Banking,Delivered
ORD004806,2025-12-21,CUST0628,PROD0096,SELL033,3,0.2,UPI,Delivered
ORD004807,2024-05-11,CUST0228,PROD0050,SELL076,1,0.1,COD,Delivered
ORD004808,2024-10-03,CUST0673,PROD0109,SELL070,2,0.05,COD,Delivered
ORD004809,2025-11-24,CUST0035,PROD0022,SELL030,3,0.05,UPI,Delivered
ORD004810,2024-05-25,CUST0080,PROD0159,SELL057,3,0.05,Debit Card,Delivered
ORD004811,2025-07-26,CUST0979,PROD0007,SELL028,2,0.0,Debit Card,Shipped
ORD004812,2024-03-23,CUST0086,PROD0077,SELL006,4,0.15,Credit Card,Returned
ORD004813,2024-05-10,CUST0323,PROD0057,SELL051,3,0.1,UPI,Cancelled
ORD004814,2025-07-27,CUST0912,PROD0095,SELL077,2,0.2,Net Banking,Shipped
ORD004815,2025-03-20,CUST0331,PROD0061,SELL050,2,0.1,Net Banking,Delivered
ORD004816,2025-02-09,CUST0157,PROD0064,SELL064,2,0.15,UPI,Delivered
ORD004817,2025-09-18,CUST0068,PROD0148,SELL027,4,0.1,Credit Card,Delivered
ORD004818,2024-08-12,CUST0299,PROD0129,SELL023,3,0.1,Credit Card,Returned
ORD004819,2025-01-02,CUST1158,PROD0024,SELL064,1,0.1,Net Banking,Delivered
ORD004820,2025-03-20,CUST0248,PROD0032,SELL026,4,0.1,UPI,Returned
ORD004821,2025-06-24,CUST0112,PROD0017,SELL015,2,0.2,Net Banking,Cancelled
ORD004822,2024-08-30,CUST0676,PROD0006,SELL036,1,0.1,Credit Card,Returned
ORD004823,2025-04-08,CUST0278,PROD0078,SELL038,1,0.1,COD,Delivered
ORD004824,2024-11-23,CUST0845,PROD0161,SELL069,2,0.0,UPI,Returned
ORD004825,2025-01-31,CUST0826,PROD0176,SELL038,3,0.0,Net Banking,Returned
ORD004826,2025-09-22,CUST0796,PROD0106,SELL041,1,0.05,Net Banking,Delivered
ORD004827,2024-10-14,CUST0490,PROD0011,SELL045,1,0.1,COD,Delivered
ORD004828,2025-05-03,CUST0951,PROD0052,SELL042,4,0.15,Debit Card,Shipped
ORD004829,2025-11-19,CUST0833,PROD0065,SELL076,2,0.2,UPI,Cancelled
ORD004830,2025-07-11,CUST0306,PROD0064,SELL039,4,0.25,Credit Card,Returned
ORD004831,2025-12-23,CUST0599,PROD0119,SELL004,1,0.15,UPI,Delivered
ORD004832,2025-03-02,CUST0378,PROD0013,SELL069,2,0.2,Net Banking,Shipped
ORD004833,2024-07-25,CUST1169,PROD0044,SELL074,4,0.05,UPI,Cancelled
ORD004834,2025-12-25,CUST0511,PROD0148,SELL002,2,0.15,COD,Cancelled
ORD004835,2025-04-16,CUST1069,PROD0112,SELL029,2,0.1,Debit Card,Delivered
ORD004836,2024-06-25,CUST0709,PROD0021,SELL062,2,0.15,Credit Card,Cancelled
ORD004837,2024-08-19,CUST0125,PROD0159,SELL016,2,0.2,COD,Cancelled
ORD004838,2024-07-10,CUST0498,PROD0154,SELL070,2,0.1,Net Banking,Cancelled
ORD004839,2025-09-01,CUST0372,PROD0028,SELL015,4,0.2,COD,Delivered
ORD004840,2024-03-08,CUST0928,PROD0073,SELL061,4,0.25,Debit Card,Delivered
ORD004841,2025-06-24,CUST0183,PROD0096,SELL076,1,0.05,Debit Card,Delivered
ORD004842,2025-02-08,CUST0464,PROD0085,SELL073,3,0.15,UPI,Returned
ORD004843,2024-02-23,CUST1087,PROD0080,SELL066,1,0.05,Net Banking,Cancelled
ORD004844,2025-03-24,CUST0221,PROD0087,SELL045,1,0.25,Net Banking,Cancelled
ORD004845,2025-07-04,CUST0976,PROD0098,SELL076,1,0.05,COD,Delivered
ORD004846,2025-06-14,CUST0227,PROD0026,SELL001,4,0.0,Debit Card,Delivered
ORD004847,2025-01-21,CUST0062,PROD0114,SELL012,3,0.0,UPI,Shipped
ORD004848,2024-09-02,CUST0277,PROD0090,SELL034,4,0.15,Debit Card,Delivered
ORD004849,2024-04-29,CUST0358,PROD0010,SELL077,3,0.15,Credit Card,Delivered
ORD004850,2024-01-09,CUST0820,PROD0159,SELL042,4,0.25,Net Banking,Delivered
ORD004851,2024-09-19,CUST0586,PROD0145,SELL039,1,0.05,UPI,Returned
ORD004852,2025-04-07,CUST0361,PROD0146,SELL069,2,0.15,Credit Card,Shipped
ORD004853,2024-01-28,CUST0780,PROD0064,SELL003,4,0.0,UPI,Delivered
ORD004854,2025-12-31,CUST0799,PROD0121,SELL014,3,0.1,Net Banking,Cancelled
ORD004855,2025-03-04,CUST0191,PROD0165,SELL076,3,0.2,Credit Card,Delivered
ORD004856,2024-08-03,CUST0696,PROD0175,SELL012,1,0.05,UPI,Delivered
ORD004857,2025-12-04,CUST0687,PROD0171,SELL042,3,0.25,Debit Card,Cancelled
ORD004858,2024-05-14,CUST0004,PROD0161,SELL026,4,0.05,Debit Card,Delivered
ORD004859,2025-12-01,CUST0317,PROD0152,SELL056,4,0.2,UPI,Delivered
ORD004860,2024-07-24,CUST0654,PROD0134,SELL037,3,0.05,COD,Delivered
ORD004861,2024-10-04,CUST0812,PROD0089,SELL004,2,0.0,Debit Card,Returned
ORD004862,2024-11-06,CUST0751,PROD0058,SELL040,2,0.25,Net Banking,Shipped
ORD004863,2025-12-28,CUST1158,PROD0026,SELL051,3,0.05,UPI,Delivered
ORD004864,2024-07-02,CUST1139,PROD0143,SELL078,4,0.15,Credit Card,Shipped
ORD004865,2025-12-12,CUST0462,PROD0101,SELL066,3,0.0,Credit Card,Shipped
ORD004866,2024-09-10,CUST0815,PROD0173,SELL042,4,0.1,Debit Card,Delivered
ORD004867,2024-07-27,CUST0116,PROD0059,SELL064,1,0.0,COD,Cancelled
ORD004868,2025-04-11,CUST0414,PROD0103,SELL061,2,0.1,Credit Card,Delivered
ORD004869,2025-05-22,CUST0589,PROD0045,SELL010,4,0.0,COD,Shipped
ORD004870,2024-09-09,CUST0001,PROD0038,SELL020,1,0.1,Net Banking,Delivered
ORD004871,2024-04-08,CUST0368,PROD0174,SELL052,2,0.05,UPI,Cancelled
ORD004872,2024-10-16,CUST1061,PROD0122,SELL030,3,0.15,Net Banking,Delivered
ORD004873,2025-01-30,CUST0707,PROD0008,SELL021,1,0.15,Debit Card,Returned
ORD004874,2024-01-30,CUST0497,PROD0052,SELL010,3,0.1,COD,Delivered
ORD004875,2024-02-27,CUST0807,PROD0118,SELL039,1,0.05,Credit Card,Delivered
ORD004876,2025-11-02,CUST0738,PROD0153,SELL011,4,0.15,Debit Card,Cancelled
ORD004877,2024-01-27,CUST0352,PROD0138,SELL063,3,0.0,Credit Card,Cancelled
ORD004878,2024-10-24,CUST0828,PROD0085,SELL057,1,0.2,Credit Card,Cancelled
ORD004879,2025-07-12,CUST0806,PROD0176,SELL068,2,0.15,Credit Card,Returned
ORD004880,2024-08-27,CUST0148,PROD0078,SELL020,4,0.15,Credit Card,Cancelled
ORD004881,2024-12-27,CUST0812,PROD0180,SELL078,2,0.15,Credit Card,Shipped
ORD004882,2024-03-04,CUST0967,PROD0060,SELL058,2,0.15,Net Banking,Cancelled
ORD004883,2025-08-03,CUST1177,PROD0114,SELL027,4,0.15,Credit Card,Delivered
ORD004884,2025-04-08,CUST0127,PROD0146,SELL018,3,0.1,UPI,Delivered
ORD004885,2025-09-14,CUST0829,PROD0169,SELL049,1,0.1,Credit Card,Delivered
ORD004886,2025-09-23,CUST1051,PROD0161,SELL042,1,0.0,Credit Card,Delivered
ORD004887,2024-09-13,CUST0553,PROD0131,SELL067,1,0.15,Net Banking,Delivered
ORD004888,2024-01-31,CUST0889,PROD0180,SELL057,1,0.05,Credit Card,Delivered
ORD004889,2024-09-10,CUST0814,PROD0173,SELL071,4,0.0,Credit Card,Shipped
ORD004890,2024-04-16,CUST1185,PROD0099,SELL055,1,0.25,Credit Card,Delivered
ORD004891,2025-01-24,CUST0861,PROD0019,SELL012,2,0.2,Net Banking,Delivered
ORD004892,2024-04-17,CUST0200,PROD0005,SELL010,3,0.0,COD,Returned
ORD004893,2025-11-04,CUST0663,PROD0123,SELL009,3,0.1,COD,Shipped
ORD004894,2025-03-16,CUST0206,PROD0051,SELL017,1,0.0,COD,Cancelled
ORD004895,2024-07-03,CUST0986,PROD0027,SELL044,2,0.2,COD,Delivered
ORD004896,2025-11-04,CUST0591,PROD0123,SELL054,1,0.0,Debit Card,Delivered
ORD004897,2025-07-16,CUST0406,PROD0094,SELL079,2,0.1,Debit Card,Delivered
ORD004898,2024-11-16,CUST0480,PROD0064,SELL063,1,0.05,Credit Card,Delivered
ORD004899,2024-04-17,CUST1193,PROD0078,SELL074,1,0.05,Credit Card,Returned
ORD004900,2024-09-08,CUST1134,PROD0172,SELL005,1,0.15,Debit Card,Delivered
ORD004901,2025-03-02,CUST0368,PROD0060,SELL049,4,0.1,UPI,Returned
ORD004902,2025-07-13,CUST0343,PROD0107,SELL013,2,0.05,Debit Card,Delivered
ORD004903,2024-07-10,CUST0793,PROD0063,SELL060,4,0.1,COD,Delivered
ORD004904,2025-06-26,CUST0082,PROD0146,SELL025,4,0.0,COD,Delivered
ORD004905,2024-07-25,CUST0803,PROD0045,SELL014,4,0.0,Debit Card,Delivered
ORD004906,2024-06-29,CUST0165,PROD0133,SELL025,4,0.15,Debit Card,Cancelled
ORD004907,2024-11-22,CUST0077,PROD0054,SELL046,3,0.05,Credit Card,Shipped
ORD004908,2024-04-27,CUST1188,PROD0080,SELL044,1,0.1,UPI,Delivered
ORD004909,2024-10-22,CUST0613,PROD0054,SELL008,3,0.1,Debit Card,Returned
ORD004910,2024-09-18,CUST1170,PROD0090,SELL049,4,0.25,UPI,Delivered
ORD004911,2024-07-23,CUST1192,PROD0033,SELL064,2,0.0,Credit Card,Shipped
ORD004912,2025-07-20,CUST0296,PROD0070,SELL007,4,0.0,Credit Card,Shipped
ORD004913,2024-08-30,CUST0348,PROD0014,SELL045,1,0.2,Credit Card,Shipped
ORD004914,2025-05-23,CUST0391,PROD0178,SELL045,3,0.2,Credit Card,Delivered
ORD004915,2025-06-10,CUST0219,PROD0150,SELL031,4,0.05,COD,Delivered
ORD004916,2025-05-01,CUST0124,PROD0133,SELL017,1,0.2,Net Banking,Delivered
ORD004917,2024-07-15,CUST0610,PROD0165,SELL003,3,0.2,Credit Card,Delivered
ORD004918,2025-08-29,CUST0801,PROD0161,SELL052,4,0.0,UPI,Shipped
ORD004919,2024-06-21,CUST0904,PROD0100,SELL063,3,0.05,COD,Delivered
ORD004920,2024-07-21,CUST0823,PROD0175,SELL033,2,0.2,Net Banking,Delivered
ORD004921,2025-10-01,CUST0585,PROD0010,SELL049,3,0.15,UPI,Shipped
ORD004922,2024-09-05,CUST0511,PROD0060,SELL021,2,0.2,Net Banking,Cancelled
ORD004923,2025-05-24,CUST0070,PROD0147,SELL031,4,0.15,UPI,Delivered
ORD004924,2024-01-31,CUST0458,PROD0102,SELL062,4,0.05,Debit Card,Delivered
ORD004925,2025-03-25,CUST0679,PROD0072,SELL073,3,0.1,Credit Card,Shipped
ORD004926,2025-09-27,CUST1084,PROD0177,SELL022,2,0.05,Credit Card,Delivered
ORD004927,2025-06-02,CUST0880,PROD0064,SELL013,2,0.15,COD,Delivered
ORD004928,2025-03-01,CUST0700,PROD0167,SELL071,4,0.1,Debit Card,Delivered
ORD004929,2025-09-12,CUST0815,PROD0117,SELL069,3,0.05,Debit Card,Cancelled
ORD004930,2024-08-05,CUST0500,PROD0156,SELL066,2,0.1,Credit Card,Delivered
ORD004931,2024-10-02,CUST0032,PROD0044,SELL054,3,0.1,UPI,Cancelled
ORD004932,2024-02-20,CUST0314,PROD0110,SELL066,3,0.1,Debit Card,Delivered
ORD004933,2025-05-25,CUST0588,PROD0054,SELL056,4,0.0,Debit Card,Delivered
ORD004934,2025-06-12,CUST0446,PROD0008,SELL026,2,0.2,Net Banking,Shipped
ORD004935,2025-07-03,CUST0221,PROD0161,SELL032,1,0.2,UPI,Delivered
ORD004936,2025-07-01,CUST1114,PROD0031,SELL064,2,0.1,UPI,Cancelled
ORD004937,2024-04-03,CUST0646,PROD0085,SELL079,1,0.1,Net Banking,Delivered
ORD004938,2025-05-01,CUST0304,PROD0142,SELL027,3,0.05,Debit Card,Delivered
ORD004939,2025-07-11,CUST0347,PROD0155,SELL038,3,0.15,Net Banking,Cancelled
ORD004940,2024-05-28,CUST1103,PROD0110,SELL069,1,0.0,UPI,Delivered
ORD004941,2024-12-14,CUST0865,PROD0019,SELL009,1,0.15,Net Banking,Returned
ORD004942,2025-10-29,CUST0178,PROD0010,SELL032,2,0.1,Credit Card,Delivered
ORD004943,2024-10-30,CUST0512,PROD0005,SELL037,1,0.2,Debit Card,Shipped
ORD004944,2025-07-04,CUST0185,PROD0122,SELL032,1,0.15,UPI,Returned
ORD004945,2025-01-22,CUST1057,PROD0101,SELL009,3,0.2,Debit Card,Cancelled
ORD004946,2025-04-25,CUST1074,PROD0095,SELL023,3,0.1,UPI,Returned
ORD004947,2025-04-02,CUST0874,PROD0157,SELL033,3,0.1,Credit Card,Cancelled
ORD004948,2025-04-20,CUST0279,PROD0141,SELL001,2,0.0,Credit Card,Shipped
ORD004949,2025-07-23,CUST0561,PROD0038,SELL065,4,0.1,Net Banking,Returned
ORD004950,2025-10-23,CUST1162,PROD0144,SELL067,1,0.1,COD,Shipped
ORD004951,2024-08-04,CUST1022,PROD0174,SELL012,2,0.0,COD,Returned
ORD004952,2025-11-09,CUST0809,PROD0101,SELL035,1,0.1,Net Banking,Delivered
ORD004953,2025-04-03,CUST0036,PROD0030,SELL012,3,0.15,COD,Delivered
ORD004954,2025-03-11,CUST0136,PROD0121,SELL032,1,0.25,Debit Card,Shipped
ORD004955,2024-08-27,CUST0452,PROD0119,SELL057,4,0.0,UPI,Returned
ORD004956,2024-10-31,CUST0238,PROD0059,SELL005,4,0.1,Debit Card,Delivered
ORD004957,2025-04-21,CUST0279,PROD0096,SELL039,4,0.15,Credit Card,Cancelled
ORD004958,2024-09-22,CUST0252,PROD0134,SELL051,3,0.05,UPI,Delivered
ORD004959,2024-07-29,CUST0739,PROD0018,SELL010,3,0.15,COD,Returned
ORD004960,2025-08-21,CUST0271,PROD0133,SELL051,3,0.15,Credit Card,Shipped
ORD004961,2024-10-30,CUST0531,PROD0052,SELL046,1,0.1,Net Banking,Shipped
ORD004962,2025-04-16,CUST0137,PROD0012,SELL015,3,0.0,COD,Cancelled
ORD004963,2024-01-23,CUST0914,PROD0152,SELL068,3,0.0,Credit Card,Returned
ORD004964,2024-02-26,CUST0095,PROD0001,SELL025,2,0.15,COD,Delivered
ORD004965,2025-09-12,CUST0545,PROD0122,SELL063,3,0.2,UPI,Delivered
ORD004966,2024-04-13,CUST0661,PROD0132,SELL020,1,0.0,COD,Delivered
ORD004967,2025-08-04,CUST0864,PROD0072,SELL041,1,0.2,Credit Card,Delivered
ORD004968,2025-10-20,CUST1007,PROD0142,SELL023,1,0.05,Debit Card,Returned
ORD004969,2024-12-17,CUST0456,PROD0047,SELL059,3,0.15,Debit Card,Cancelled
ORD004970,2025-10-08,CUST1004,PROD0087,SELL002,1,0.1,Debit Card,Delivered
ORD004971,2024-11-08,CUST0729,PROD0020,SELL029,3,0.15,Net Banking,Delivered
ORD004972,2025-11-26,CUST0276,PROD0090,SELL077,1,0.0,UPI,Shipped
ORD004973,2024-06-22,CUST0788,PROD0046,SELL071,2,0.05,Net Banking,Shipped
ORD004974,2024-11-08,CUST1081,PROD0023,SELL068,3,0.1,COD,Returned
ORD004975,2024-10-11,CUST0552,PROD0062,SELL006,2,0.0,Debit Card,Delivered
ORD004976,2025-07-27,CUST0527,PROD0177,SELL061,1,0.15,Credit Card,Delivered
ORD004977,2024-02-01,CUST0377,PROD0121,SELL049,1,0.0,Credit Card,Delivered
ORD004978,2025-08-28,CUST0451,PROD0149,SELL001,1,0.15,Net Banking,Shipped
ORD004979,2024-01-18,CUST0589,PROD0062,SELL072,4,0.1,UPI,Delivered
ORD004980,2024-08-18,CUST0622,PROD0096,SELL046,2,0.1,Net Banking,Shipped
ORD004981,2025-03-11,CUST0427,PROD0010,SELL042,1,0.0,Net Banking,Delivered
ORD004982,2024-04-16,CUST0018,PROD0168,SELL051,4,0.0,Debit Card,Delivered
ORD004983,2024-12-24,CUST0353,PROD0177,SELL023,1,0.0,UPI,Delivered
ORD004984,2025-12-29,CUST0080,PROD0170,SELL041,1,0.1,Credit Card,Returned
ORD004985,2025-08-24,CUST0338,PROD0077,SELL065,3,0.15,Net Banking,Delivered
ORD004986,2024-01-23,CUST0528,PROD0166,SELL017,2,0.25,Net Banking,Delivered
ORD004987,2025-03-08,CUST1113,PROD0042,SELL075,3,0.15,Net Banking,Shipped
ORD004988,2025-03-12,CUST0576,PROD0083,SELL031,1,0.25,Net Banking,Delivered
ORD004989,2024-02-19,CUST0068,PROD0018,SELL073,1,0.2,COD,Delivered
ORD004990,2025-04-20,CUST0836,PROD0008,SELL026,1,0.0,Debit Card,Shipped
ORD004991,2025-01-15,CUST1176,PROD0177,SELL067,3,0.0,COD,Delivered
ORD004992,2025-05-13,CUST0256,PROD0159,SELL008,4,0.1,Net Banking,Delivered
ORD004993,2024-08-05,CUST1032,PROD0063,SELL080,2,0.0,Net Banking,Returned
ORD004994,2024-07-05,CUST0013,PROD0036,SELL004,4,0.1,COD,Delivered
ORD004995,2025-06-21,CUST0490,PROD0030,SELL074,2,0.15,Credit Card,Returned
ORD004996,2025-06-11,CUST0309,PROD0067,SELL023,3,0.1,Net Banking,Delivered
ORD004997,2024-04-28,CUST1071,PROD0116,SELL075,3,0.25,COD,Delivered
ORD004998,2024-06-07,CUST0106,PROD0075,SELL054,1,0.2,COD,Delivered
ORD004999,2025-03-04,CUST1033,PROD0122,SELL008,2,0.0,Credit Card,Delivered
ORD005000,2025-08-29,CUST0714,PROD0138,SELL020,2,0.2,Debit Card,Delivered
ORD005001,2024-05-27,CUST0438,PROD0113,SELL030,3,0.05,Net Banking,Shipped
ORD005002,2024-06-09,CUST0337,PROD0010,SELL036,3,0.1,UPI,Delivered
ORD005003,2025-08-13,CUST0756,PROD0079,SELL037,2,0.15,Credit Card,Returned
ORD005004,2025-05-24,CUST0050,PROD0017,SELL028,1,0.15,Credit Card,Delivered
ORD005005,2025-10-21,CUST0560,PROD0040,SELL031,1,0.05,Debit Card,Returned
ORD005006,2025-07-26,CUST1065,PROD0036,SELL002,3,0.1,Credit Card,Cancelled
ORD005007,2025-11-27,CUST0815,PROD0011,SELL077,4,0.05,Debit Card,Returned
ORD005008,2024-05-18,CUST0293,PROD0066,SELL037,1,0.0,UPI,Returned
ORD005009,2024-07-17,CUST0337,PROD0100,SELL061,1,0.0,UPI,Shipped
ORD005010,2024-06-22,CUST0046,PROD0006,SELL063,2,0.15,Credit Card,Delivered
ORD005011,2024-02-10,CUST0078,PROD0054,SELL080,2,0.1,UPI,Shipped
ORD005012,2025-07-23,CUST0448,PROD0098,SELL080,2,0.1,Debit Card,Delivered
ORD005013,2025-04-28,CUST0575,PROD0117,SELL005,1,0.0,Net Banking,Cancelled
ORD005014,2024-03-03,CUST0834,PROD0143,SELL022,3,0.2,Credit Card,Delivered
ORD005015,2024-05-24,CUST0089,PROD0088,SELL015,3,0.0,Debit Card,Delivered
ORD005016,2024-05-19,CUST0481,PROD0119,SELL002,1,0.0,COD,Cancelled
ORD005017,2024-10-21,CUST0714,PROD0040,SELL057,1,0.0,COD,Cancelled
ORD005018,2024-11-28,CUST0966,PROD0020,SELL015,4,0.15,Credit Card,Returned
ORD005019,2024-07-30,CUST0531,PROD0121,SELL049,1,0.0,UPI,Delivered
ORD005020,2025-11-10,CUST1033,PROD0074,SELL029,2,0.0,Credit Card,Returned
ORD005021,2024-06-04,CUST0310,PROD0062,SELL048,2,0.15,Net Banking,Delivered
ORD005022,2025-02-14,CUST0841,PROD0052,SELL046,4,0.05,Debit Card,Delivered
ORD005023,2024-11-16,CUST1068,PROD0078,SELL013,2,0.15,Net Banking,Delivered
ORD005024,2024-10-10,CUST0773,PROD0077,SELL002,1,0.05,Debit Card,Delivered
ORD005025,2025-08-26,CUST1040,PROD0040,SELL015,1,0.05,COD,Cancelled
ORD005026,2025-12-16,CUST0507,PROD0177,SELL057,4,0.1,Credit Card,Delivered
ORD005027,2024-01-05,CUST0731,PROD0077,SELL019,3,0.15,UPI,Shipped
ORD005028,2024-12-04,CUST0028,PROD0118,SELL017,4,0.1,COD,Delivered
ORD005029,2024-03-28,CUST0546,PROD0023,SELL052,3,0.0,Credit Card,Delivered
ORD005030,2024-11-13,CUST0133,PROD0016,SELL025,4,0.1,Net Banking,Cancelled
ORD005031,2025-03-27,CUST0866,PROD0099,SELL025,4,0.05,UPI,Delivered
ORD005032,2024-10-27,CUST1070,PROD0097,SELL013,4,0.2,Net Banking,Delivered
ORD005033,2024-08-13,CUST0716,PROD0077,SELL025,3,0.15,UPI,Delivered
ORD005034,2024-08-16,CUST0940,PROD0106,SELL002,4,0.1,COD,Shipped
ORD005035,2024-08-07,CUST0788,PROD0025,SELL049,4,0.0,COD,Returned
ORD005036,2024-08-26,CUST0806,PROD0034,SELL015,4,0.15,Credit Card,Cancelled
ORD005037,2024-09-30,CUST0103,PROD0055,SELL052,2,0.2,COD,Delivered
ORD005038,2025-05-17,CUST0458,PROD0075,SELL058,2,0.1,Credit Card,Returned
ORD005039,2024-03-11,CUST0929,PROD0052,SELL006,2,0.1,Credit Card,Shipped
ORD005040,2024-01-30,CUST1049,PROD0177,SELL059,1,0.0,Credit Card,Delivered
ORD005041,2025-01-12,CUST1170,PROD0038,SELL060,3,0.15,COD,Shipped
ORD005042,2025-05-13,CUST0355,PROD0026,SELL019,4,0.1,Debit Card,Delivered
ORD005043,2024-07-08,CUST0973,PROD0117,SELL011,3,0.05,COD,Delivered
ORD005044,2024-05-27,CUST0028,PROD0132,SELL076,4,0.2,Credit Card,Delivered
ORD005045,2025-04-01,CUST1071,PROD0023,SELL062,1,0.0,UPI,Returned
ORD005046,2024-10-07,CUST1061,PROD0135,SELL077,1,0.0,UPI,Returned
ORD005047,2025-06-22,CUST0499,PROD0071,SELL029,2,0.05,Net Banking,Delivered
ORD005048,2024-04-17,CUST1152,PROD0022,SELL033,2,0.2,Net Banking,Returned
ORD005049,2024-03-29,CUST1064,PROD0040,SELL057,1,0.2,Credit Card,Cancelled
ORD005050,2025-02-08,CUST0046,PROD0068,SELL071,4,0.05,Debit Card,Cancelled
ORD005051,2024-10-13,CUST0752,PROD0016,SELL068,2,0.0,Net Banking,Delivered
ORD005052,2025-06-17,CUST0178,PROD0083,SELL073,4,0.15,UPI,Delivered
ORD005053,2025-01-04,CUST0651,PROD0012,SELL068,4,0.2,UPI,Delivered
ORD005054,2024-09-16,CUST0208,PROD0020,SELL061,1,0.15,UPI,Shipped
ORD005055,2024-04-26,CUST0078,PROD0034,SELL009,2,0.25,COD,Delivered
ORD005056,2024-04-29,CUST0870,PROD0085,SELL028,1,0.15,Credit Card,Delivered
ORD005057,2025-07-06,CUST1086,PROD0059,SELL072,3,0.0,Credit Card,Cancelled
ORD005058,2024-06-14,CUST0001,PROD0140,SELL016,1,0.25,Credit Card,Shipped
ORD005059,2025-01-02,CUST1042,PROD0001,SELL046,1,0.2,Net Banking,Shipped
ORD005060,2025-08-21,CUST0785,PROD0176,SELL049,1,0.2,Net Banking,Returned
ORD005061,2025-10-18,CUST0242,PROD0031,SELL069,4,0.2,COD,Returned
ORD005062,2024-07-14,CUST0473,PROD0092,SELL064,2,0.1,Net Banking,Delivered
ORD005063,2024-03-21,CUST1050,PROD0002,SELL017,1,0.1,Credit Card,Shipped
ORD005064,2025-07-20,CUST0541,PROD0027,SELL074,3,0.15,COD,Returned
ORD005065,2025-05-17,CUST0418,PROD0096,SELL015,4,0.05,Credit Card,Delivered
ORD005066,2024-08-30,CUST1168,PROD0116,SELL063,4,0.15,COD,Shipped
ORD005067,2025-03-09,CUST0755,PROD0129,SELL037,3,0.1,UPI,Shipped
ORD005068,2024-05-17,CUST0440,PROD0059,SELL067,3,0.25,Debit Card,Delivered
ORD005069,2025-05-27,CUST0130,PROD0045,SELL040,2,0.1,Credit Card,Delivered
ORD005070,2025-06-15,CUST0007,PROD0073,SELL044,4,0.2,Net Banking,Shipped
ORD005071,2024-08-06,CUST0515,PROD0018,SELL044,4,0.15,Credit Card,Returned
ORD005072,2024-12-08,CUST0093,PROD0044,SELL036,1,0.05,Net Banking,Shipped
ORD005073,2024-09-01,CUST0799,PROD0151,SELL010,4,0.1,UPI,Returned
ORD005074,2024-01-23,CUST0574,PROD0090,SELL016,1,0.2,COD,Delivered
ORD005075,2024-04-03,CUST0237,PROD0071,SELL006,3,0.15,Credit Card,Delivered
ORD005076,2025-12-02,CUST0046,PROD0057,SELL059,3,0.0,Debit Card,Returned
ORD005077,2024-11-29,CUST0741,PROD0080,SELL009,1,0.1,UPI,Shipped
ORD005078,2024-04-18,CUST0341,PROD0081,SELL076,3,0.05,UPI,Cancelled
ORD005079,2024-02-02,CUST0810,PROD0013,SELL065,3,0.2,Net Banking,Delivered
ORD005080,2024-09-15,CUST0596,PROD0054,SELL077,2,0.1,Debit Card,Delivered
ORD005081,2025-12-19,CUST0571,PROD0065,SELL025,4,0.15,COD,Cancelled
ORD005082,2024-10-08,CUST0953,PROD0106,SELL008,1,0.2,COD,Cancelled
ORD005083,2025-12-31,CUST0823,PROD0036,SELL042,3,0.0,Debit Card,Returned
ORD005084,2024-12-23,CUST0375,PROD0050,SELL048,2,0.0,Net Banking,Delivered
ORD005085,2025-07-12,CUST1033,PROD0123,SELL002,1,0.15,Net Banking,Returned
ORD005086,2025-07-28,CUST0117,PROD0042,SELL024,4,0.0,Net Banking,Returned
ORD005087,2024-01-21,CUST0670,PROD0023,SELL060,4,0.05,COD,Shipped
ORD005088,2024-01-05,CUST1009,PROD0114,SELL043,3,0.1,Debit Card,Delivered
ORD005089,2025-11-05,CUST0820,PROD0073,SELL007,1,0.0,UPI,Returned
ORD005090,2025-11-12,CUST0213,PROD0090,SELL074,4,0.1,Credit Card,Shipped
ORD005091,2024-04-06,CUST0108,PROD0152,SELL035,4,0.0,UPI,Returned
ORD005092,2025-04-17,CUST0975,PROD0055,SELL072,1,0.15,COD,Delivered
ORD005093,2025-11-06,CUST0932,PROD0098,SELL004,1,0.05,Credit Card,Delivered
ORD005094,2025-11-25,CUST0751,PROD0055,SELL026,4,0.05,Debit Card,Shipped
ORD005095,2024-08-04,CUST0183,PROD0009,SELL004,4,0.2,UPI,Delivered
ORD005096,2025-08-20,CUST0096,PROD0083,SELL012,4,0.2,Debit Card,Cancelled
ORD005097,2025-04-17,CUST0554,PROD0151,SELL026,4,0.05,Net Banking,Returned
ORD005098,2025-11-09,CUST1018,PROD0035,SELL007,4,0.2,Net Banking,Delivered
ORD005099,2024-04-17,CUST0078,PROD0100,SELL068,4,0.05,COD,Cancelled
ORD005100,2025-03-15,CUST0445,PROD0116,SELL018,1,0.1,Credit Card,Delivered
ORD005101,2024-01-18,CUST0179,PROD0142,SELL020,2,0.05,Debit Card,Shipped
ORD005102,2024-09-18,CUST0697,PROD0179,SELL026,3,0.15,Debit Card,Delivered
ORD005103,2024-01-09,CUST0290,PROD0105,SELL039,3,0.1,UPI,Delivered
ORD005104,2024-11-19,CUST1074,PROD0120,SELL035,1,0.25,UPI,Returned
ORD005105,2025-08-15,CUST0876,PROD0047,SELL051,2,0.2,Net Banking,Shipped
ORD005106,2025-04-26,CUST0031,PROD0064,SELL032,1,0.1,UPI,Delivered
ORD005107,2024-08-19,CUST0017,PROD0095,SELL023,4,0.15,UPI,Delivered
ORD005108,2024-11-08,CUST0589,PROD0118,SELL058,1,0.15,UPI,Delivered
ORD005109,2024-09-25,CUST0446,PROD0084,SELL061,1,0.25,UPI,Delivered
ORD005110,2025-06-18,CUST0864,PROD0155,SELL022,2,0.15,COD,Delivered
ORD005111,2024-07-13,CUST1027,PROD0003,SELL066,4,0.05,COD,Delivered
ORD005112,2024-03-08,CUST1157,PROD0083,SELL056,2,0.2,Net Banking,Delivered
ORD005113,2025-01-05,CUST0374,PROD0004,SELL014,1,0.1,Credit Card,Returned
ORD005114,2025-08-29,CUST0597,PROD0080,SELL015,3,0.1,Net Banking,Returned
ORD005115,2024-12-14,CUST0125,PROD0145,SELL007,2,0.0,UPI,Delivered
ORD005116,2024-05-29,CUST0398,PROD0059,SELL066,4,0.1,COD,Cancelled
ORD005117,2024-02-03,CUST0805,PROD0060,SELL035,3,0.1,COD,Delivered
ORD005118,2025-11-21,CUST0363,PROD0085,SELL061,1,0.1,UPI,Cancelled
ORD005119,2025-07-10,CUST0772,PROD0166,SELL062,4,0.05,COD,Delivered
ORD005120,2024-04-23,CUST1078,PROD0091,SELL060,3,0.15,Net Banking,Delivered
ORD005121,2024-02-24,CUST0798,PROD0101,SELL055,3,0.1,Net Banking,Delivered
ORD005122,2024-04-04,CUST0845,PROD0020,SELL077,1,0.1,UPI,Delivered
ORD005123,2024-10-02,CUST0627,PROD0122,SELL061,1,0.15,Credit Card,Delivered
ORD005124,2025-08-16,CUST0664,PROD0172,SELL047,3,0.05,COD,Returned
ORD005125,2024-04-26,CUST0579,PROD0007,SELL001,3,0.2,COD,Cancelled
ORD005126,2025-08-21,CUST0711,PROD0116,SELL060,4,0.15,COD,Returned
ORD005127,2024-01-02,CUST0498,PROD0073,SELL030,4,0.1,COD,Cancelled
ORD005128,2025-06-24,CUST0628,PROD0126,SELL014,1,0.1,Net Banking,Returned
ORD005129,2024-07-25,CUST1164,PROD0119,SELL080,3,0.2,Net Banking,Cancelled
ORD005130,2025-12-03,CUST1141,PROD0041,SELL035,4,0.2,COD,Returned
ORD005131,2024-12-13,CUST0190,PROD0027,SELL030,1,0.15,Net Banking,Returned
ORD005132,2024-07-16,CUST1193,PROD0145,SELL049,4,0.2,Credit Card,Delivered
ORD005133,2024-06-26,CUST0543,PROD0165,SELL049,3,0.0,Debit Card,Returned
ORD005134,2025-08-27,CUST0789,PROD0105,SELL006,1,0.15,Credit Card,Delivered
ORD005135,2024-10-21,CUST0946,PROD0007,SELL003,4,0.05,Net Banking,Shipped
ORD005136,2024-09-14,CUST0219,PROD0061,SELL009,2,0.1,Net Banking,Shipped
ORD005137,2025-06-21,CUST1082,PROD0047,SELL037,1,0.15,Net Banking,Delivered
ORD005138,2025-01-27,CUST1146,PROD0164,SELL074,2,0.0,Credit Card,Returned
ORD005139,2025-04-30,CUST1082,PROD0159,SELL026,2,0.1,Net Banking,Delivered
ORD005140,2024-11-21,CUST0548,PROD0148,SELL046,3,0.25,COD,Delivered
ORD005141,2024-02-16,CUST0328,PROD0129,SELL012,2,0.15,UPI,Returned
ORD005142,2024-01-05,CUST0198,PROD0009,SELL073,2,0.1,Net Banking,Delivered
ORD005143,2024-01-29,CUST0636,PROD0012,SELL034,4,0.25,Debit Card,Returned
ORD005144,2025-02-23,CUST0772,PROD0090,SELL017,1,0.1,COD,Delivered
ORD005145,2025-01-10,CUST0615,PROD0112,SELL055,4,0.05,UPI,Delivered
ORD005146,2025-06-30,CUST0992,PROD0103,SELL021,4,0.15,UPI,Delivered
ORD005147,2025-10-15,CUST0661,PROD0093,SELL039,2,0.15,Debit Card,Delivered
ORD005148,2024-05-07,CUST0969,PROD0060,SELL040,1,0.25,COD,Returned
ORD005149,2025-11-30,CUST0149,PROD0091,SELL067,4,0.1,Credit Card,Delivered
ORD005150,2025-11-12,CUST0383,PROD0092,SELL031,1,0.05,Debit Card,Shipped
ORD005151,2025-03-26,CUST0270,PROD0109,SELL054,4,0.15,Net Banking,Shipped
ORD005152,2025-01-22,CUST1048,PROD0030,SELL062,3,0.1,Net Banking,Shipped
ORD005153,2024-05-09,CUST0512,PROD0021,SELL049,1,0.1,UPI,Cancelled
ORD005154,2024-05-10,CUST0787,PROD0077,SELL080,4,0.15,COD,Cancelled
ORD005155,2024-01-14,CUST0166,PROD0092,SELL010,2,0.0,Credit Card,Delivered
ORD005156,2025-04-17,CUST0940,PROD0002,SELL006,3,0.15,Credit Card,Delivered
ORD005157,2024-11-12,CUST0208,PROD0119,SELL011,3,0.1,COD,Delivered
ORD005158,2024-05-20,CUST0792,PROD0040,SELL025,2,0.0,Credit Card,Returned
ORD005159,2024-04-07,CUST0348,PROD0103,SELL007,3,0.0,Net Banking,Shipped
ORD005160,2024-02-16,CUST0554,PROD0153,SELL056,1,0.0,Net Banking,Shipped
ORD005161,2025-04-13,CUST0645,PROD0028,SELL048,4,0.2,COD,Delivered
ORD005162,2025-05-15,CUST0657,PROD0132,SELL007,3,0.2,Credit Card,Shipped
ORD005163,2025-04-06,CUST1143,PROD0154,SELL059,3,0.2,UPI,Delivered
ORD005164,2024-03-21,CUST0557,PROD0109,SELL030,1,0.2,COD,Cancelled
ORD005165,2024-01-31,CUST0856,PROD0001,SELL013,1,0.05,COD,Delivered
ORD005166,2024-03-18,CUST0939,PROD0036,SELL067,2,0.15,Debit Card,Shipped
ORD005167,2025-07-03,CUST1191,PROD0100,SELL059,3,0.15,Debit Card,Delivered
ORD005168,2025-06-24,CUST0132,PROD0104,SELL037,3,0.2,UPI,Shipped
ORD005169,2024-08-03,CUST0152,PROD0022,SELL036,3,0.2,COD,Delivered
ORD005170,2024-02-10,CUST1046,PROD0106,SELL020,2,0.1,Net Banking,Delivered
ORD005171,2024-08-21,CUST0502,PROD0027,SELL021,3,0.2,COD,Delivered
ORD005172,2025-08-14,CUST0111,PROD0174,SELL011,4,0.1,Net Banking,Delivered
ORD005173,2024-04-14,CUST1041,PROD0173,SELL062,3,0.1,Credit Card,Cancelled
ORD005174,2025-08-04,CUST0200,PROD0156,SELL007,2,0.15,Net Banking,Shipped
ORD005175,2024-12-04,CUST1153,PROD0070,SELL009,4,0.0,Credit Card,Returned
ORD005176,2024-04-13,CUST0241,PROD0075,SELL034,3,0.2,Net Banking,Returned
ORD005177,2025-11-13,CUST1040,PROD0009,SELL070,2,0.1,COD,Returned
ORD005178,2025-01-13,CUST0665,PROD0166,SELL001,2,0.15,Credit Card,Delivered
ORD005179,2025-05-05,CUST0841,PROD0064,SELL080,4,0.05,Debit Card,Cancelled
ORD005180,2024-03-11,CUST1015,PROD0055,SELL074,4,0.0,Debit Card,Delivered
ORD005181,2024-09-28,CUST0523,PROD0131,SELL014,2,0.0,Credit Card,Delivered
ORD005182,2025-04-07,CUST0401,PROD0093,SELL044,3,0.05,UPI,Delivered
ORD005183,2025-04-16,CUST0921,PROD0021,SELL071,1,0.05,COD,Delivered
ORD005184,2024-02-16,CUST0411,PROD0166,SELL060,2,0.15,Debit Card,Shipped
ORD005185,2025-03-17,CUST0176,PROD0153,SELL073,1,0.2,COD,Delivered
ORD005186,2025-11-21,CUST0263,PROD0005,SELL066,1,0.15,Debit Card,Delivered
ORD005187,2025-07-28,CUST0418,PROD0094,SELL041,1,0.15,UPI,Delivered
ORD005188,2024-05-31,CUST0553,PROD0077,SELL062,4,0.05,COD,Cancelled
ORD005189,2025-10-29,CUST0794,PROD0179,SELL026,3,0.1,Credit Card,Returned
ORD005190,2025-05-14,CUST0504,PROD0126,SELL048,2,0.05,COD,Delivered
ORD005191,2024-02-11,CUST0380,PROD0065,SELL034,2,0.1,Credit Card,Delivered
ORD005192,2024-04-03,CUST0758,PROD0086,SELL035,4,0.15,Debit Card,Delivered
ORD005193,2025-11-04,CUST0118,PROD0101,SELL059,4,0.1,Net Banking,Delivered
ORD005194,2024-06-02,CUST1166,PROD0141,SELL048,1,0.2,Debit Card,Delivered
ORD005195,2024-03-11,CUST0887,PROD0013,SELL047,2,0.05,Net Banking,Cancelled
ORD005196,2024-11-25,CUST0027,PROD0083,SELL080,3,0.0,COD,Delivered
ORD005197,2025-01-19,CUST0871,PROD0167,SELL034,4,0.2,Debit Card,Delivered
ORD005198,2025-02-22,CUST0810,PROD0079,SELL015,4,0.1,Debit Card,Returned
ORD005199,2025-04-26,CUST1042,PROD0100,SELL078,4,0.15,Credit Card,Cancelled
ORD005200,2025-12-31,CUST0634,PROD0170,SELL069,3,0.15,Credit Card,Delivered
ORD005201,2025-07-09,CUST0223,PROD0055,SELL060,1,0.1,COD,Returned
ORD005202,2024-01-19,CUST0509,PROD0066,SELL074,1,0.0,Net Banking,Cancelled
ORD005203,2024-03-05,CUST0651,PROD0163,SELL040,4,0.0,COD,Delivered
ORD005204,2024-01-01,CUST0022,PROD0151,SELL011,1,0.0,Credit Card,Delivered
ORD005205,2024-10-15,CUST0109,PROD0063,SELL034,4,0.1,COD,Delivered
ORD005206,2024-09-13,CUST1007,PROD0001,SELL080,3,0.05,Credit Card,Shipped
ORD005207,2025-11-13,CUST0808,PROD0145,SELL074,3,0.2,COD,Returned
ORD005208,2024-09-24,CUST0492,PROD0017,SELL056,4,0.15,Net Banking,Cancelled
ORD005209,2024-01-23,CUST0951,PROD0044,SELL045,3,0.15,Credit Card,Shipped
ORD005210,2025-10-08,CUST0154,PROD0021,SELL015,2,0.05,Debit Card,Returned
ORD005211,2024-07-09,CUST0804,PROD0121,SELL007,4,0.0,Credit Card,Returned
ORD005212,2025-10-29,CUST0479,PROD0063,SELL047,3,0.0,Credit Card,Shipped
ORD005213,2025-07-20,CUST0789,PROD0178,SELL059,2,0.15,COD,Returned
ORD005214,2025-10-05,CUST0444,PROD0106,SELL073,4,0.0,COD,Delivered
ORD005215,2025-08-22,CUST1123,PROD0004,SELL038,1,0.1,Credit Card,Delivered
ORD005216,2024-04-14,CUST0784,PROD0108,SELL019,3,0.15,Net Banking,Shipped
ORD005217,2025-04-02,CUST0472,PROD0090,SELL037,2,0.25,UPI,Cancelled
ORD005218,2024-10-28,CUST1138,PROD0163,SELL045,4,0.25,UPI,Shipped
ORD005219,2025-04-04,CUST0694,PROD0006,SELL060,4,0.05,Credit Card,Shipped
ORD005220,2025-06-29,CUST0308,PROD0123,SELL061,1,0.2,Net Banking,Returned
ORD005221,2025-01-01,CUST0084,PROD0164,SELL018,1,0.1,UPI,Delivered
ORD005222,2024-08-16,CUST0758,PROD0116,SELL030,3,0.1,Debit Card,Delivered
ORD005223,2025-10-31,CUST0137,PROD0113,SELL016,2,0.15,UPI,Shipped
ORD005224,2025-04-29,CUST0343,PROD0044,SELL080,3,0.05,Credit Card,Delivered
ORD005225,2025-10-09,CUST1005,PROD0148,SELL038,2,0.1,UPI,Cancelled
ORD005226,2024-06-22,CUST0851,PROD0169,SELL027,2,0.2,UPI,Returned
ORD005227,2025-09-04,CUST0939,PROD0056,SELL029,4,0.15,Debit Card,Cancelled
ORD005228,2024-08-24,CUST0286,PROD0078,SELL071,2,0.1,COD,Delivered
ORD005229,2024-12-02,CUST0591,PROD0158,SELL030,3,0.1,Net Banking,Shipped
ORD005230,2025-09-20,CUST0851,PROD0086,SELL005,2,0.1,Credit Card,Shipped
ORD005231,2024-09-16,CUST0519,PROD0085,SELL050,1,0.1,Debit Card,Delivered
ORD005232,2024-07-02,CUST0431,PROD0163,SELL047,2,0.05,COD,Cancelled
ORD005233,2025-10-31,CUST0294,PROD0138,SELL017,4,0.15,COD,Returned
ORD005234,2025-12-05,CUST1191,PROD0044,SELL009,3,0.0,Net Banking,Shipped
ORD005235,2024-08-15,CUST0905,PROD0040,SELL062,3,0.05,Net Banking,Delivered
ORD005236,2024-08-11,CUST0150,PROD0065,SELL078,2,0.15,Net Banking,Delivered
ORD005237,2024-06-15,CUST0756,PROD0085,SELL023,1,0.05,Net Banking,Cancelled
ORD005238,2024-01-18,CUST0866,PROD0032,SELL060,4,0.0,Net Banking,Delivered
ORD005239,2025-02-08,CUST0275,PROD0114,SELL080,2,0.2,Credit Card,Shipped
ORD005240,2024-07-05,CUST0772,PROD0117,SELL019,3,0.2,UPI,Returned
ORD005241,2025-09-12,CUST0118,PROD0110,SELL008,3,0.2,Net Banking,Delivered
ORD005242,2024-05-05,CUST0480,PROD0098,SELL028,3,0.1,COD,Delivered
ORD005243,2025-04-09,CUST0030,PROD0072,SELL070,2,0.0,COD,Cancelled
ORD005244,2025-01-05,CUST0347,PROD0031,SELL073,4,0.05,Net Banking,Cancelled
ORD005245,2025-03-23,CUST1032,PROD0117,SELL017,2,0.15,COD,Delivered
ORD005246,2024-03-23,CUST0022,PROD0127,SELL021,3,0.1,Credit Card,Delivered
ORD005247,2024-12-07,CUST1079,PROD0065,SELL058,3,0.1,UPI,Delivered
ORD005248,2025-04-02,CUST1052,PROD0087,SELL039,4,0.15,Debit Card,Delivered
ORD005249,2024-09-06,CUST0608,PROD0161,SELL073,1,0.2,Debit Card,Cancelled
ORD005250,2025-10-01,CUST0659,PROD0073,SELL030,3,0.1,UPI,Shipped
ORD005251,2025-01-22,CUST0793,PROD0082,SELL007,1,0.05,UPI,Shipped
ORD005252,2024-09-22,CUST0409,PROD0116,SELL043,4,0.0,COD,Delivered
ORD005253,2024-01-23,CUST0912,PROD0146,SELL050,4,0.15,Net Banking,Shipped
ORD005254,2024-05-03,CUST0836,PROD0129,SELL018,3,0.1,COD,Delivered
ORD005255,2024-12-14,CUST0555,PROD0014,SELL006,4,0.15,Debit Card,Returned
ORD005256,2024-10-19,CUST0754,PROD0122,SELL015,3,0.0,COD,Delivered
ORD005257,2025-09-29,CUST0674,PROD0036,SELL072,1,0.2,COD,Returned
ORD005258,2025-07-28,CUST0107,PROD0067,SELL068,3,0.05,Credit Card,Returned
ORD005259,2024-04-26,CUST0299,PROD0135,SELL080,1,0.15,COD,Cancelled
ORD005260,2025-03-08,CUST0690,PROD0133,SELL033,1,0.1,Credit Card,Shipped
ORD005261,2024-11-28,CUST0062,PROD0048,SELL022,3,0.1,Net Banking,Delivered
ORD005262,2024-03-14,CUST0970,PROD0163,SELL059,3,0.0,Debit Card,Delivered
ORD005263,2025-05-01,CUST0659,PROD0024,SELL077,4,0.1,UPI,Delivered
ORD005264,2025-01-27,CUST0978,PROD0057,SELL001,4,0.0,Debit Card,Delivered
ORD005265,2024-03-04,CUST0632,PROD0009,SELL075,3,0.2,COD,Delivered
ORD005266,2024-12-08,CUST0016,PROD0031,SELL077,1,0.2,COD,Shipped
ORD005267,2025-06-18,CUST0810,PROD0073,SELL035,4,0.15,UPI,Cancelled
ORD005268,2024-08-27,CUST0012,PROD0112,SELL068,4,0.1,UPI,Delivered
ORD005269,2024-09-17,CUST0033,PROD0122,SELL002,4,0.2,Credit Card,Cancelled
ORD005270,2024-03-21,CUST0447,PROD0074,SELL018,3,0.0,Net Banking,Delivered
ORD005271,2024-05-29,CUST0308,PROD0089,SELL019,1,0.05,UPI,Delivered
ORD005272,2025-12-18,CUST0468,PROD0161,SELL057,3,0.1,Debit Card,Delivered
ORD005273,2025-03-29,CUST0257,PROD0122,SELL016,2,0.1,Credit Card,Delivered
ORD005274,2024-05-08,CUST0224,PROD0128,SELL036,4,0.0,UPI,Shipped
ORD005275,2024-12-18,CUST0300,PROD0012,SELL061,3,0.0,UPI,Shipped
ORD005276,2024-05-20,CUST0567,PROD0167,SELL016,2,0.0,Debit Card,Delivered
ORD005277,2024-11-19,CUST0770,PROD0086,SELL078,1,0.05,COD,Delivered
ORD005278,2024-04-16,CUST1189,PROD0071,SELL028,4,0.05,Net Banking,Delivered
ORD005279,2025-03-28,CUST0546,PROD0083,SELL059,2,0.2,Debit Card,Delivered
ORD005280,2025-02-20,CUST0658,PROD0072,SELL073,3,0.25,UPI,Cancelled
ORD005281,2025-04-08,CUST0417,PROD0017,SELL058,2,0.25,UPI,Delivered
ORD005282,2024-11-20,CUST0134,PROD0069,SELL048,2,0.0,Debit Card,Delivered
ORD005283,2024-07-28,CUST0433,PROD0126,SELL074,4,0.15,Credit Card,Cancelled
ORD005284,2024-07-01,CUST1014,PROD0099,SELL002,1,0.1,Debit Card,Delivered
ORD005285,2024-06-06,CUST0296,PROD0005,SELL037,1,0.1,Credit Card,Cancelled
ORD005286,2024-11-09,CUST0785,PROD0125,SELL053,1,0.0,Net Banking,Delivered
ORD005287,2024-11-26,CUST0137,PROD0033,SELL025,4,0.15,Debit Card,Delivered
ORD005288,2025-05-07,CUST0408,PROD0150,SELL021,4,0.2,Debit Card,Delivered
ORD005289,2024-02-08,CUST0852,PROD0067,SELL074,2,0.0,Net Banking,Shipped
ORD005290,2024-07-24,CUST0019,PROD0118,SELL071,2,0.1,Debit Card,Shipped
ORD005291,2025-09-15,CUST0883,PROD0108,SELL068,3,0.0,COD,Delivered
ORD005292,2025-10-31,CUST0113,PROD0139,SELL011,4,0.0,Net Banking,Shipped
ORD005293,2025-11-11,CUST0136,PROD0091,SELL051,4,0.1,Net Banking,Shipped
ORD005294,2024-08-11,CUST0761,PROD0030,SELL054,4,0.15,COD,Cancelled
ORD005295,2024-04-10,CUST1123,PROD0088,SELL068,3,0.05,COD,Delivered
ORD005296,2024-05-24,CUST0640,PROD0174,SELL032,4,0.15,COD,Cancelled
ORD005297,2024-04-06,CUST0827,PROD0173,SELL080,1,0.05,Net Banking,Returned
ORD005298,2025-11-28,CUST0182,PROD0022,SELL054,2,0.0,UPI,Cancelled
ORD005299,2025-10-07,CUST0176,PROD0172,SELL015,1,0.1,Net Banking,Cancelled
ORD005300,2025-08-15,CUST0102,PROD0159,SELL035,4,0.15,UPI,Delivered
ORD005301,2025-06-17,CUST0348,PROD0012,SELL001,1,0.15,Debit Card,Cancelled
ORD005302,2024-09-07,CUST0366,PROD0014,SELL053,1,0.0,Debit Card,Delivered
ORD005303,2024-12-13,CUST0109,PROD0178,SELL045,3,0.15,Debit Card,Delivered
ORD005304,2025-09-07,CUST0151,PROD0038,SELL006,2,0.1,Net Banking,Shipped
ORD005305,2025-08-18,CUST0563,PROD0136,SELL009,2,0.0,Debit Card,Delivered
ORD005306,2025-01-14,CUST0744,PROD0142,SELL021,3,0.15,Net Banking,Returned
ORD005307,2025-09-04,CUST1053,PROD0129,SELL024,2,0.05,Net Banking,Cancelled
ORD005308,2024-09-10,CUST0856,PROD0040,SELL007,4,0.1,Net Banking,Delivered
ORD005309,2024-10-29,CUST0148,PROD0076,SELL046,3,0.1,UPI,Delivered
ORD005310,2025-09-05,CUST0232,PROD0178,SELL029,1,0.0,Net Banking,Delivered
ORD005311,2024-10-02,CUST1159,PROD0041,SELL051,4,0.25,Net Banking,Cancelled
ORD005312,2025-07-03,CUST1119,PROD0007,SELL002,1,0.05,Net Banking,Delivered
ORD005313,2024-11-27,CUST0576,PROD0093,SELL026,3,0.1,COD,Delivered
ORD005314,2024-08-05,CUST0342,PROD0006,SELL031,3,0.1,COD,Shipped
ORD005315,2024-06-08,CUST0741,PROD0089,SELL015,2,0.1,Debit Card,Shipped
ORD005316,2025-03-19,CUST0550,PROD0031,SELL030,4,0.1,Net Banking,Returned
ORD005317,2024-12-16,CUST1018,PROD0099,SELL010,4,0.15,Debit Card,Cancelled
ORD005318,2024-09-27,CUST0640,PROD0017,SELL007,3,0.05,COD,Delivered
ORD005319,2025-06-27,CUST0041,PROD0015,SELL028,3,0.0,Credit Card,Delivered
ORD005320,2024-01-01,CUST0166,PROD0043,SELL020,1,0.1,Net Banking,Returned
ORD005321,2024-03-08,CUST0428,PROD0122,SELL075,4,0.0,Credit Card,Delivered
ORD005322,2025-12-04,CUST0177,PROD0122,SELL044,2,0.0,UPI,Cancelled
ORD005323,2025-04-30,CUST0856,PROD0154,SELL074,3,0.05,Net Banking,Delivered
ORD005324,2025-02-05,CUST0826,PROD0119,SELL024,2,0.1,COD,Delivered
ORD005325,2024-01-11,CUST0997,PROD0070,SELL028,2,0.0,COD,Cancelled
ORD005326,2025-03-13,CUST0356,PROD0159,SELL025,2,0.1,Net Banking,Returned
ORD005327,2024-11-13,CUST0315,PROD0160,SELL049,2,0.0,COD,Shipped
ORD005328,2025-03-14,CUST0811,PROD0135,SELL030,4,0.15,UPI,Shipped
ORD005329,2024-01-30,CUST1069,PROD0166,SELL031,4,0.05,Net Banking,Returned
ORD005330,2025-02-06,CUST0857,PROD0023,SELL009,4,0.1,COD,Delivered
ORD005331,2025-02-26,CUST0959,PROD0092,SELL042,2,0.25,UPI,Returned
ORD005332,2024-07-31,CUST0427,PROD0036,SELL022,3,0.1,Credit Card,Shipped
ORD005333,2024-02-09,CUST0842,PROD0124,SELL024,3,0.1,COD,Delivered
ORD005334,2025-12-11,CUST0743,PROD0155,SELL011,3,0.15,Debit Card,Shipped
ORD005335,2025-06-02,CUST0597,PROD0003,SELL017,1,0.0,COD,Delivered
ORD005336,2025-03-30,CUST0722,PROD0084,SELL025,4,0.25,Credit Card,Shipped
ORD005337,2025-07-14,CUST0875,PROD0009,SELL057,3,0.1,Debit Card,Delivered
ORD005338,2025-05-05,CUST0481,PROD0060,SELL073,2,0.2,Credit Card,Shipped
ORD005339,2024-04-08,CUST0121,PROD0048,SELL069,3,0.25,UPI,Delivered
ORD005340,2024-11-28,CUST1166,PROD0122,SELL014,4,0.1,COD,Shipped
ORD005341,2025-10-11,CUST0011,PROD0135,SELL054,1,0.1,Debit Card,Delivered
ORD005342,2024-07-29,CUST1131,PROD0161,SELL050,1,0.1,Credit Card,Cancelled
ORD005343,2025-12-11,CUST0457,PROD0159,SELL078,3,0.2,Credit Card,Returned
ORD005344,2024-02-17,CUST0166,PROD0037,SELL030,3,0.0,Net Banking,Delivered
ORD005345,2024-08-29,CUST1128,PROD0148,SELL077,1,0.1,Debit Card,Delivered
ORD005346,2024-09-13,CUST0558,PROD0169,SELL052,2,0.25,COD,Returned
ORD005347,2025-03-27,CUST0632,PROD0157,SELL047,1,0.05,Net Banking,Delivered
ORD005348,2024-05-08,CUST0860,PROD0024,SELL060,3,0.0,Net Banking,Delivered
ORD005349,2024-06-16,CUST0358,PROD0033,SELL056,3,0.05,Credit Card,Shipped
ORD005350,2025-04-28,CUST0675,PROD0167,SELL054,2,0.1,Credit Card,Returned
ORD005351,2024-07-27,CUST0837,PROD0155,SELL041,3,0.2,UPI,Delivered
ORD005352,2025-10-04,CUST0032,PROD0142,SELL041,1,0.0,Credit Card,Delivered
ORD005353,2025-09-28,CUST0241,PROD0069,SELL005,1,0.05,Credit Card,Delivered
ORD005354,2024-08-09,CUST0858,PROD0160,SELL025,2,0.25,UPI,Cancelled
ORD005355,2025-02-13,CUST0617,PROD0157,SELL003,2,0.15,UPI,Shipped
ORD005356,2024-08-31,CUST1154,PROD0131,SELL064,3,0.1,Credit Card,Cancelled
ORD005357,2024-09-09,CUST0435,PROD0173,SELL063,1,0.2,Debit Card,Delivered
ORD005358,2025-05-05,CUST0162,PROD0091,SELL009,1,0.05,Debit Card,Shipped
ORD005359,2024-08-02,CUST0604,PROD0026,SELL062,3,0.0,Net Banking,Cancelled
ORD005360,2024-04-19,CUST0199,PROD0010,SELL016,2,0.2,Debit Card,Delivered
ORD005361,2024-07-08,CUST0614,PROD0002,SELL051,4,0.0,UPI,Delivered
ORD005362,2025-11-10,CUST0187,PROD0002,SELL075,2,0.15,Credit Card,Shipped
ORD005363,2024-07-08,CUST0512,PROD0176,SELL064,4,0.05,UPI,Delivered
ORD005364,2024-09-22,CUST0477,PROD0090,SELL017,4,0.1,Net Banking,Delivered
ORD005365,2025-04-04,CUST1028,PROD0019,SELL055,4,0.15,Credit Card,Delivered
ORD005366,2024-03-14,CUST1082,PROD0066,SELL019,3,0.1,UPI,Shipped
ORD005367,2024-07-15,CUST0976,PROD0160,SELL030,2,0.15,Net Banking,Cancelled
ORD005368,2024-05-07,CUST0479,PROD0053,SELL055,2,0.0,Credit Card,Shipped
ORD005369,2025-11-06,CUST0785,PROD0139,SELL048,2,0.1,Credit Card,Delivered
ORD005370,2025-11-12,CUST0331,PROD0017,SELL051,1,0.05,Net Banking,Returned
ORD005371,2025-07-06,CUST0334,PROD0001,SELL005,1,0.1,Debit Card,Returned
ORD005372,2024-06-29,CUST0903,PROD0081,SELL020,2,0.1,Debit Card,Delivered
ORD005373,2025-03-26,CUST1068,PROD0152,SELL072,3,0.15,UPI,Shipped
ORD005374,2025-04-29,CUST0505,PROD0036,SELL050,4,0.0,COD,Shipped
ORD005375,2025-09-27,CUST0814,PROD0004,SELL071,4,0.0,Net Banking,Delivered
ORD005376,2024-04-24,CUST0265,PROD0125,SELL032,4,0.2,Debit Card,Delivered
ORD005377,2025-06-22,CUST1109,PROD0009,SELL018,4,0.2,Credit Card,Cancelled
ORD005378,2024-05-21,CUST0557,PROD0122,SELL077,1,0.05,Debit Card,Delivered
ORD005379,2025-02-19,CUST0153,PROD0123,SELL059,4,0.05,UPI,Delivered
ORD005380,2025-10-04,CUST0283,PROD0112,SELL030,1,0.0,Credit Card,Delivered
ORD005381,2024-02-15,CUST0347,PROD0173,SELL026,4,0.1,Debit Card,Delivered
ORD005382,2024-04-18,CUST0850,PROD0136,SELL052,1,0.0,Net Banking,Delivered
ORD005383,2025-08-17,CUST0842,PROD0041,SELL034,1,0.15,COD,Returned
ORD005384,2024-01-14,CUST0069,PROD0166,SELL046,1,0.15,COD,Delivered
ORD005385,2025-05-15,CUST0654,PROD0135,SELL040,1,0.0,COD,Delivered
ORD005386,2025-01-01,CUST0568,PROD0119,SELL035,4,0.15,UPI,Shipped
ORD005387,2024-09-10,CUST0086,PROD0135,SELL052,1,0.2,Credit Card,Delivered
ORD005388,2025-09-22,CUST0969,PROD0141,SELL017,2,0.1,Credit Card,Delivered
ORD005389,2025-09-12,CUST0753,PROD0001,SELL059,2,0.05,Credit Card,Returned
ORD005390,2024-08-26,CUST1170,PROD0168,SELL035,2,0.15,Net Banking,Delivered
ORD005391,2024-01-04,CUST0680,PROD0037,SELL015,2,0.0,Debit Card,Delivered
ORD005392,2024-04-03,CUST1094,PROD0173,SELL061,4,0.05,Net Banking,Delivered
ORD005393,2024-03-19,CUST0445,PROD0144,SELL002,3,0.05,COD,Delivered
ORD005394,2025-12-19,CUST0743,PROD0058,SELL014,2,0.25,COD,Returned
ORD005395,2025-03-12,CUST1054,PROD0027,SELL033,2,0.0,COD,Returned
ORD005396,2025-05-09,CUST0907,PROD0042,SELL058,4,0.0,Credit Card,Delivered
ORD005397,2024-06-17,CUST0594,PROD0058,SELL040,3,0.15,Net Banking,Shipped
ORD005398,2025-09-13,CUST0329,PROD0133,SELL047,1,0.05,Net Banking,Delivered
ORD005399,2025-06-12,CUST0657,PROD0022,SELL046,1,0.15,Credit Card,Returned
ORD005400,2025-07-03,CUST0441,PROD0098,SELL050,1,0.15,Debit Card,Delivered
ORD005401,2024-12-08,CUST0315,PROD0003,SELL076,2,0.05,Debit Card,Cancelled
ORD005402,2025-05-25,CUST0354,PROD0115,SELL061,2,0.1,Net Banking,Shipped
ORD005403,2025-02-01,CUST0553,PROD0136,SELL034,2,0.1,Debit Card,Delivered
ORD005404,2024-10-08,CUST1061,PROD0161,SELL049,4,0.1,Credit Card,Delivered
ORD005405,2025-03-10,CUST0397,PROD0005,SELL031,4,0.15,COD,Delivered
ORD005406,2024-08-25,CUST0623,PROD0013,SELL008,1,0.15,COD,Delivered
ORD005407,2025-11-27,CUST0420,PROD0162,SELL026,1,0.05,UPI,Delivered
ORD005408,2025-06-08,CUST0883,PROD0036,SELL038,3,0.1,COD,Delivered
ORD005409,2025-06-24,CUST1068,PROD0048,SELL033,4,0.1,Debit Card,Shipped
ORD005410,2025-06-07,CUST0956,PROD0147,SELL052,3,0.05,Credit Card,Shipped
ORD005411,2024-11-23,CUST0183,PROD0023,SELL061,4,0.15,Net Banking,Shipped
ORD005412,2025-11-25,CUST0164,PROD0150,SELL065,3,0.15,Net Banking,Returned
ORD005413,2024-05-31,CUST1025,PROD0028,SELL028,1,0.25,Net Banking,Delivered
ORD005414,2025-02-19,CUST1163,PROD0062,SELL004,3,0.2,UPI,Delivered
ORD005415,2024-02-20,CUST0307,PROD0034,SELL070,1,0.1,Net Banking,Cancelled
ORD005416,2024-08-03,CUST0780,PROD0139,SELL066,2,0.15,Credit Card,Shipped
ORD005417,2025-02-23,CUST0550,PROD0116,SELL075,3,0.1,Debit Card,Delivered
ORD005418,2024-12-23,CUST0964,PROD0126,SELL013,2,0.1,Credit Card,Shipped
ORD005419,2025-11-18,CUST1086,PROD0080,SELL043,2,0.2,Debit Card,Delivered
ORD005420,2025-03-24,CUST0015,PROD0033,SELL006,2,0.05,UPI,Shipped
ORD005421,2024-10-27,CUST0282,PROD0126,SELL005,3,0.15,Credit Card,Shipped
ORD005422,2024-11-07,CUST0595,PROD0152,SELL028,2,0.2,Net Banking,Cancelled
ORD005423,2025-03-23,CUST0918,PROD0046,SELL010,2,0.2,Net Banking,Delivered
ORD005424,2025-08-01,CUST0149,PROD0077,SELL028,2,0.05,Debit Card,Returned
ORD005425,2024-07-21,CUST0629,PROD0028,SELL047,2,0.05,Credit Card,Shipped
ORD005426,2025-03-03,CUST0800,PROD0066,SELL050,3,0.05,Debit Card,Returned
ORD005427,2025-02-24,CUST1199,PROD0039,SELL070,1,0.1,COD,Returned
ORD005428,2024-01-07,CUST0263,PROD0044,SELL006,4,0.25,COD,Delivered
ORD005429,2025-10-29,CUST0417,PROD0159,SELL061,1,0.15,UPI,Returned
ORD005430,2025-02-20,CUST0596,PROD0174,SELL017,1,0.15,Net Banking,Delivered
ORD005431,2024-06-25,CUST0107,PROD0041,SELL069,4,0.2,UPI,Returned
ORD005432,2025-04-08,CUST1108,PROD0075,SELL055,3,0.1,Debit Card,Delivered
ORD005433,2025-05-10,CUST0346,PROD0040,SELL046,1,0.1,Debit Card,Cancelled
ORD005434,2025-10-31,CUST1103,PROD0139,SELL015,2,0.05,UPI,Cancelled
ORD005435,2024-01-25,CUST1123,PROD0081,SELL006,1,0.2,UPI,Returned
ORD005436,2024-10-29,CUST0022,PROD0127,SELL064,1,0.1,COD,Returned
ORD005437,2024-05-11,CUST1090,PROD0096,SELL065,3,0.0,Debit Card,Returned
ORD005438,2025-02-23,CUST0467,PROD0047,SELL033,3,0.15,Net Banking,Cancelled
ORD005439,2025-01-01,CUST0692,PROD0150,SELL002,2,0.1,Credit Card,Shipped
ORD005440,2024-12-13,CUST0541,PROD0148,SELL047,1,0.05,Net Banking,Delivered
ORD005441,2025-12-18,CUST1114,PROD0041,SELL067,1,0.25,Debit Card,Delivered
ORD005442,2025-01-23,CUST0004,PROD0166,SELL059,4,0.25,Debit Card,Returned
ORD005443,2024-10-27,CUST0946,PROD0023,SELL069,2,0.1,Debit Card,Shipped
ORD005444,2024-02-19,CUST0674,PROD0146,SELL034,2,0.15,Net Banking,Returned
ORD005445,2024-07-30,CUST1004,PROD0177,SELL036,1,0.1,UPI,Shipped
ORD005446,2025-10-17,CUST0760,PROD0155,SELL006,1,0.2,Debit Card,Cancelled
ORD005447,2024-11-26,CUST0481,PROD0094,SELL014,3,0.05,UPI,Shipped
ORD005448,2025-10-27,CUST0105,PROD0172,SELL039,3,0.2,COD,Shipped
ORD005449,2025-01-24,CUST0913,PROD0040,SELL030,1,0.05,Debit Card,Delivered
ORD005450,2025-02-04,CUST0992,PROD0104,SELL064,4,0.15,Credit Card,Cancelled
ORD005451,2024-11-10,CUST0073,PROD0120,SELL033,2,0.2,Credit Card,Delivered
ORD005452,2025-02-10,CUST0412,PROD0073,SELL055,1,0.0,Debit Card,Delivered
ORD005453,2024-02-18,CUST0495,PROD0015,SELL031,4,0.1,Net Banking,Delivered
ORD005454,2024-02-12,CUST0157,PROD0098,SELL070,1,0.05,UPI,Delivered
ORD005455,2024-12-13,CUST1173,PROD0170,SELL049,4,0.05,Credit Card,Returned
ORD005456,2025-03-13,CUST0640,PROD0032,SELL004,3,0.0,COD,Returned
ORD005457,2025-02-06,CUST0104,PROD0081,SELL007,4,0.1,Debit Card,Cancelled
ORD005458,2024-11-09,CUST1105,PROD0021,SELL053,2,0.0,COD,Delivered
ORD005459,2024-08-02,CUST0806,PROD0039,SELL021,2,0.0,UPI,Delivered
ORD005460,2025-06-02,CUST0840,PROD0125,SELL011,3,0.0,Debit Card,Delivered
ORD005461,2025-03-18,CUST0415,PROD0056,SELL048,1,0.05,Debit Card,Returned
ORD005462,2024-02-04,CUST0787,PROD0052,SELL033,2,0.05,Credit Card,Cancelled
ORD005463,2024-11-26,CUST0458,PROD0118,SELL075,2,0.1,Credit Card,Delivered
ORD005464,2025-06-03,CUST0123,PROD0166,SELL004,2,0.0,Debit Card,Returned
ORD005465,2025-07-27,CUST0508,PROD0127,SELL075,3,0.0,COD,Returned
ORD005466,2024-07-28,CUST0217,PROD0035,SELL016,1,0.15,UPI,Delivered
ORD005467,2025-11-07,CUST0210,PROD0128,SELL070,2,0.05,Net Banking,Returned
ORD005468,2025-04-21,CUST1187,PROD0076,SELL019,2,0.05,Credit Card,Delivered
ORD005469,2024-11-15,CUST0595,PROD0126,SELL009,2,0.0,UPI,Shipped
ORD005470,2025-04-03,CUST0170,PROD0002,SELL021,2,0.1,Net Banking,Cancelled
ORD005471,2025-09-29,CUST0269,PROD0024,SELL078,4,0.05,UPI,Delivered
ORD005472,2024-06-14,CUST0780,PROD0105,SELL027,1,0.2,Net Banking,Returned
ORD005473,2024-04-19,CUST0127,PROD0100,SELL005,1,0.05,Net Banking,Delivered
ORD005474,2024-11-17,CUST0094,PROD0008,SELL032,4,0.05,Credit Card,Delivered
ORD005475,2024-03-02,CUST0213,PROD0156,SELL072,4,0.15,UPI,Cancelled
ORD005476,2025-09-02,CUST0285,PROD0073,SELL006,2,0.1,Net Banking,Delivered
ORD005477,2025-12-10,CUST0465,PROD0013,SELL046,4,0.05,Net Banking,Delivered
ORD005478,2025-03-18,CUST1086,PROD0045,SELL043,3,0.25,Credit Card,Returned
ORD005479,2025-12-17,CUST0840,PROD0107,SELL048,1,0.05,Credit Card,Cancelled
ORD005480,2024-02-20,CUST1052,PROD0022,SELL007,4,0.1,Net Banking,Shipped
ORD005481,2025-04-07,CUST0960,PROD0162,SELL075,4,0.0,Credit Card,Delivered
ORD005482,2024-11-19,CUST0584,PROD0164,SELL036,4,0.1,Net Banking,Shipped
ORD005483,2024-07-21,CUST1148,PROD0129,SELL004,3,0.15,Credit Card,Delivered
ORD005484,2024-08-15,CUST0751,PROD0141,SELL005,2,0.25,Net Banking,Shipped
ORD005485,2025-02-02,CUST0903,PROD0056,SELL014,2,0.1,Net Banking,Shipped
ORD005486,2025-04-14,CUST1124,PROD0161,SELL003,4,0.15,Debit Card,Delivered
ORD005487,2024-04-29,CUST0113,PROD0122,SELL017,4,0.05,Net Banking,Cancelled
ORD005488,2025-03-25,CUST0014,PROD0052,SELL069,4,0.1,UPI,Returned
ORD005489,2025-11-08,CUST0722,PROD0115,SELL051,3,0.15,Debit Card,Delivered
ORD005490,2024-01-08,CUST0665,PROD0132,SELL050,1,0.2,Net Banking,Delivered
ORD005491,2025-10-04,CUST0934,PROD0041,SELL018,1,0.15,COD,Delivered
ORD005492,2025-03-20,CUST1155,PROD0055,SELL025,1,0.0,UPI,Delivered
ORD005493,2024-09-07,CUST0904,PROD0046,SELL011,3,0.15,COD,Delivered
ORD005494,2025-06-21,CUST1056,PROD0001,SELL080,2,0.0,Debit Card,Shipped
ORD005495,2025-03-27,CUST0636,PROD0021,SELL014,3,0.1,Debit Card,Delivered
ORD005496,2025-07-15,CUST0043,PROD0029,SELL034,2,0.1,Debit Card,Delivered
ORD005497,2024-02-29,CUST0320,PROD0138,SELL053,1,0.05,Credit Card,Shipped
ORD005498,2024-02-13,CUST0252,PROD0114,SELL075,3,0.05,Credit Card,Cancelled
ORD005499,2025-04-14,CUST0670,PROD0145,SELL045,2,0.15,Debit Card,Returned
ORD005500,2024-08-09,CUST0909,PROD0120,SELL019,3,0.1,COD,Delivered
ORD005501,2024-06-23,CUST0525,PROD0099,SELL037,4,0.0,COD,Returned
ORD005502,2024-11-03,CUST0799,PROD0176,SELL021,3,0.2,UPI,Delivered
ORD005503,2025-06-14,CUST1055,PROD0015,SELL053,3,0.15,COD,Cancelled
ORD005504,2024-05-11,CUST0369,PROD0043,SELL061,1,0.15,UPI,Cancelled
ORD005505,2025-12-12,CUST0272,PROD0007,SELL010,2,0.2,COD,Delivered
ORD005506,2024-11-03,CUST0511,PROD0149,SELL018,3,0.2,Debit Card,Shipped
ORD005507,2024-04-20,CUST0643,PROD0175,SELL044,1,0.0,COD,Shipped
ORD005508,2024-02-21,CUST0497,PROD0112,SELL062,2,0.1,Credit Card,Delivered
ORD005509,2025-09-18,CUST0872,PROD0066,SELL026,1,0.25,Net Banking,Delivered
ORD005510,2024-03-23,CUST0402,PROD0008,SELL001,2,0.25,Net Banking,Shipped
ORD005511,2024-11-02,CUST0472,PROD0118,SELL073,1,0.25,Debit Card,Delivered
ORD005512,2025-05-03,CUST0832,PROD0158,SELL079,2,0.15,Credit Card,Delivered
ORD005513,2025-01-10,CUST0565,PROD0173,SELL066,3,0.1,Credit Card,Delivered
ORD005514,2024-07-10,CUST0783,PROD0108,SELL034,3,0.25,Credit Card,Returned
ORD005515,2024-03-19,CUST0386,PROD0032,SELL027,2,0.1,UPI,Shipped
ORD005516,2025-06-04,CUST0706,PROD0129,SELL062,2,0.05,UPI,Returned
ORD005517,2024-12-24,CUST0595,PROD0119,SELL064,1,0.1,COD,Delivered
ORD005518,2024-02-05,CUST1087,PROD0168,SELL008,3,0.15,Net Banking,Delivered
ORD005519,2024-05-12,CUST1055,PROD0118,SELL055,4,0.05,COD,Cancelled
ORD005520,2025-02-15,CUST0850,PROD0036,SELL080,3,0.1,Debit Card,Delivered
ORD005521,2024-05-03,CUST0138,PROD0146,SELL023,1,0.15,Debit Card,Returned
ORD005522,2024-10-13,CUST0981,PROD0096,SELL013,3,0.05,UPI,Returned
ORD005523,2024-04-01,CUST0470,PROD0030,SELL080,2,0.15,Debit Card,Returned
ORD005524,2025-08-05,CUST1047,PROD0006,SELL021,3,0.05,Credit Card,Returned
ORD005525,2025-04-05,CUST0259,PROD0029,SELL062,1,0.1,Credit Card,Delivered
ORD005526,2025-07-27,CUST0039,PROD0175,SELL079,3,0.15,UPI,Shipped
ORD005527,2024-02-08,CUST0853,PROD0130,SELL075,1,0.1,Debit Card,Delivered
ORD005528,2024-10-01,CUST0599,PROD0087,SELL055,3,0.1,COD,Shipped
ORD005529,2024-07-14,CUST0584,PROD0062,SELL026,2,0.0,Credit Card,Cancelled
ORD005530,2025-03-31,CUST0242,PROD0016,SELL022,2,0.1,Debit Card,Delivered
ORD005531,2025-08-23,CUST1024,PROD0067,SELL080,3,0.2,Credit Card,Returned
ORD005532,2024-06-15,CUST0853,PROD0062,SELL050,4,0.15,Debit Card,Shipped
ORD005533,2025-07-16,CUST1083,PROD0058,SELL067,2,0.25,Credit Card,Cancelled
ORD005534,2025-02-28,CUST0085,PROD0110,SELL067,1,0.1,UPI,Cancelled
ORD005535,2025-08-25,CUST0189,PROD0105,SELL077,2,0.15,UPI,Delivered
ORD005536,2024-02-29,CUST0690,PROD0173,SELL019,3,0.15,Debit Card,Delivered
ORD005537,2025-12-25,CUST0301,PROD0162,SELL064,4,0.2,COD,Delivered
ORD005538,2024-11-13,CUST0036,PROD0050,SELL049,3,0.2,Net Banking,Delivered
ORD005539,2024-07-23,CUST1078,PROD0115,SELL001,4,0.15,UPI,Returned
ORD005540,2024-05-13,CUST0044,PROD0007,SELL011,1,0.05,UPI,Returned
ORD005541,2025-12-20,CUST0545,PROD0118,SELL044,4,0.0,Net Banking,Delivered
ORD005542,2025-10-07,CUST1111,PROD0107,SELL067,1,0.0,Credit Card,Delivered
ORD005543,2024-04-05,CUST1043,PROD0003,SELL039,3,0.0,Debit Card,Delivered
ORD005544,2024-11-21,CUST0982,PROD0180,SELL018,2,0.15,Credit Card,Delivered
ORD005545,2025-06-20,CUST0247,PROD0168,SELL027,4,0.05,Net Banking,Delivered
ORD005546,2025-03-07,CUST0842,PROD0051,SELL040,1,0.15,UPI,Returned
ORD005547,2024-05-18,CUST0284,PROD0164,SELL052,2,0.2,Net Banking,Returned
ORD005548,2024-09-20,CUST0326,PROD0004,SELL004,2,0.25,Debit Card,Delivered
ORD005549,2024-09-26,CUST0084,PROD0179,SELL036,2,0.1,COD,Delivered
ORD005550,2024-07-30,CUST0624,PROD0039,SELL032,3,0.15,COD,Cancelled
ORD005551,2025-12-03,CUST0884,PROD0149,SELL043,3,0.15,UPI,Returned
ORD005552,2024-05-28,CUST0486,PROD0042,SELL047,2,0.05,Debit Card,Cancelled
ORD005553,2025-05-31,CUST0669,PROD0068,SELL059,2,0.1,Debit Card,Returned
ORD005554,2025-10-28,CUST0811,PROD0147,SELL044,4,0.2,Debit Card,Cancelled
ORD005555,2025-08-04,CUST0217,PROD0038,SELL046,4,0.05,Debit Card,Shipped
ORD005556,2025-08-07,CUST1190,PROD0101,SELL063,2,0.05,UPI,Delivered
ORD005557,2024-04-26,CUST1181,PROD0095,SELL052,2,0.15,UPI,Cancelled
ORD005558,2024-04-07,CUST0217,PROD0084,SELL040,1,0.15,UPI,Delivered
ORD005559,2025-07-26,CUST1108,PROD0040,SELL076,3,0.2,Credit Card,Delivered
ORD005560,2025-06-29,CUST0631,PROD0006,SELL075,1,0.1,Credit Card,Shipped
ORD005561,2025-06-26,CUST0121,PROD0073,SELL045,4,0.0,COD,Shipped
ORD005562,2024-11-01,CUST0739,PROD0110,SELL039,2,0.05,Net Banking,Delivered
ORD005563,2025-01-17,CUST0227,PROD0002,SELL059,3,0.0,UPI,Delivered
ORD005564,2024-01-12,CUST0586,PROD0100,SELL074,4,0.1,COD,Returned
ORD005565,2024-07-31,CUST0021,PROD0109,SELL076,4,0.05,Credit Card,Returned
ORD005566,2025-01-21,CUST0019,PROD0178,SELL032,1,0.0,UPI,Delivered
ORD005567,2024-04-01,CUST0637,PROD0174,SELL009,2,0.15,UPI,Delivered
ORD005568,2024-04-05,CUST0518,PROD0135,SELL010,2,0.05,UPI,Delivered
ORD005569,2024-02-03,CUST0013,PROD0152,SELL041,1,0.1,UPI,Shipped
ORD005570,2024-06-02,CUST0474,PROD0060,SELL006,2,0.1,UPI,Cancelled
ORD005571,2025-12-26,CUST0599,PROD0043,SELL052,2,0.25,UPI,Cancelled
ORD005572,2025-05-23,CUST0065,PROD0065,SELL071,4,0.05,UPI,Returned
ORD005573,2025-11-24,CUST1050,PROD0139,SELL015,3,0.15,UPI,Returned
ORD005574,2024-07-06,CUST0313,PROD0171,SELL038,2,0.15,COD,Shipped
ORD005575,2025-03-13,CUST0693,PROD0102,SELL019,4,0.25,UPI,Delivered
ORD005576,2025-10-13,CUST0668,PROD0029,SELL066,3,0.15,Net Banking,Shipped
ORD005577,2024-09-14,CUST0875,PROD0066,SELL023,3,0.0,Credit Card,Delivered
ORD005578,2025-04-25,CUST0719,PROD0164,SELL045,3,0.1,Credit Card,Returned
ORD005579,2025-05-21,CUST0585,PROD0180,SELL072,4,0.05,Debit Card,Delivered
ORD005580,2025-08-31,CUST0729,PROD0168,SELL063,2,0.1,Credit Card,Cancelled
ORD005581,2025-12-09,CUST0960,PROD0151,SELL068,1,0.2,Debit Card,Delivered
ORD005582,2025-03-25,CUST0419,PROD0115,SELL004,1,0.0,UPI,Returned
ORD005583,2025-03-01,CUST0125,PROD0072,SELL051,1,0.25,Debit Card,Returned
ORD005584,2025-09-27,CUST0985,PROD0164,SELL059,3,0.15,Net Banking,Delivered
ORD005585,2025-05-15,CUST0315,PROD0160,SELL061,3,0.2,Net Banking,Returned
ORD005586,2024-09-21,CUST0533,PROD0059,SELL012,4,0.1,COD,Delivered
ORD005587,2025-04-05,CUST0302,PROD0122,SELL042,2,0.05,UPI,Delivered
ORD005588,2025-02-05,CUST0127,PROD0094,SELL059,4,0.2,Net Banking,Delivered
ORD005589,2024-06-16,CUST0665,PROD0094,SELL033,4,0.1,Credit Card,Returned
ORD005590,2025-01-12,CUST0570,PROD0158,SELL065,2,0.15,Credit Card,Cancelled
ORD005591,2025-03-31,CUST1170,PROD0001,SELL018,1,0.0,COD,Returned
ORD005592,2025-10-22,CUST0259,PROD0130,SELL057,4,0.1,COD,Cancelled
ORD005593,2025-02-28,CUST0772,PROD0100,SELL002,2,0.05,COD,Delivered
ORD005594,2024-04-30,CUST0344,PROD0100,SELL072,3,0.15,COD,Delivered
ORD005595,2025-12-22,CUST0746,PROD0033,SELL028,3,0.1,Credit Card,Delivered
ORD005596,2025-02-26,CUST0431,PROD0089,SELL028,2,0.1,COD,Delivered
ORD005597,2024-07-28,CUST0586,PROD0115,SELL019,4,0.1,Net Banking,Cancelled
ORD005598,2025-07-05,CUST0262,PROD0057,SELL028,2,0.1,Credit Card,Delivered
ORD005599,2024-10-08,CUST1137,PROD0020,SELL024,2,0.1,Credit Card,Shipped
ORD005600,2024-09-27,CUST0716,PROD0121,SELL027,4,0.15,UPI,Shipped
ORD005601,2025-09-05,CUST0918,PROD0031,SELL010,3,0.1,COD,Cancelled
ORD005602,2025-09-26,CUST1089,PROD0155,SELL018,3,0.05,COD,Returned
ORD005603,2025-01-17,CUST0853,PROD0047,SELL010,4,0.1,Net Banking,Returned
ORD005604,2024-09-29,CUST0459,PROD0139,SELL060,2,0.15,UPI,Cancelled
ORD005605,2025-09-23,CUST0167,PROD0009,SELL007,3,0.05,UPI,Delivered
ORD005606,2024-05-06,CUST0107,PROD0157,SELL016,1,0.05,COD,Delivered
ORD005607,2025-06-30,CUST1126,PROD0028,SELL063,3,0.15,UPI,Shipped
ORD005608,2025-03-02,CUST0232,PROD0096,SELL037,4,0.15,Net Banking,Delivered
ORD005609,2025-09-16,CUST0429,PROD0129,SELL027,3,0.1,COD,Shipped
ORD005610,2024-11-03,CUST0990,PROD0125,SELL057,2,0.1,UPI,Delivered
ORD005611,2025-08-31,CUST0767,PROD0034,SELL018,4,0.1,Net Banking,Delivered
ORD005612,2024-01-12,CUST0310,PROD0003,SELL056,4,0.15,Net Banking,Delivered
ORD005613,2025-07-08,CUST0889,PROD0105,SELL015,2,0.1,Net Banking,Shipped
ORD005614,2024-02-21,CUST1009,PROD0024,SELL031,3,0.15,Credit Card,Delivered
ORD005615,2025-04-14,CUST0263,PROD0105,SELL035,1,0.15,Debit Card,Delivered
ORD005616,2024-05-22,CUST0799,PROD0137,SELL034,3,0.05,COD,Delivered
ORD005617,2025-12-05,CUST0079,PROD0037,SELL006,1,0.15,Debit Card,Delivered
ORD005618,2025-07-16,CUST1090,PROD0136,SELL078,1,0.15,Credit Card,Delivered
ORD005619,2024-03-17,CUST0362,PROD0017,SELL079,3,0.25,COD,Delivered
ORD005620,2025-10-14,CUST0753,PROD0080,SELL021,2,0.05,UPI,Delivered
ORD005621,2024-07-03,CUST0039,PROD0060,SELL003,3,0.0,Debit Card,Delivered
ORD005622,2025-02-02,CUST1044,PROD0145,SELL018,4,0.05,UPI,Cancelled
ORD005623,2024-03-03,CUST0532,PROD0084,SELL048,1,0.1,Credit Card,Shipped
ORD005624,2024-03-18,CUST0774,PROD0099,SELL041,1,0.05,Net Banking,Cancelled
ORD005625,2024-06-25,CUST1134,PROD0119,SELL015,3,0.1,Debit Card,Delivered
ORD005626,2025-01-25,CUST0155,PROD0059,SELL070,4,0.05,Debit Card,Delivered
ORD005627,2025-01-31,CUST0267,PROD0161,SELL037,3,0.15,Debit Card,Returned
ORD005628,2025-09-17,CUST0515,PROD0129,SELL032,3,0.1,Debit Card,Delivered
ORD005629,2024-04-30,CUST0599,PROD0109,SELL025,3,0.15,UPI,Shipped
ORD005630,2025-07-01,CUST0783,PROD0008,SELL014,1,0.15,COD,Delivered
ORD005631,2024-01-05,CUST1008,PROD0020,SELL061,1,0.1,UPI,Delivered
ORD005632,2024-07-31,CUST1043,PROD0084,SELL018,1,0.1,UPI,Delivered
ORD005633,2024-05-07,CUST0958,PROD0016,SELL011,2,0.1,UPI,Delivered
ORD005634,2024-03-31,CUST0422,PROD0085,SELL080,1,0.1,UPI,Shipped
ORD005635,2025-03-03,CUST1192,PROD0150,SELL034,2,0.15,COD,Cancelled
ORD005636,2025-10-20,CUST0304,PROD0168,SELL032,4,0.15,Debit Card,Shipped
ORD005637,2025-05-02,CUST0903,PROD0030,SELL048,1,0.2,Credit Card,Delivered
ORD005638,2025-09-16,CUST1043,PROD0178,SELL068,3,0.05,Credit Card,Shipped
ORD005639,2025-03-08,CUST1160,PROD0072,SELL030,1,0.1,Debit Card,Cancelled
ORD005640,2024-02-09,CUST0408,PROD0114,SELL021,2,0.15,Net Banking,Delivered
ORD005641,2024-09-09,CUST0646,PROD0138,SELL065,4,0.0,COD,Delivered
ORD005642,2025-08-25,CUST0106,PROD0126,SELL038,2,0.15,COD,Cancelled
ORD005643,2024-02-02,CUST0539,PROD0145,SELL013,3,0.15,Debit Card,Returned
ORD005644,2024-03-12,CUST0728,PROD0170,SELL031,4,0.15,Net Banking,Delivered
ORD005645,2025-09-01,CUST1143,PROD0170,SELL032,4,0.0,Credit Card,Shipped
ORD005646,2024-02-16,CUST0458,PROD0096,SELL069,1,0.1,COD,Delivered
ORD005647,2025-12-02,CUST0699,PROD0111,SELL066,4,0.1,Net Banking,Shipped
ORD005648,2025-07-08,CUST0920,PROD0018,SELL019,4,0.0,Net Banking,Delivered
ORD005649,2025-05-01,CUST0042,PROD0139,SELL076,4,0.0,UPI,Delivered
ORD005650,2025-01-27,CUST0379,PROD0066,SELL058,3,0.2,Debit Card,Returned
ORD005651,2024-03-06,CUST0874,PROD0140,SELL064,2,0.25,Credit Card,Returned
ORD005652,2024-10-30,CUST1096,PROD0114,SELL053,4,0.1,COD,Delivered
ORD005653,2025-08-13,CUST0816,PROD0067,SELL039,4,0.15,Net Banking,Shipped
ORD005654,2025-10-22,CUST1160,PROD0006,SELL071,2,0.1,Debit Card,Shipped
ORD005655,2024-11-22,CUST0261,PROD0105,SELL072,4,0.05,Debit Card,Shipped
ORD005656,2025-09-05,CUST0629,PROD0073,SELL011,4,0.1,Credit Card,Cancelled
ORD005657,2025-07-21,CUST0218,PROD0079,SELL039,4,0.1,Credit Card,Returned
ORD005658,2024-02-12,CUST1016,PROD0005,SELL005,2,0.05,COD,Delivered
ORD005659,2025-03-29,CUST0680,PROD0158,SELL029,2,0.05,COD,Returned
ORD005660,2025-03-26,CUST0536,PROD0125,SELL022,2,0.1,Credit Card,Returned
ORD005661,2025-01-31,CUST0706,PROD0003,SELL003,2,0.2,Credit Card,Shipped
ORD005662,2025-07-18,CUST0999,PROD0039,SELL029,3,0.1,Debit Card,Delivered
ORD005663,2025-10-12,CUST0213,PROD0162,SELL045,4,0.1,UPI,Returned
ORD005664,2025-02-06,CUST0506,PROD0121,SELL049,3,0.0,COD,Delivered
ORD005665,2024-08-22,CUST1110,PROD0052,SELL055,2,0.0,UPI,Delivered
ORD005666,2025-12-19,CUST0743,PROD0077,SELL041,3,0.15,Net Banking,Cancelled
ORD005667,2025-12-05,CUST0073,PROD0045,SELL037,1,0.05,Credit Card,Returned
ORD005668,2025-05-16,CUST0146,PROD0158,SELL075,2,0.15,UPI,Delivered
ORD005669,2025-04-13,CUST1100,PROD0044,SELL006,4,0.1,Net Banking,Delivered
ORD005670,2024-03-17,CUST0854,PROD0006,SELL017,2,0.1,UPI,Delivered
ORD005671,2024-10-20,CUST0595,PROD0060,SELL076,4,0.1,COD,Returned
ORD005672,2024-05-24,CUST0797,PROD0139,SELL057,4,0.0,COD,Cancelled
ORD005673,2025-01-11,CUST0188,PROD0011,SELL043,4,0.1,UPI,Delivered
ORD005674,2025-08-26,CUST0735,PROD0141,SELL016,3,0.0,Net Banking,Delivered
ORD005675,2024-06-13,CUST0852,PROD0066,SELL049,1,0.25,UPI,Returned
ORD005676,2025-12-29,CUST0001,PROD0153,SELL041,2,0.0,Credit Card,Shipped
ORD005677,2024-04-04,CUST0374,PROD0047,SELL055,1,0.25,COD,Shipped
ORD005678,2024-03-12,CUST0498,PROD0101,SELL017,2,0.2,UPI,Delivered
ORD005679,2025-12-13,CUST0154,PROD0115,SELL077,4,0.05,Net Banking,Delivered
ORD005680,2024-03-14,CUST0694,PROD0080,SELL010,4,0.0,Net Banking,Delivered
ORD005681,2025-06-21,CUST0360,PROD0011,SELL002,1,0.15,UPI,Delivered
ORD005682,2025-07-12,CUST0422,PROD0045,SELL063,3,0.0,COD,Delivered
ORD005683,2024-08-29,CUST0587,PROD0039,SELL070,2,0.1,Debit Card,Delivered
ORD005684,2024-02-17,CUST0424,PROD0010,SELL077,2,0.05,COD,Shipped
ORD005685,2024-08-13,CUST0062,PROD0041,SELL025,3,0.0,Debit Card,Delivered
ORD005686,2024-02-20,CUST0051,PROD0108,SELL003,1,0.05,Credit Card,Delivered
ORD005687,2025-05-06,CUST0833,PROD0107,SELL080,3,0.25,COD,Shipped
ORD005688,2025-10-11,CUST0072,PROD0008,SELL070,4,0.15,UPI,Delivered
ORD005689,2025-12-29,CUST0101,PROD0118,SELL011,2,0.05,Credit Card,Returned
ORD005690,2025-08-08,CUST0263,PROD0010,SELL080,4,0.1,Debit Card,Delivered
ORD005691,2025-07-20,CUST0151,PROD0173,SELL072,3,0.2,UPI,Delivered
ORD005692,2025-10-06,CUST0648,PROD0067,SELL035,1,0.1,Net Banking,Delivered
ORD005693,2025-07-16,CUST0829,PROD0056,SELL029,4,0.05,Net Banking,Delivered
ORD005694,2025-04-20,CUST0737,PROD0130,SELL049,1,0.2,UPI,Delivered
ORD005695,2025-12-29,CUST0035,PROD0152,SELL056,4,0.0,UPI,Shipped
ORD005696,2024-08-23,CUST0021,PROD0154,SELL040,4,0.0,COD,Delivered
ORD005697,2024-10-28,CUST0261,PROD0065,SELL037,2,0.05,Net Banking,Delivered
ORD005698,2025-10-24,CUST0923,PROD0142,SELL031,4,0.15,COD,Returned
ORD005699,2024-08-15,CUST0224,PROD0111,SELL031,3,0.05,Debit Card,Returned
ORD005700,2024-08-06,CUST0047,PROD0156,SELL042,3,0.05,Credit Card,Cancelled
ORD005701,2024-04-21,CUST1175,PROD0078,SELL034,1,0.0,COD,Cancelled
ORD005702,2024-07-20,CUST0422,PROD0020,SELL020,3,0.25,Net Banking,Shipped
ORD005703,2025-03-09,CUST0858,PROD0031,SELL002,3,0.05,Net Banking,Delivered
ORD005704,2025-10-09,CUST0648,PROD0036,SELL025,1,0.25,Credit Card,Cancelled
ORD005705,2024-04-09,CUST0187,PROD0097,SELL017,3,0.05,UPI,Delivered
ORD005706,2025-05-12,CUST0322,PROD0091,SELL059,3,0.05,UPI,Delivered
ORD005707,2025-07-14,CUST0465,PROD0136,SELL071,1,0.1,Credit Card,Delivered
ORD005708,2025-10-16,CUST0094,PROD0023,SELL069,1,0.05,Credit Card,Delivered
ORD005709,2025-07-02,CUST0987,PROD0138,SELL024,1,0.0,UPI,Delivered
ORD005710,2024-04-23,CUST0728,PROD0076,SELL066,2,0.15,Debit Card,Cancelled
ORD005711,2024-12-23,CUST0054,PROD0031,SELL044,2,0.25,COD,Delivered
ORD005712,2025-11-27,CUST0636,PROD0135,SELL019,3,0.05,Debit Card,Returned
ORD005713,2025-10-26,CUST0005,PROD0013,SELL073,1,0.1,Net Banking,Delivered
ORD005714,2025-03-23,CUST0012,PROD0173,SELL016,3,0.0,Debit Card,Delivered
ORD005715,2025-12-05,CUST0494,PROD0179,SELL064,2,0.25,Debit Card,Returned
ORD005716,2025-05-03,CUST0236,PROD0149,SELL064,4,0.05,Debit Card,Delivered
ORD005717,2024-02-17,CUST0817,PROD0014,SELL023,4,0.1,Debit Card,Delivered
ORD005718,2025-10-30,CUST0752,PROD0097,SELL002,2,0.2,COD,Delivered
ORD005719,2024-05-02,CUST0270,PROD0128,SELL072,3,0.05,Net Banking,Delivered
ORD005720,2024-10-05,CUST0408,PROD0053,SELL022,2,0.15,Net Banking,Delivered
ORD005721,2024-06-23,CUST0828,PROD0080,SELL030,1,0.05,Debit Card,Delivered
ORD005722,2025-06-10,CUST1090,PROD0156,SELL020,3,0.1,COD,Returned
ORD005723,2024-01-22,CUST0574,PROD0050,SELL054,2,0.0,UPI,Cancelled
ORD005724,2025-04-13,CUST0741,PROD0085,SELL037,3,0.05,Net Banking,Shipped
ORD005725,2025-09-23,CUST0248,PROD0029,SELL029,3,0.15,Net Banking,Delivered
ORD005726,2025-07-29,CUST1008,PROD0008,SELL076,4,0.1,Debit Card,Cancelled
ORD005727,2024-08-12,CUST1030,PROD0003,SELL057,2,0.15,UPI,Shipped
ORD005728,2025-10-17,CUST0678,PROD0166,SELL064,1,0.15,COD,Delivered
ORD005729,2024-09-21,CUST0274,PROD0113,SELL028,2,0.15,Net Banking,Delivered
ORD005730,2025-05-12,CUST0014,PROD0129,SELL046,1,0.15,Credit Card,Delivered
ORD005731,2025-01-05,CUST0384,PROD0052,SELL054,3,0.2,COD,Cancelled
ORD005732,2024-02-19,CUST0583,PROD0021,SELL056,1,0.2,Net Banking,Delivered
ORD005733,2024-01-03,CUST0607,PROD0043,SELL062,4,0.05,Debit Card,Delivered
ORD005734,2024-05-13,CUST0924,PROD0105,SELL079,4,0.15,UPI,Cancelled
ORD005735,2025-11-14,CUST0110,PROD0056,SELL030,1,0.2,Credit Card,Returned
ORD005736,2025-11-28,CUST0656,PROD0002,SELL002,1,0.1,Credit Card,Returned
ORD005737,2024-10-26,CUST0642,PROD0140,SELL072,2,0.0,UPI,Delivered
ORD005738,2025-12-09,CUST1140,PROD0032,SELL044,3,0.15,Net Banking,Cancelled
ORD005739,2024-02-06,CUST0662,PROD0144,SELL063,3,0.1,UPI,Shipped
ORD005740,2025-12-08,CUST0374,PROD0031,SELL066,4,0.1,COD,Delivered
ORD005741,2024-06-17,CUST0994,PROD0097,SELL061,1,0.15,Debit Card,Cancelled
ORD005742,2024-01-27,CUST0365,PROD0135,SELL038,1,0.1,Debit Card,Delivered
ORD005743,2025-07-08,CUST1065,PROD0169,SELL011,4,0.0,COD,Delivered
ORD005744,2024-10-06,CUST0741,PROD0047,SELL033,3,0.0,UPI,Returned
ORD005745,2024-08-01,CUST0113,PROD0002,SELL005,2,0.15,Net Banking,Delivered
ORD005746,2025-07-09,CUST0108,PROD0088,SELL002,3,0.1,COD,Delivered
ORD005747,2024-08-31,CUST0082,PROD0174,SELL009,2,0.05,Debit Card,Delivered
ORD005748,2025-07-04,CUST0771,PROD0109,SELL053,3,0.1,COD,Returned
ORD005749,2024-05-22,CUST0293,PROD0058,SELL067,1,0.0,COD,Delivered
ORD005750,2024-03-03,CUST1171,PROD0091,SELL035,4,0.15,Debit Card,Delivered
ORD005751,2024-08-25,CUST0803,PROD0136,SELL076,3,0.15,COD,Delivered
ORD005752,2025-03-21,CUST1173,PROD0163,SELL075,4,0.05,Credit Card,Delivered
ORD005753,2024-06-13,CUST0948,PROD0043,SELL007,4,0.1,Credit Card,Delivered
ORD005754,2024-04-14,CUST0372,PROD0100,SELL025,2,0.05,UPI,Delivered
ORD005755,2025-07-01,CUST0500,PROD0076,SELL001,2,0.15,Credit Card,Delivered
ORD005756,2024-12-26,CUST0392,PROD0015,SELL054,2,0.15,Credit Card,Shipped
ORD005757,2024-11-11,CUST0667,PROD0014,SELL076,1,0.0,Net Banking,Cancelled
ORD005758,2024-06-24,CUST0322,PROD0039,SELL065,2,0.0,Credit Card,Returned
ORD005759,2024-01-13,CUST0885,PROD0091,SELL036,3,0.2,COD,Cancelled
ORD005760,2024-02-08,CUST0378,PROD0159,SELL076,4,0.1,Net Banking,Delivered
ORD005761,2025-05-13,CUST0734,PROD0049,SELL065,1,0.25,COD,Shipped
ORD005762,2024-02-28,CUST0771,PROD0042,SELL047,2,0.1,Credit Card,Delivered
ORD005763,2024-06-29,CUST0314,PROD0124,SELL046,4,0.0,Credit Card,Returned
ORD005764,2025-10-27,CUST0038,PROD0129,SELL057,3,0.1,Credit Card,Delivered
ORD005765,2024-09-08,CUST0839,PROD0111,SELL074,4,0.25,Net Banking,Delivered
ORD005766,2025-06-28,CUST0389,PROD0088,SELL058,3,0.0,UPI,Returned
ORD005767,2024-09-07,CUST0552,PROD0083,SELL036,2,0.1,Credit Card,Shipped
ORD005768,2025-11-12,CUST0770,PROD0085,SELL019,4,0.0,COD,Delivered
ORD005769,2025-08-23,CUST0090,PROD0035,SELL065,1,0.25,UPI,Delivered
ORD005770,2024-12-09,CUST0257,PROD0044,SELL045,2,0.05,Credit Card,Delivered
ORD005771,2025-05-15,CUST1189,PROD0076,SELL040,3,0.1,Debit Card,Delivered
ORD005772,2024-10-29,CUST1047,PROD0155,SELL064,1,0.15,Debit Card,Returned
ORD005773,2025-11-21,CUST0881,PROD0009,SELL046,1,0.15,Debit Card,Shipped
ORD005774,2024-09-18,CUST0825,PROD0048,SELL055,1,0.0,Debit Card,Returned
ORD005775,2025-09-03,CUST0778,PROD0174,SELL006,4,0.1,COD,Shipped
ORD005776,2025-03-26,CUST0924,PROD0120,SELL043,3,0.1,Debit Card,Delivered
ORD005777,2025-04-15,CUST0373,PROD0143,SELL066,1,0.0,COD,Cancelled
ORD005778,2024-09-13,CUST0786,PROD0126,SELL035,2,0.2,COD,Delivered
ORD005779,2025-08-31,CUST0822,PROD0145,SELL037,3,0.05,Credit Card,Shipped
ORD005780,2025-06-29,CUST1146,PROD0023,SELL080,4,0.05,Credit Card,Cancelled
ORD005781,2025-08-18,CUST0182,PROD0092,SELL025,2,0.05,Net Banking,Returned
ORD005782,2025-08-08,CUST0760,PROD0085,SELL016,1,0.25,Debit Card,Delivered
ORD005783,2024-04-25,CUST0162,PROD0113,SELL014,4,0.1,Credit Card,Delivered
ORD005784,2025-10-02,CUST0236,PROD0143,SELL008,2,0.0,Net Banking,Delivered
ORD005785,2025-09-07,CUST0328,PROD0125,SELL034,2,0.25,Net Banking,Shipped
ORD005786,2024-06-26,CUST0950,PROD0076,SELL059,4,0.2,Debit Card,Shipped
ORD005787,2025-12-18,CUST0542,PROD0104,SELL020,1,0.05,Credit Card,Delivered
ORD005788,2025-01-20,CUST0319,PROD0122,SELL018,2,0.0,Credit Card,Delivered
ORD005789,2024-08-23,CUST0422,PROD0081,SELL074,2,0.15,COD,Cancelled
ORD005790,2024-06-12,CUST0572,PROD0174,SELL041,1,0.15,Net Banking,Shipped
ORD005791,2024-09-23,CUST0099,PROD0029,SELL077,4,0.2,Net Banking,Returned
ORD005792,2024-01-28,CUST0994,PROD0029,SELL030,3,0.0,UPI,Returned
ORD005793,2025-05-19,CUST0237,PROD0084,SELL074,2,0.25,UPI,Returned
ORD005794,2025-06-01,CUST0647,PROD0064,SELL063,4,0.0,UPI,Delivered
ORD005795,2025-05-03,CUST0324,PROD0055,SELL022,1,0.1,Credit Card,Shipped
ORD005796,2025-02-05,CUST0701,PROD0005,SELL025,1,0.15,COD,Delivered
ORD005797,2024-09-22,CUST0543,PROD0089,SELL078,1,0.15,Debit Card,Shipped
ORD005798,2025-06-13,CUST0251,PROD0057,SELL068,3,0.1,Net Banking,Delivered
ORD005799,2025-09-28,CUST1181,PROD0009,SELL014,1,0.1,COD,Delivered
ORD005800,2024-03-05,CUST0900,PROD0144,SELL028,1,0.1,Net Banking,Delivered
ORD005801,2024-10-06,CUST0468,PROD0087,SELL051,4,0.0,Net Banking,Delivered
ORD005802,2025-12-28,CUST0950,PROD0146,SELL010,2,0.0,Credit Card,Returned
ORD005803,2025-09-22,CUST0805,PROD0132,SELL008,1,0.2,Debit Card,Shipped
ORD005804,2025-12-27,CUST1142,PROD0044,SELL058,2,0.1,COD,Delivered
ORD005805,2024-05-13,CUST0329,PROD0116,SELL074,1,0.0,Debit Card,Delivered
ORD005806,2024-12-05,CUST0189,PROD0171,SELL018,1,0.1,Debit Card,Delivered
ORD005807,2024-04-05,CUST0934,PROD0016,SELL008,3,0.05,Credit Card,Cancelled
ORD005808,2025-09-25,CUST0751,PROD0081,SELL067,2,0.0,Net Banking,Shipped
ORD005809,2025-01-14,CUST0116,PROD0078,SELL033,2,0.05,Net Banking,Delivered
ORD005810,2024-06-27,CUST0603,PROD0156,SELL069,4,0.15,Debit Card,Delivered
ORD005811,2024-03-07,CUST0213,PROD0166,SELL006,2,0.15,Net Banking,Cancelled
ORD005812,2025-06-23,CUST1054,PROD0030,SELL070,4,0.15,Credit Card,Delivered
ORD005813,2025-08-16,CUST0618,PROD0173,SELL062,2,0.0,COD,Returned
ORD005814,2025-10-04,CUST0109,PROD0057,SELL066,1,0.05,Debit Card,Shipped
ORD005815,2025-12-11,CUST0737,PROD0013,SELL014,3,0.15,Credit Card,Delivered
ORD005816,2025-08-18,CUST0531,PROD0159,SELL019,3,0.0,Credit Card,Delivered
ORD005817,2025-07-28,CUST0901,PROD0044,SELL005,2,0.2,COD,Delivered
ORD005818,2025-08-16,CUST0616,PROD0167,SELL017,4,0.15,Credit Card,Shipped
ORD005819,2025-12-31,CUST0748,PROD0165,SELL048,1,0.15,Debit Card,Returned
ORD005820,2024-12-04,CUST0102,PROD0038,SELL007,1,0.25,UPI,Returned
ORD005821,2025-07-08,CUST1075,PROD0056,SELL036,2,0.1,Credit Card,Cancelled
ORD005822,2025-08-22,CUST0752,PROD0096,SELL024,2,0.05,Credit Card,Shipped
ORD005823,2024-03-26,CUST0841,PROD0068,SELL032,2,0.1,COD,Delivered
ORD005824,2025-05-19,CUST0396,PROD0139,SELL044,2,0.05,Debit Card,Returned
ORD005825,2024-09-04,CUST1181,PROD0074,SELL079,1,0.05,Net Banking,Shipped
ORD005826,2024-04-06,CUST0411,PROD0077,SELL066,2,0.15,COD,Delivered
ORD005827,2024-05-04,CUST0592,PROD0168,SELL034,4,0.1,Debit Card,Delivered
ORD005828,2024-03-24,CUST0261,PROD0008,SELL066,2,0.2,Net Banking,Delivered
ORD005829,2025-10-18,CUST0969,PROD0129,SELL038,1,0.15,UPI,Delivered
ORD005830,2025-07-18,CUST0716,PROD0148,SELL042,3,0.1,Credit Card,Cancelled
ORD005831,2024-03-15,CUST0891,PROD0038,SELL031,4,0.05,UPI,Returned
ORD005832,2025-04-02,CUST0756,PROD0178,SELL039,1,0.05,COD,Returned
ORD005833,2025-04-27,CUST0237,PROD0007,SELL049,2,0.25,Net Banking,Delivered
ORD005834,2025-01-14,CUST0653,PROD0023,SELL011,1,0.15,Credit Card,Cancelled
ORD005835,2025-03-19,CUST0935,PROD0049,SELL016,2,0.15,COD,Shipped
ORD005836,2025-10-25,CUST1000,PROD0005,SELL046,4,0.1,Net Banking,Delivered
ORD005837,2025-01-14,CUST0193,PROD0055,SELL046,1,0.15,Debit Card,Delivered
ORD005838,2025-04-27,CUST0134,PROD0082,SELL076,1,0.0,UPI,Cancelled
ORD005839,2025-02-21,CUST0554,PROD0160,SELL001,1,0.1,Debit Card,Delivered
ORD005840,2024-10-16,CUST0873,PROD0144,SELL060,4,0.0,UPI,Delivered
ORD005841,2025-10-13,CUST0167,PROD0053,SELL074,2,0.1,UPI,Delivered
ORD005842,2024-10-29,CUST0831,PROD0173,SELL067,4,0.05,UPI,Returned
ORD005843,2025-08-07,CUST0904,PROD0066,SELL056,4,0.0,Debit Card,Cancelled
ORD005844,2025-03-18,CUST0292,PROD0028,SELL039,3,0.15,COD,Shipped
ORD005845,2025-05-15,CUST0313,PROD0071,SELL072,3,0.1,Net Banking,Delivered
ORD005846,2025-07-09,CUST0613,PROD0111,SELL057,4,0.15,Debit Card,Returned
ORD005847,2025-06-21,CUST0231,PROD0022,SELL003,2,0.1,UPI,Shipped
ORD005848,2025-02-16,CUST0055,PROD0052,SELL007,1,0.2,Debit Card,Returned
ORD005849,2025-03-25,CUST1005,PROD0029,SELL047,4,0.15,Credit Card,Delivered
ORD005850,2025-01-06,CUST0575,PROD0020,SELL014,3,0.2,Net Banking,Delivered
ORD005851,2024-09-04,CUST0592,PROD0161,SELL076,4,0.1,COD,Delivered
ORD005852,2025-06-15,CUST0358,PROD0065,SELL029,1,0.05,Debit Card,Delivered
ORD005853,2025-10-04,CUST0207,PROD0160,SELL045,4,0.0,UPI,Returned
ORD005854,2025-05-30,CUST0578,PROD0112,SELL043,1,0.0,UPI,Shipped
ORD005855,2025-07-18,CUST0633,PROD0055,SELL042,2,0.1,UPI,Delivered
ORD005856,2025-08-29,CUST0030,PROD0072,SELL007,1,0.0,Debit Card,Delivered
ORD005857,2024-09-25,CUST0539,PROD0078,SELL053,3,0.2,COD,Delivered
ORD005858,2024-02-15,CUST1046,PROD0093,SELL072,3,0.15,Net Banking,Delivered
ORD005859,2024-09-03,CUST0152,PROD0021,SELL042,3,0.1,Debit Card,Returned
ORD005860,2025-07-05,CUST0286,PROD0129,SELL045,1,0.25,Credit Card,Delivered
ORD005861,2025-08-19,CUST0279,PROD0089,SELL005,1,0.1,UPI,Cancelled
ORD005862,2025-01-10,CUST0220,PROD0098,SELL025,4,0.0,UPI,Cancelled
ORD005863,2025-07-23,CUST0806,PROD0001,SELL051,1,0.05,Credit Card,Cancelled
ORD005864,2024-02-24,CUST0836,PROD0021,SELL041,2,0.15,Net Banking,Delivered
ORD005865,2025-04-15,CUST0748,PROD0010,SELL023,3,0.15,UPI,Cancelled
ORD005866,2025-05-11,CUST0613,PROD0177,SELL010,1,0.05,Net Banking,Delivered
ORD005867,2025-01-06,CUST0005,PROD0147,SELL027,2,0.0,Credit Card,Delivered
ORD005868,2025-06-07,CUST1014,PROD0094,SELL075,2,0.2,Credit Card,Delivered
ORD005869,2024-12-25,CUST1091,PROD0113,SELL062,4,0.0,Net Banking,Delivered
ORD005870,2025-01-17,CUST0232,PROD0081,SELL024,2,0.05,COD,Delivered
ORD005871,2025-03-17,CUST1183,PROD0039,SELL002,4,0.1,Net Banking,Delivered
ORD005872,2025-08-03,CUST0432,PROD0176,SELL003,1,0.15,UPI,Delivered
ORD005873,2024-06-30,CUST0966,PROD0089,SELL062,1,0.05,COD,Delivered
ORD005874,2024-08-07,CUST0383,PROD0137,SELL052,1,0.0,UPI,Delivered
ORD005875,2024-11-02,CUST0930,PROD0101,SELL046,2,0.0,UPI,Delivered
ORD005876,2024-05-27,CUST0335,PROD0102,SELL053,2,0.1,UPI,Delivered
ORD005877,2024-09-01,CUST1176,PROD0005,SELL009,2,0.1,Debit Card,Returned
ORD005878,2024-09-13,CUST0373,PROD0110,SELL077,1,0.1,Credit Card,Delivered
ORD005879,2024-08-17,CUST1011,PROD0010,SELL013,2,0.2,Credit Card,Cancelled
ORD005880,2024-10-26,CUST0861,PROD0045,SELL045,1,0.2,COD,Shipped
ORD005881,2025-01-03,CUST0392,PROD0134,SELL061,3,0.25,COD,Delivered
ORD005882,2025-05-23,CUST0265,PROD0168,SELL016,4,0.15,Debit Card,Delivered
ORD005883,2024-08-09,CUST0492,PROD0019,SELL017,2,0.25,UPI,Cancelled
ORD005884,2025-09-10,CUST0910,PROD0088,SELL040,3,0.25,Credit Card,Cancelled
ORD005885,2024-12-16,CUST0337,PROD0170,SELL061,4,0.25,Net Banking,Delivered
ORD005886,2025-06-10,CUST0354,PROD0004,SELL025,2,0.15,Credit Card,Delivered
ORD005887,2024-03-24,CUST0014,PROD0021,SELL032,1,0.0,UPI,Delivered
ORD005888,2024-05-07,CUST0366,PROD0027,SELL021,4,0.15,UPI,Returned
ORD005889,2024-11-27,CUST0729,PROD0089,SELL076,2,0.15,Net Banking,Delivered
ORD005890,2024-09-24,CUST0079,PROD0065,SELL029,4,0.0,Debit Card,Delivered
ORD005891,2024-12-28,CUST1084,PROD0010,SELL061,4,0.0,COD,Returned
ORD005892,2024-04-25,CUST0050,PROD0028,SELL012,1,0.0,UPI,Cancelled
ORD005893,2024-12-12,CUST0675,PROD0174,SELL042,1,0.1,Debit Card,Delivered
ORD005894,2025-05-16,CUST0019,PROD0170,SELL017,3,0.15,Credit Card,Cancelled
ORD005895,2025-06-16,CUST0571,PROD0060,SELL007,3,0.1,Credit Card,Returned
ORD005896,2024-06-30,CUST0963,PROD0073,SELL075,4,0.1,Credit Card,Delivered
ORD005897,2024-09-08,CUST0961,PROD0150,SELL011,3,0.15,UPI,Shipped
ORD005898,2025-01-19,CUST0115,PROD0084,SELL058,3,0.15,COD,Shipped
ORD005899,2025-01-13,CUST1153,PROD0147,SELL005,4,0.15,Net Banking,Returned
ORD005900,2025-08-01,CUST0306,PROD0104,SELL056,2,0.0,COD,Shipped
ORD005901,2024-10-12,CUST0043,PROD0026,SELL004,4,0.15,COD,Cancelled
ORD005902,2025-05-05,CUST0588,PROD0163,SELL032,3,0.15,Net Banking,Cancelled
ORD005903,2025-10-08,CUST0241,PROD0075,SELL011,1,0.2,UPI,Delivered
ORD005904,2024-08-06,CUST0944,PROD0130,SELL005,1,0.1,Credit Card,Delivered
ORD005905,2025-08-24,CUST0922,PROD0090,SELL077,1,0.15,Net Banking,Delivered
ORD005906,2024-08-31,CUST0953,PROD0072,SELL049,4,0.2,Debit Card,Cancelled
ORD005907,2024-09-01,CUST0696,PROD0140,SELL037,4,0.25,Debit Card,Returned
ORD005908,2025-04-22,CUST0292,PROD0105,SELL060,1,0.15,Net Banking,Delivered
ORD005909,2025-03-30,CUST0253,PROD0030,SELL025,4,0.05,Credit Card,Shipped
ORD005910,2025-02-05,CUST1090,PROD0048,SELL013,4,0.1,Net Banking,Cancelled
ORD005911,2024-06-18,CUST1011,PROD0168,SELL074,4,0.2,COD,Returned
ORD005912,2024-03-11,CUST0037,PROD0159,SELL009,1,0.0,COD,Delivered
ORD005913,2025-10-26,CUST0067,PROD0044,SELL018,2,0.1,UPI,Delivered
ORD005914,2025-09-30,CUST0379,PROD0093,SELL056,1,0.0,Debit Card,Shipped
ORD005915,2025-10-10,CUST1072,PROD0122,SELL037,3,0.15,Net Banking,Cancelled
ORD005916,2025-01-09,CUST0878,PROD0059,SELL014,1,0.05,Debit Card,Delivered
ORD005917,2025-10-08,CUST0767,PROD0111,SELL037,4,0.0,Net Banking,Delivered
ORD005918,2024-12-12,CUST0620,PROD0130,SELL076,4,0.1,UPI,Shipped
ORD005919,2024-02-25,CUST0422,PROD0029,SELL078,1,0.05,Net Banking,Returned
ORD005920,2024-05-25,CUST0453,PROD0008,SELL047,1,0.1,Debit Card,Delivered
ORD005921,2024-07-18,CUST0242,PROD0007,SELL014,1,0.2,COD,Delivered
ORD005922,2024-10-02,CUST1124,PROD0146,SELL025,1,0.15,Debit Card,Shipped
ORD005923,2025-11-17,CUST0188,PROD0168,SELL014,3,0.1,COD,Delivered
ORD005924,2024-08-31,CUST1053,PROD0009,SELL073,4,0.0,Debit Card,Delivered
ORD005925,2025-03-23,CUST0186,PROD0032,SELL080,1,0.0,Debit Card,Delivered
ORD005926,2024-07-16,CUST0872,PROD0034,SELL066,3,0.25,Debit Card,Delivered
ORD005927,2025-04-15,CUST0194,PROD0035,SELL054,1,0.1,COD,Delivered
ORD005928,2025-02-18,CUST0002,PROD0035,SELL076,1,0.1,Credit Card,Delivered
ORD005929,2024-04-19,CUST0784,PROD0165,SELL007,4,0.25,Net Banking,Delivered
ORD005930,2024-12-03,CUST0428,PROD0067,SELL051,3,0.05,Net Banking,Cancelled
ORD005931,2024-03-18,CUST0643,PROD0042,SELL025,1,0.15,Credit Card,Delivered
ORD005932,2025-10-12,CUST1197,PROD0077,SELL076,1,0.05,Net Banking,Cancelled
ORD005933,2025-05-29,CUST0554,PROD0076,SELL051,2,0.1,Debit Card,Delivered
ORD005934,2025-11-19,CUST0112,PROD0045,SELL009,2,0.05,COD,Delivered
ORD005935,2025-10-02,CUST0460,PROD0097,SELL007,2,0.15,Credit Card,Delivered
ORD005936,2024-06-09,CUST0516,PROD0026,SELL065,1,0.1,UPI,Delivered
ORD005937,2025-05-31,CUST1143,PROD0084,SELL038,1,0.2,Debit Card,Shipped
ORD005938,2024-03-14,CUST0973,PROD0156,SELL034,4,0.15,Credit Card,Cancelled
ORD005939,2025-12-03,CUST0321,PROD0169,SELL016,3,0.0,COD,Delivered
ORD005940,2025-07-28,CUST1030,PROD0148,SELL012,3,0.05,Net Banking,Shipped
ORD005941,2025-05-12,CUST0019,PROD0031,SELL047,4,0.15,UPI,Returned
ORD005942,2025-12-28,CUST0076,PROD0013,SELL079,4,0.0,Net Banking,Shipped
ORD005943,2025-09-11,CUST0505,PROD0142,SELL008,2,0.15,Credit Card,Shipped
ORD005944,2025-09-23,CUST0469,PROD0009,SELL064,3,0.05,UPI,Delivered
ORD005945,2024-03-14,CUST0990,PROD0063,SELL011,3,0.15,Credit Card,Delivered
ORD005946,2024-01-18,CUST0738,PROD0131,SELL068,1,0.2,Credit Card,Returned
ORD005947,2025-12-03,CUST1105,PROD0103,SELL070,4,0.15,Credit Card,Cancelled
ORD005948,2024-07-02,CUST0028,PROD0122,SELL067,2,0.15,COD,Delivered
ORD005949,2024-11-07,CUST0119,PROD0032,SELL071,3,0.0,COD,Shipped
ORD005950,2024-02-01,CUST0603,PROD0083,SELL060,1,0.0,COD,Cancelled
ORD005951,2025-03-31,CUST0711,PROD0167,SELL076,4,0.05,Debit Card,Delivered
ORD005952,2025-08-22,CUST0228,PROD0005,SELL073,3,0.0,Net Banking,Shipped
ORD005953,2025-09-07,CUST0892,PROD0009,SELL027,3,0.0,Net Banking,Returned
ORD005954,2025-03-01,CUST0182,PROD0124,SELL037,3,0.15,Debit Card,Shipped
ORD005955,2025-04-28,CUST0983,PROD0170,SELL017,3,0.15,COD,Delivered
ORD005956,2025-01-10,CUST0455,PROD0104,SELL052,3,0.1,Debit Card,Delivered
ORD005957,2024-11-22,CUST0667,PROD0173,SELL049,3,0.0,COD,Cancelled
ORD005958,2025-02-09,CUST1096,PROD0125,SELL063,1,0.0,Debit Card,Delivered
ORD005959,2025-11-15,CUST0234,PROD0125,SELL057,2,0.15,Credit Card,Delivered
ORD005960,2024-07-03,CUST1082,PROD0043,SELL042,4,0.1,Net Banking,Delivered
ORD005961,2024-12-09,CUST0351,PROD0122,SELL068,1,0.15,Credit Card,Returned
ORD005962,2025-03-15,CUST0302,PROD0129,SELL023,2,0.05,COD,Delivered
ORD005963,2025-02-20,CUST0442,PROD0099,SELL035,4,0.2,Credit Card,Delivered
ORD005964,2024-01-23,CUST0574,PROD0024,SELL072,1,0.1,Debit Card,Delivered
ORD005965,2024-07-29,CUST0935,PROD0059,SELL020,2,0.2,Net Banking,Cancelled
ORD005966,2025-04-17,CUST0099,PROD0026,SELL041,4,0.05,Net Banking,Delivered
ORD005967,2025-05-22,CUST0757,PROD0017,SELL031,2,0.1,Credit Card,Delivered
ORD005968,2025-06-20,CUST1013,PROD0005,SELL076,4,0.1,Net Banking,Cancelled
ORD005969,2025-12-25,CUST0567,PROD0136,SELL065,2,0.05,Net Banking,Delivered
ORD005970,2025-05-06,CUST0745,PROD0045,SELL023,2,0.15,Net Banking,Returned
ORD005971,2025-02-27,CUST0238,PROD0065,SELL075,2,0.1,UPI,Shipped
ORD005972,2024-08-30,CUST0401,PROD0008,SELL034,4,0.05,Net Banking,Delivered
ORD005973,2024-09-27,CUST1147,PROD0092,SELL027,1,0.1,UPI,Delivered
ORD005974,2025-08-26,CUST0831,PROD0143,SELL041,2,0.1,Debit Card,Delivered
ORD005975,2024-12-08,CUST0932,PROD0002,SELL064,3,0.2,Net Banking,Returned
ORD005976,2025-06-07,CUST0757,PROD0003,SELL001,1,0.15,Net Banking,Returned
ORD005977,2024-03-31,CUST0668,PROD0115,SELL015,3,0.05,Credit Card,Returned
ORD005978,2024-04-03,CUST0958,PROD0094,SELL024,4,0.0,UPI,Cancelled
ORD005979,2024-06-06,CUST0449,PROD0061,SELL054,2,0.15,UPI,Returned
ORD005980,2024-05-22,CUST0917,PROD0061,SELL009,3,0.15,Credit Card,Returned
ORD005981,2025-03-19,CUST0949,PROD0075,SELL031,2,0.05,Debit Card,Cancelled
ORD005982,2025-04-10,CUST0534,PROD0162,SELL061,2,0.2,Debit Card,Cancelled
ORD005983,2025-02-11,CUST0237,PROD0105,SELL076,3,0.05,Credit Card,Returned
ORD005984,2024-07-30,CUST0261,PROD0150,SELL042,1,0.1,Credit Card,Delivered
ORD005985,2025-02-25,CUST0363,PROD0103,SELL076,1,0.05,COD,Shipped
ORD005986,2024-03-28,CUST0709,PROD0040,SELL021,2,0.1,Credit Card,Returned
ORD005987,2024-12-11,CUST0320,PROD0161,SELL068,3,0.15,Debit Card,Shipped
ORD005988,2024-04-23,CUST0521,PROD0047,SELL070,2,0.1,Net Banking,Returned
ORD005989,2024-02-26,CUST0521,PROD0127,SELL033,3,0.1,Net Banking,Delivered
ORD005990,2024-05-01,CUST0318,PROD0154,SELL053,2,0.1,Debit Card,Cancelled
ORD005991,2024-03-22,CUST0866,PROD0149,SELL024,3,0.15,Credit Card,Shipped
ORD005992,2024-12-15,CUST0187,PROD0161,SELL035,4,0.05,UPI,Cancelled
ORD005993,2025-02-02,CUST0155,PROD0147,SELL046,2,0.1,Debit Card,Delivered
ORD005994,2025-03-19,CUST0735,PROD0162,SELL004,1,0.05,Net Banking,Delivered
ORD005995,2024-11-17,CUST0921,PROD0133,SELL078,4,0.0,Net Banking,Returned
ORD005996,2024-05-08,CUST1034,PROD0127,SELL049,2,0.15,COD,Delivered
ORD005997,2024-01-16,CUST0791,PROD0158,SELL036,4,0.1,UPI,Shipped
ORD005998,2025-06-04,CUST0500,PROD0089,SELL010,3,0.15,Credit Card,Returned
ORD005999,2025-12-19,CUST1183,PROD0044,SELL057,1,0.0,COD,Cancelled
ORD006000,2024-07-24,CUST0965,PROD0115,SELL063,4,0.15,Net Banking,Shipped
ORD006001,2024-05-29,CUST0532,PROD0140,SELL024,2,0.1,Credit Card,Delivered
ORD006002,2024-08-15,CUST0629,PROD0131,SELL002,1,0.1,Credit Card,Returned
ORD006003,2024-06-05,CUST0105,PROD0077,SELL005,4,0.0,Net Banking,Delivered
ORD006004,2024-06-12,CUST0097,PROD0129,SELL035,4,0.1,UPI,Delivered
ORD006005,2024-12-27,CUST0278,PROD0155,SELL047,2,0.15,UPI,Cancelled
ORD006006,2025-07-27,CUST0291,PROD0052,SELL056,3,0.15,Credit Card,Delivered
ORD006007,2025-06-04,CUST0073,PROD0155,SELL059,3,0.05,Debit Card,Delivered
ORD006008,2025-12-02,CUST0330,PROD0118,SELL031,4,0.1,Credit Card,Delivered
ORD006009,2024-09-18,CUST1005,PROD0071,SELL016,4,0.15,Credit Card,Cancelled
ORD006010,2024-12-26,CUST1037,PROD0164,SELL065,1,0.15,Debit Card,Delivered
ORD006011,2024-10-05,CUST0676,PROD0065,SELL074,4,0.15,Debit Card,Delivered
ORD006012,2024-01-31,CUST1092,PROD0025,SELL024,3,0.05,UPI,Shipped
ORD006013,2024-10-10,CUST0616,PROD0163,SELL038,1,0.15,Net Banking,Returned
ORD006014,2024-07-09,CUST0351,PROD0174,SELL046,4,0.15,Net Banking,Returned
ORD006015,2024-12-15,CUST0239,PROD0062,SELL074,2,0.15,Debit Card,Shipped
ORD006016,2024-04-25,CUST1095,PROD0061,SELL004,4,0.05,Credit Card,Delivered
ORD006017,2025-06-26,CUST0862,PROD0009,SELL011,1,0.25,Debit Card,Delivered
ORD006018,2025-09-08,CUST0995,PROD0115,SELL037,4,0.0,Credit Card,Shipped
ORD006019,2025-12-03,CUST0783,PROD0002,SELL026,4,0.15,UPI,Returned
ORD006020,2024-03-03,CUST0775,PROD0106,SELL074,2,0.1,Net Banking,Delivered
ORD006021,2024-03-26,CUST0189,PROD0119,SELL070,1,0.1,Net Banking,Returned
ORD006022,2025-12-07,CUST0195,PROD0157,SELL033,1,0.1,Debit Card,Shipped
ORD006023,2025-09-12,CUST0186,PROD0079,SELL023,4,0.2,Credit Card,Cancelled
ORD006024,2025-03-06,CUST0037,PROD0086,SELL019,3,0.05,Credit Card,Returned
ORD006025,2024-08-23,CUST0912,PROD0070,SELL012,1,0.0,UPI,Delivered
ORD006026,2025-01-13,CUST0055,PROD0119,SELL017,2,0.1,Debit Card,Returned
ORD006027,2025-01-26,CUST0037,PROD0070,SELL077,2,0.2,Credit Card,Cancelled
ORD006028,2025-09-11,CUST0993,PROD0062,SELL016,2,0.0,UPI,Delivered
ORD006029,2025-01-21,CUST0910,PROD0017,SELL057,4,0.1,Credit Card,Cancelled
ORD006030,2024-01-21,CUST0541,PROD0005,SELL010,1,0.0,Net Banking,Delivered
ORD006031,2025-05-26,CUST0051,PROD0171,SELL033,2,0.15,Credit Card,Delivered
ORD006032,2025-07-22,CUST1180,PROD0051,SELL024,1,0.2,UPI,Returned
ORD006033,2024-08-05,CUST0246,PROD0134,SELL012,3,0.2,Credit Card,Cancelled
ORD006034,2024-03-26,CUST0353,PROD0106,SELL011,2,0.0,Net Banking,Returned
ORD006035,2024-04-13,CUST1099,PROD0135,SELL039,3,0.1,Debit Card,Delivered
ORD006036,2025-09-06,CUST0663,PROD0079,SELL069,1,0.1,Debit Card,Returned
ORD006037,2024-11-23,CUST1018,PROD0130,SELL024,2,0.15,Debit Card,Delivered
ORD006038,2025-01-21,CUST1116,PROD0045,SELL039,4,0.0,Credit Card,Delivered
ORD006039,2025-12-03,CUST0929,PROD0024,SELL028,4,0.0,Debit Card,Delivered
ORD006040,2024-02-14,CUST1079,PROD0156,SELL016,1,0.05,COD,Cancelled
ORD006041,2024-05-30,CUST0474,PROD0131,SELL048,3,0.0,Debit Card,Delivered
ORD006042,2025-09-01,CUST0148,PROD0135,SELL031,4,0.0,Debit Card,Returned
ORD006043,2025-01-29,CUST0427,PROD0021,SELL005,3,0.0,Credit Card,Delivered
ORD006044,2024-01-20,CUST0359,PROD0013,SELL018,1,0.15,UPI,Delivered
ORD006045,2025-05-28,CUST1128,PROD0013,SELL046,3,0.0,Net Banking,Shipped
ORD006046,2024-04-11,CUST0160,PROD0099,SELL003,4,0.05,Credit Card,Delivered
ORD006047,2025-07-25,CUST1003,PROD0159,SELL059,1,0.15,UPI,Shipped
ORD006048,2025-08-06,CUST0860,PROD0156,SELL062,1,0.0,UPI,Delivered
ORD006049,2025-08-25,CUST0751,PROD0042,SELL075,4,0.25,Debit Card,Delivered
ORD006050,2024-12-05,CUST0990,PROD0034,SELL028,4,0.1,COD,Delivered
ORD006051,2024-07-14,CUST0794,PROD0093,SELL012,1,0.2,Credit Card,Delivered
ORD006052,2025-10-06,CUST0320,PROD0173,SELL030,4,0.0,Net Banking,Delivered
ORD006053,2025-02-12,CUST1141,PROD0146,SELL039,3,0.15,UPI,Cancelled
ORD006054,2025-04-09,CUST0525,PROD0153,SELL080,4,0.0,COD,Delivered
ORD006055,2024-04-09,CUST0425,PROD0054,SELL077,3,0.15,UPI,Delivered
ORD006056,2025-03-31,CUST0262,PROD0117,SELL035,4,0.05,COD,Shipped
ORD006057,2025-02-28,CUST0195,PROD0119,SELL013,4,0.0,COD,Shipped
ORD006058,2024-08-01,CUST0639,PROD0178,SELL062,1,0.25,Net Banking,Delivered
ORD006059,2025-07-14,CUST0777,PROD0022,SELL030,2,0.0,Credit Card,Delivered
ORD006060,2024-04-07,CUST0288,PROD0065,SELL004,3,0.0,Debit Card,Delivered
ORD006061,2025-06-09,CUST0388,PROD0022,SELL006,3,0.0,COD,Delivered
ORD006062,2025-12-03,CUST0541,PROD0009,SELL041,2,0.25,COD,Delivered
ORD006063,2025-02-18,CUST0102,PROD0092,SELL080,3,0.05,Net Banking,Returned
ORD006064,2024-03-17,CUST0253,PROD0105,SELL055,4,0.15,UPI,Delivered
ORD006065,2025-02-08,CUST0487,PROD0130,SELL019,2,0.1,COD,Cancelled
ORD006066,2025-01-21,CUST0702,PROD0127,SELL030,3,0.1,Debit Card,Delivered
ORD006067,2025-02-07,CUST1032,PROD0004,SELL003,2,0.1,COD,Delivered
ORD006068,2024-07-18,CUST0158,PROD0152,SELL057,2,0.1,Debit Card,Delivered
ORD006069,2025-04-02,CUST0261,PROD0139,SELL062,3,0.0,UPI,Delivered
ORD006070,2024-07-12,CUST0392,PROD0148,SELL043,2,0.05,UPI,Returned
ORD006071,2025-02-11,CUST0679,PROD0177,SELL022,2,0.1,COD,Delivered
ORD006072,2025-03-10,CUST0446,PROD0165,SELL040,1,0.05,Credit Card,Shipped
ORD006073,2025-04-17,CUST0627,PROD0068,SELL066,4,0.2,UPI,Returned
ORD006074,2025-08-06,CUST0276,PROD0161,SELL062,4,0.05,Credit Card,Shipped
ORD006075,2025-10-07,CUST0810,PROD0139,SELL026,3,0.0,COD,Returned
ORD006076,2025-07-22,CUST0121,PROD0094,SELL053,1,0.0,Debit Card,Shipped
ORD006077,2025-08-04,CUST0488,PROD0120,SELL069,1,0.0,Net Banking,Returned
ORD006078,2025-09-27,CUST0186,PROD0138,SELL064,2,0.1,UPI,Delivered
ORD006079,2024-06-26,CUST0238,PROD0096,SELL058,1,0.25,Debit Card,Returned
ORD006080,2024-08-02,CUST0636,PROD0080,SELL041,4,0.1,COD,Cancelled
ORD006081,2025-01-24,CUST0567,PROD0075,SELL003,2,0.1,Debit Card,Delivered
ORD006082,2024-12-06,CUST0132,PROD0173,SELL021,1,0.1,UPI,Delivered
ORD006083,2025-05-28,CUST1185,PROD0157,SELL073,2,0.0,Debit Card,Cancelled
ORD006084,2024-01-07,CUST0938,PROD0133,SELL001,2,0.1,Debit Card,Cancelled
ORD006085,2024-04-11,CUST0281,PROD0106,SELL054,3,0.15,Net Banking,Cancelled
ORD006086,2025-06-29,CUST1070,PROD0071,SELL043,4,0.0,Net Banking,Delivered
ORD006087,2025-08-23,CUST0811,PROD0092,SELL002,2,0.2,Net Banking,Delivered
ORD006088,2024-08-09,CUST0930,PROD0067,SELL024,1,0.0,Net Banking,Delivered
ORD006089,2024-08-15,CUST1179,PROD0041,SELL028,2,0.05,Debit Card,Shipped
ORD006090,2025-02-14,CUST0092,PROD0134,SELL020,3,0.25,COD,Returned
ORD006091,2024-12-14,CUST0892,PROD0082,SELL033,3,0.05,Credit Card,Delivered
ORD006092,2024-05-03,CUST0662,PROD0040,SELL069,4,0.1,Net Banking,Shipped
ORD006093,2024-12-31,CUST0141,PROD0137,SELL024,4,0.1,COD,Cancelled
ORD006094,2025-08-21,CUST0092,PROD0127,SELL018,2,0.1,Net Banking,Delivered
ORD006095,2025-06-17,CUST0908,PROD0088,SELL008,1,0.05,Credit Card,Shipped
ORD006096,2025-08-20,CUST1021,PROD0088,SELL070,4,0.05,UPI,Delivered
ORD006097,2025-04-15,CUST0159,PROD0147,SELL034,3,0.0,COD,Cancelled
ORD006098,2025-10-03,CUST0986,PROD0062,SELL037,2,0.25,Debit Card,Cancelled
ORD006099,2024-07-01,CUST0318,PROD0079,SELL022,1,0.1,Debit Card,Delivered
ORD006100,2024-02-03,CUST0564,PROD0024,SELL035,4,0.15,Credit Card,Delivered
ORD006101,2024-03-24,CUST0023,PROD0177,SELL053,2,0.1,COD,Returned
ORD006102,2025-12-26,CUST1006,PROD0159,SELL052,2,0.05,Debit Card,Delivered
ORD006103,2025-04-13,CUST0730,PROD0171,SELL076,1,0.1,Debit Card,Delivered
ORD006104,2024-06-30,CUST0539,PROD0163,SELL021,2,0.15,Debit Card,Delivered
ORD006105,2025-09-16,CUST0021,PROD0135,SELL031,1,0.15,COD,Cancelled
ORD006106,2024-08-14,CUST1156,PROD0087,SELL080,1,0.15,Net Banking,Delivered
ORD006107,2025-03-12,CUST0416,PROD0084,SELL076,3,0.0,Debit Card,Shipped
ORD006108,2024-07-01,CUST1186,PROD0157,SELL060,4,0.1,Net Banking,Cancelled
ORD006109,2024-03-10,CUST0992,PROD0171,SELL065,2,0.15,UPI,Delivered
ORD006110,2024-07-14,CUST1175,PROD0142,SELL034,4,0.1,COD,Shipped
ORD006111,2024-06-15,CUST1136,PROD0160,SELL060,1,0.1,Credit Card,Delivered
ORD006112,2025-02-07,CUST0458,PROD0080,SELL055,1,0.05,Net Banking,Returned
ORD006113,2024-01-16,CUST0970,PROD0086,SELL026,4,0.1,Debit Card,Delivered
ORD006114,2024-06-24,CUST0607,PROD0143,SELL013,3,0.2,COD,Shipped
ORD006115,2025-02-19,CUST1142,PROD0053,SELL010,4,0.1,Net Banking,Delivered
ORD006116,2024-10-14,CUST1060,PROD0091,SELL003,1,0.0,Debit Card,Cancelled
ORD006117,2025-04-09,CUST0941,PROD0088,SELL009,1,0.1,Credit Card,Delivered
ORD006118,2025-04-24,CUST0535,PROD0028,SELL062,1,0.05,Net Banking,Shipped
ORD006119,2025-12-06,CUST0088,PROD0081,SELL031,3,0.15,Net Banking,Returned
ORD006120,2025-09-03,CUST1185,PROD0072,SELL020,4,0.1,UPI,Returned
ORD006121,2024-06-15,CUST0333,PROD0080,SELL066,2,0.0,UPI,Delivered
ORD006122,2025-05-21,CUST0389,PROD0088,SELL017,2,0.1,Net Banking,Delivered
ORD006123,2025-04-03,CUST0470,PROD0068,SELL033,1,0.1,COD,Delivered
ORD006124,2025-03-10,CUST1082,PROD0094,SELL032,2,0.05,Debit Card,Returned
ORD006125,2025-08-07,CUST0592,PROD0145,SELL073,3,0.0,COD,Delivered
ORD006126,2024-04-17,CUST0056,PROD0020,SELL050,4,0.05,UPI,Cancelled
ORD006127,2024-10-01,CUST0708,PROD0151,SELL029,3,0.05,Net Banking,Cancelled
ORD006128,2025-08-19,CUST0763,PROD0152,SELL027,4,0.05,Credit Card,Delivered
ORD006129,2025-10-14,CUST0497,PROD0122,SELL076,2,0.0,COD,Delivered
ORD006130,2024-01-28,CUST1044,PROD0001,SELL050,4,0.0,UPI,Delivered
ORD006131,2024-12-10,CUST0123,PROD0055,SELL018,3,0.05,Debit Card,Shipped
ORD006132,2024-07-12,CUST0007,PROD0022,SELL010,3,0.2,UPI,Cancelled
ORD006133,2024-05-02,CUST1041,PROD0180,SELL058,4,0.1,COD,Cancelled
ORD006134,2024-02-11,CUST0676,PROD0180,SELL074,2,0.2,Credit Card,Delivered
ORD006135,2025-01-28,CUST0959,PROD0144,SELL061,3,0.05,Credit Card,Returned
ORD006136,2025-05-02,CUST1056,PROD0065,SELL028,2,0.05,Net Banking,Cancelled
ORD006137,2025-01-23,CUST0401,PROD0180,SELL030,4,0.0,Debit Card,Cancelled
ORD006138,2024-09-26,CUST0739,PROD0073,SELL062,1,0.0,COD,Delivered
ORD006139,2025-07-17,CUST0789,PROD0004,SELL043,2,0.05,Credit Card,Shipped
ORD006140,2025-04-21,CUST1144,PROD0125,SELL021,1,0.15,Net Banking,Delivered
ORD006141,2025-10-26,CUST0650,PROD0130,SELL011,4,0.1,Debit Card,Delivered
ORD006142,2024-09-10,CUST0950,PROD0151,SELL031,1,0.1,Debit Card,Delivered
ORD006143,2024-06-23,CUST0145,PROD0167,SELL020,2,0.15,UPI,Delivered
ORD006144,2024-11-29,CUST0497,PROD0064,SELL057,1,0.0,Credit Card,Shipped
ORD006145,2025-01-05,CUST0036,PROD0138,SELL058,2,0.0,Net Banking,Cancelled
ORD006146,2024-11-30,CUST1060,PROD0180,SELL058,1,0.0,COD,Delivered
ORD006147,2025-08-31,CUST0035,PROD0121,SELL075,3,0.1,Credit Card,Delivered
ORD006148,2024-02-03,CUST1023,PROD0115,SELL055,4,0.1,Debit Card,Returned
ORD006149,2025-01-20,CUST0531,PROD0071,SELL045,3,0.0,COD,Shipped
ORD006150,2024-11-10,CUST0303,PROD0030,SELL070,1,0.1,Debit Card,Cancelled
ORD006151,2024-06-03,CUST0476,PROD0041,SELL064,4,0.05,Net Banking,Delivered
ORD006152,2025-04-13,CUST0233,PROD0124,SELL052,2,0.0,COD,Delivered
ORD006153,2025-08-08,CUST0189,PROD0142,SELL015,3,0.05,UPI,Delivered
ORD006154,2025-02-03,CUST0320,PROD0053,SELL047,3,0.1,UPI,Delivered
ORD006155,2024-03-03,CUST0077,PROD0088,SELL025,3,0.15,Credit Card,Delivered
ORD006156,2024-02-25,CUST0634,PROD0163,SELL066,1,0.1,Debit Card,Delivered
ORD006157,2024-11-04,CUST0926,PROD0064,SELL003,2,0.15,Credit Card,Delivered
ORD006158,2025-05-03,CUST0888,PROD0065,SELL030,3,0.15,UPI,Cancelled
ORD006159,2024-08-17,CUST0387,PROD0020,SELL080,2,0.1,Credit Card,Delivered
ORD006160,2024-08-13,CUST0801,PROD0032,SELL013,3,0.1,Debit Card,Cancelled
ORD006161,2025-09-20,CUST0328,PROD0109,SELL048,1,0.05,Debit Card,Cancelled
ORD006162,2024-01-11,CUST0117,PROD0109,SELL007,2,0.05,Credit Card,Shipped
ORD006163,2024-02-28,CUST1110,PROD0161,SELL008,4,0.0,Credit Card,Cancelled
ORD006164,2024-04-23,CUST0045,PROD0117,SELL009,4,0.1,COD,Delivered
ORD006165,2025-12-20,CUST0581,PROD0056,SELL066,2,0.2,UPI,Delivered
ORD006166,2024-12-29,CUST1140,PROD0179,SELL033,1,0.0,Debit Card,Shipped
ORD006167,2024-04-25,CUST0628,PROD0153,SELL053,4,0.1,Credit Card,Delivered
ORD006168,2024-08-14,CUST0248,PROD0039,SELL029,4,0.15,Debit Card,Cancelled
ORD006169,2025-12-09,CUST0949,PROD0024,SELL063,1,0.2,Credit Card,Delivered
ORD006170,2025-05-22,CUST0963,PROD0149,SELL031,3,0.1,Debit Card,Shipped
ORD006171,2024-06-12,CUST0865,PROD0117,SELL015,1,0.15,Credit Card,Shipped
ORD006172,2024-06-24,CUST1008,PROD0070,SELL076,4,0.0,UPI,Shipped
ORD006173,2024-02-24,CUST0236,PROD0136,SELL004,3,0.2,Debit Card,Delivered
ORD006174,2025-07-18,CUST0985,PROD0116,SELL069,3,0.1,Net Banking,Cancelled
ORD006175,2024-04-10,CUST0097,PROD0032,SELL038,2,0.05,UPI,Delivered
ORD006176,2024-07-28,CUST0727,PROD0161,SELL079,2,0.1,UPI,Delivered
ORD006177,2024-09-11,CUST0468,PROD0159,SELL006,1,0.2,Credit Card,Cancelled
ORD006178,2025-03-29,CUST0960,PROD0105,SELL016,2,0.0,Debit Card,Cancelled
ORD006179,2025-03-19,CUST0058,PROD0120,SELL032,2,0.1,Debit Card,Cancelled
ORD006180,2025-08-07,CUST1079,PROD0138,SELL034,1,0.15,Credit Card,Delivered
ORD006181,2024-08-05,CUST0922,PROD0166,SELL049,4,0.1,COD,Delivered
ORD006182,2024-10-08,CUST0959,PROD0142,SELL039,3,0.2,Credit Card,Delivered
ORD006183,2024-10-11,CUST1125,PROD0013,SELL020,1,0.15,COD,Shipped
ORD006184,2024-02-04,CUST0803,PROD0050,SELL076,4,0.15,Debit Card,Returned
ORD006185,2025-06-23,CUST0190,PROD0109,SELL051,1,0.1,Credit Card,Delivered
ORD006186,2025-01-26,CUST0134,PROD0057,SELL052,3,0.15,UPI,Delivered
ORD006187,2024-12-13,CUST0059,PROD0149,SELL031,2,0.15,Net Banking,Returned
ORD006188,2025-12-28,CUST0522,PROD0085,SELL017,1,0.2,UPI,Shipped
ORD006189,2024-05-10,CUST0765,PROD0076,SELL071,2,0.2,Debit Card,Delivered
ORD006190,2025-12-09,CUST0001,PROD0066,SELL043,2,0.05,COD,Returned
ORD006191,2025-05-12,CUST0479,PROD0028,SELL016,3,0.15,UPI,Shipped
ORD006192,2024-06-10,CUST0530,PROD0007,SELL006,4,0.1,Credit Card,Shipped
ORD006193,2025-05-10,CUST0935,PROD0099,SELL045,3,0.1,Net Banking,Returned
ORD006194,2025-07-06,CUST0044,PROD0035,SELL048,1,0.1,UPI,Returned
ORD006195,2024-09-21,CUST0260,PROD0009,SELL006,1,0.15,Credit Card,Cancelled
ORD006196,2024-09-09,CUST1002,PROD0041,SELL071,2,0.15,COD,Delivered
ORD006197,2025-09-02,CUST0018,PROD0107,SELL026,3,0.0,Debit Card,Delivered
ORD006198,2024-04-27,CUST0829,PROD0151,SELL013,3,0.1,Net Banking,Cancelled
ORD006199,2024-01-10,CUST0091,PROD0149,SELL001,4,0.0,Credit Card,Delivered
ORD006200,2025-05-01,CUST1108,PROD0160,SELL053,2,0.2,Credit Card,Delivered
ORD006201,2025-10-24,CUST1034,PROD0089,SELL049,1,0.1,UPI,Delivered
ORD006202,2025-01-01,CUST0022,PROD0126,SELL014,3,0.15,Debit Card,Delivered
ORD006203,2024-04-08,CUST0873,PROD0123,SELL059,4,0.1,COD,Delivered
ORD006204,2025-01-29,CUST0926,PROD0083,SELL073,3,0.05,Credit Card,Cancelled
ORD006205,2024-07-03,CUST0219,PROD0168,SELL046,4,0.05,Debit Card,Delivered
ORD006206,2025-08-27,CUST0883,PROD0114,SELL068,4,0.1,Net Banking,Delivered
ORD006207,2025-03-23,CUST0798,PROD0022,SELL026,1,0.1,COD,Returned
ORD006208,2024-09-03,CUST0144,PROD0035,SELL015,2,0.0,Net Banking,Delivered
ORD006209,2025-04-01,CUST0435,PROD0152,SELL042,1,0.1,Net Banking,Delivered
ORD006210,2025-05-02,CUST1122,PROD0163,SELL017,4,0.2,COD,Delivered
ORD006211,2025-05-11,CUST0607,PROD0171,SELL018,2,0.2,UPI,Delivered
ORD006212,2024-09-24,CUST0666,PROD0030,SELL002,1,0.2,COD,Delivered
ORD006213,2025-02-21,CUST1037,PROD0071,SELL063,4,0.0,Debit Card,Shipped
ORD006214,2024-02-01,CUST0420,PROD0119,SELL064,2,0.05,Debit Card,Cancelled
ORD006215,2024-10-21,CUST0412,PROD0041,SELL019,3,0.15,COD,Delivered
ORD006216,2024-10-03,CUST0006,PROD0005,SELL003,1,0.05,Net Banking,Cancelled
ORD006217,2025-01-25,CUST0473,PROD0088,SELL059,3,0.2,COD,Delivered
ORD006218,2025-11-25,CUST0674,PROD0172,SELL046,4,0.15,UPI,Cancelled
ORD006219,2025-11-28,CUST0924,PROD0055,SELL027,4,0.15,Debit Card,Delivered
ORD006220,2024-12-19,CUST0907,PROD0177,SELL052,3,0.05,Net Banking,Delivered
ORD006221,2025-04-17,CUST0155,PROD0016,SELL070,4,0.05,Debit Card,Delivered
ORD006222,2024-03-20,CUST0967,PROD0098,SELL030,4,0.0,Debit Card,Returned
ORD006223,2024-12-18,CUST0258,PROD0074,SELL013,1,0.1,Net Banking,Cancelled
ORD006224,2025-05-17,CUST1178,PROD0134,SELL061,3,0.15,COD,Returned
ORD006225,2025-05-14,CUST0270,PROD0131,SELL026,3,0.15,Debit Card,Returned
ORD006226,2025-12-05,CUST0126,PROD0027,SELL020,2,0.0,Debit Card,Cancelled
ORD006227,2024-12-06,CUST0375,PROD0066,SELL017,2,0.1,UPI,Shipped
ORD006228,2025-10-25,CUST0425,PROD0053,SELL032,3,0.05,Credit Card,Delivered
ORD006229,2025-12-16,CUST1173,PROD0174,SELL004,1,0.05,Debit Card,Delivered
ORD006230,2025-02-22,CUST0719,PROD0056,SELL004,4,0.0,Net Banking,Delivered
ORD006231,2024-03-07,CUST0587,PROD0115,SELL023,1,0.1,Credit Card,Cancelled
ORD006232,2024-10-02,CUST0216,PROD0055,SELL024,1,0.05,Credit Card,Returned
ORD006233,2025-07-13,CUST0100,PROD0056,SELL010,1,0.05,Debit Card,Delivered
ORD006234,2025-02-28,CUST1174,PROD0096,SELL071,1,0.25,Debit Card,Returned
ORD006235,2025-11-15,CUST1082,PROD0026,SELL066,3,0.1,Debit Card,Cancelled
ORD006236,2025-08-19,CUST0662,PROD0130,SELL063,4,0.2,Credit Card,Delivered
ORD006237,2024-02-16,CUST0689,PROD0117,SELL015,2,0.15,Debit Card,Returned
ORD006238,2025-09-21,CUST0781,PROD0156,SELL031,1,0.25,COD,Returned
ORD006239,2024-09-18,CUST0296,PROD0172,SELL062,1,0.0,Credit Card,Returned
ORD006240,2025-08-21,CUST0050,PROD0105,SELL030,1,0.0,UPI,Shipped
ORD006241,2025-01-06,CUST1195,PROD0094,SELL033,3,0.0,Credit Card,Cancelled
ORD006242,2024-11-28,CUST0721,PROD0131,SELL039,3,0.05,Debit Card,Shipped
ORD006243,2024-02-22,CUST0172,PROD0123,SELL031,1,0.25,Credit Card,Delivered
ORD006244,2024-03-27,CUST0178,PROD0124,SELL045,1,0.15,UPI,Returned
ORD006245,2025-03-11,CUST0425,PROD0053,SELL059,2,0.05,Credit Card,Delivered
ORD006246,2025-02-20,CUST0133,PROD0038,SELL012,2,0.0,Net Banking,Shipped
ORD006247,2025-02-09,CUST0726,PROD0093,SELL014,1,0.05,Debit Card,Delivered
ORD006248,2024-04-24,CUST0879,PROD0139,SELL023,2,0.0,Credit Card,Delivered
ORD006249,2025-01-07,CUST0332,PROD0037,SELL038,1,0.05,Debit Card,Returned
ORD006250,2024-02-14,CUST0425,PROD0067,SELL043,1,0.0,Credit Card,Delivered
ORD006251,2024-04-15,CUST0627,PROD0045,SELL056,3,0.1,Credit Card,Delivered
ORD006252,2024-12-30,CUST0571,PROD0144,SELL029,4,0.2,COD,Returned
ORD006253,2025-03-26,CUST0785,PROD0173,SELL072,1,0.0,COD,Shipped
ORD006254,2025-04-24,CUST0906,PROD0008,SELL064,4,0.15,Debit Card,Cancelled
ORD006255,2025-12-18,CUST0039,PROD0094,SELL014,4,0.0,Net Banking,Returned
ORD006256,2025-09-16,CUST0171,PROD0081,SELL048,1,0.1,UPI,Shipped
ORD006257,2024-10-04,CUST0035,PROD0110,SELL038,3,0.15,COD,Shipped
ORD006258,2025-07-26,CUST0641,PROD0137,SELL074,3,0.0,Credit Card,Delivered
ORD006259,2024-03-10,CUST0765,PROD0163,SELL017,4,0.1,Debit Card,Delivered
ORD006260,2025-09-18,CUST0603,PROD0159,SELL068,3,0.15,Credit Card,Cancelled
ORD006261,2024-10-09,CUST0074,PROD0111,SELL073,4,0.1,Debit Card,Delivered
ORD006262,2025-07-09,CUST0612,PROD0051,SELL065,1,0.1,Credit Card,Shipped
ORD006263,2025-12-10,CUST0461,PROD0062,SELL025,1,0.15,Credit Card,Delivered
ORD006264,2025-05-29,CUST0841,PROD0136,SELL007,1,0.1,UPI,Shipped
ORD006265,2025-11-03,CUST0881,PROD0127,SELL078,3,0.1,Net Banking,Delivered
ORD006266,2024-01-08,CUST0392,PROD0094,SELL052,2,0.15,Credit Card,Delivered
ORD006267,2024-05-04,CUST0791,PROD0154,SELL058,4,0.15,UPI,Delivered
ORD006268,2025-04-02,CUST0252,PROD0126,SELL063,4,0.0,Credit Card,Delivered
ORD006269,2025-01-30,CUST1088,PROD0003,SELL078,4,0.0,Debit Card,Returned
ORD006270,2024-03-29,CUST0459,PROD0171,SELL014,4,0.1,Credit Card,Delivered
ORD006271,2025-06-09,CUST0011,PROD0073,SELL050,1,0.1,Debit Card,Delivered
ORD006272,2024-02-12,CUST0625,PROD0066,SELL039,4,0.0,COD,Shipped
ORD006273,2025-12-25,CUST0718,PROD0130,SELL062,3,0.1,COD,Delivered
ORD006274,2024-04-24,CUST0086,PROD0099,SELL003,3,0.2,Net Banking,Cancelled
ORD006275,2024-11-21,CUST0842,PROD0085,SELL015,3,0.15,Debit Card,Delivered
ORD006276,2025-08-24,CUST0009,PROD0161,SELL006,2,0.2,Net Banking,Delivered
ORD006277,2025-01-10,CUST0852,PROD0132,SELL073,2,0.15,COD,Shipped
ORD006278,2025-06-27,CUST0269,PROD0142,SELL077,3,0.1,COD,Delivered
ORD006279,2025-05-29,CUST0725,PROD0110,SELL045,3,0.05,COD,Delivered
ORD006280,2025-11-24,CUST0840,PROD0025,SELL079,4,0.2,UPI,Cancelled
ORD006281,2024-12-05,CUST0684,PROD0106,SELL045,4,0.05,Debit Card,Delivered
ORD006282,2025-12-16,CUST0514,PROD0020,SELL075,3,0.0,COD,Returned
ORD006283,2025-01-12,CUST0369,PROD0014,SELL075,2,0.0,Credit Card,Cancelled
ORD006284,2025-10-14,CUST0650,PROD0054,SELL050,1,0.05,UPI,Returned
ORD006285,2025-06-19,CUST1167,PROD0052,SELL020,1,0.15,Credit Card,Cancelled
ORD006286,2024-04-07,CUST0345,PROD0020,SELL005,4,0.15,Debit Card,Delivered
ORD006287,2025-04-15,CUST0113,PROD0017,SELL026,2,0.05,Credit Card,Returned
ORD006288,2025-10-04,CUST1106,PROD0028,SELL051,2,0.05,UPI,Delivered
ORD006289,2024-04-03,CUST0462,PROD0150,SELL056,1,0.1,Net Banking,Delivered
ORD006290,2025-09-05,CUST0668,PROD0008,SELL029,1,0.05,Credit Card,Delivered
ORD006291,2024-03-18,CUST0024,PROD0043,SELL010,4,0.1,Credit Card,Delivered
ORD006292,2025-09-28,CUST0860,PROD0154,SELL045,1,0.0,Debit Card,Cancelled
ORD006293,2025-07-30,CUST0193,PROD0171,SELL024,1,0.2,Debit Card,Delivered
ORD006294,2024-04-20,CUST0138,PROD0169,SELL029,4,0.0,Net Banking,Shipped
ORD006295,2025-06-15,CUST0498,PROD0057,SELL025,3,0.15,UPI,Shipped
ORD006296,2024-03-26,CUST1090,PROD0167,SELL031,1,0.2,UPI,Delivered
ORD006297,2025-02-19,CUST0207,PROD0014,SELL064,1,0.1,Credit Card,Cancelled
ORD006298,2025-11-06,CUST0751,PROD0147,SELL005,4,0.1,Credit Card,Shipped
ORD006299,2024-05-30,CUST0392,PROD0076,SELL063,3,0.2,COD,Cancelled
ORD006300,2024-05-07,CUST0428,PROD0107,SELL017,2,0.05,Credit Card,Delivered
ORD006301,2024-11-05,CUST0127,PROD0025,SELL062,4,0.0,UPI,Delivered
ORD006302,2024-09-26,CUST0083,PROD0158,SELL041,2,0.15,Net Banking,Delivered
ORD006303,2024-02-05,CUST0522,PROD0177,SELL031,1,0.15,Debit Card,Delivered
ORD006304,2024-11-29,CUST0818,PROD0067,SELL066,2,0.1,UPI,Delivered
ORD006305,2024-07-08,CUST0301,PROD0048,SELL016,4,0.0,COD,Shipped
ORD006306,2024-03-31,CUST0272,PROD0178,SELL007,1,0.2,UPI,Cancelled
ORD006307,2024-07-20,CUST0588,PROD0058,SELL044,4,0.0,UPI,Returned
ORD006308,2024-01-16,CUST0411,PROD0123,SELL032,1,0.05,Credit Card,Delivered
ORD006309,2025-10-30,CUST0205,PROD0028,SELL018,3,0.2,COD,Shipped
ORD006310,2025-12-27,CUST0255,PROD0039,SELL015,1,0.0,COD,Delivered
ORD006311,2024-09-25,CUST0587,PROD0146,SELL032,1,0.05,UPI,Shipped
ORD006312,2025-10-02,CUST0818,PROD0142,SELL030,2,0.15,Credit Card,Delivered
ORD006313,2024-12-03,CUST0453,PROD0134,SELL056,3,0.0,Debit Card,Delivered
ORD006314,2025-10-28,CUST0446,PROD0140,SELL039,3,0.1,Credit Card,Cancelled
ORD006315,2024-05-06,CUST0843,PROD0024,SELL073,1,0.1,UPI,Returned
ORD006316,2024-07-27,CUST0281,PROD0134,SELL015,1,0.1,Debit Card,Delivered
ORD006317,2025-06-24,CUST0998,PROD0145,SELL059,3,0.15,Net Banking,Returned
ORD006318,2024-06-09,CUST0161,PROD0129,SELL046,3,0.05,COD,Shipped
ORD006319,2025-08-25,CUST1156,PROD0068,SELL014,1,0.2,Net Banking,Delivered
ORD006320,2024-11-07,CUST1055,PROD0107,SELL040,3,0.1,Credit Card,Delivered
ORD006321,2024-10-22,CUST0482,PROD0051,SELL014,4,0.1,Credit Card,Shipped
ORD006322,2024-11-27,CUST1196,PROD0127,SELL069,2,0.15,COD,Cancelled
ORD006323,2025-08-06,CUST0031,PROD0096,SELL071,3,0.1,Debit Card,Delivered
ORD006324,2024-01-05,CUST0005,PROD0096,SELL037,1,0.2,Credit Card,Cancelled
ORD006325,2025-07-02,CUST0608,PROD0093,SELL008,1,0.2,Net Banking,Delivered
ORD006326,2025-07-23,CUST0621,PROD0006,SELL067,1,0.25,Net Banking,Delivered
ORD006327,2025-08-23,CUST0626,PROD0015,SELL024,3,0.1,COD,Returned
ORD006328,2025-12-29,CUST0818,PROD0152,SELL021,3,0.1,Net Banking,Cancelled
ORD006329,2025-07-25,CUST0543,PROD0063,SELL036,4,0.05,Net Banking,Delivered
ORD006330,2025-01-21,CUST0247,PROD0031,SELL010,1,0.1,UPI,Cancelled
ORD006331,2024-12-06,CUST0202,PROD0118,SELL044,3,0.05,Net Banking,Shipped
ORD006332,2024-10-10,CUST0187,PROD0152,SELL022,2,0.1,Credit Card,Delivered
ORD006333,2025-08-27,CUST0493,PROD0128,SELL058,2,0.05,UPI,Delivered
ORD006334,2024-10-14,CUST0740,PROD0033,SELL008,2,0.1,COD,Delivered
ORD006335,2025-02-22,CUST1070,PROD0093,SELL053,1,0.2,COD,Returned
ORD006336,2024-03-11,CUST1166,PROD0031,SELL072,2,0.1,COD,Shipped
ORD006337,2024-08-19,CUST1128,PROD0123,SELL024,2,0.15,UPI,Delivered
ORD006338,2024-07-13,CUST0671,PROD0091,SELL002,3,0.1,Debit Card,Delivered
ORD006339,2024-11-14,CUST0922,PROD0136,SELL032,3,0.05,COD,Shipped
ORD006340,2025-01-02,CUST0877,PROD0050,SELL056,2,0.15,UPI,Shipped
ORD006341,2025-06-07,CUST1117,PROD0044,SELL059,3,0.1,Net Banking,Delivered
ORD006342,2024-11-11,CUST0957,PROD0091,SELL071,1,0.05,Credit Card,Delivered
ORD006343,2024-04-19,CUST0409,PROD0054,SELL056,2,0.05,UPI,Delivered
ORD006344,2025-02-02,CUST0144,PROD0156,SELL045,2,0.0,Credit Card,Delivered
ORD006345,2024-02-09,CUST0184,PROD0178,SELL067,1,0.2,Credit Card,Delivered
ORD006346,2025-09-12,CUST1079,PROD0071,SELL008,4,0.1,Debit Card,Delivered
ORD006347,2025-07-17,CUST0192,PROD0127,SELL020,3,0.1,Debit Card,Delivered
ORD006348,2024-06-13,CUST0126,PROD0168,SELL056,4,0.1,Debit Card,Cancelled
ORD006349,2024-07-11,CUST1189,PROD0124,SELL045,4,0.05,Credit Card,Returned
ORD006350,2024-01-21,CUST0779,PROD0119,SELL006,3,0.1,Debit Card,Cancelled
ORD006351,2024-09-23,CUST1092,PROD0019,SELL060,2,0.0,Debit Card,Delivered
ORD006352,2024-01-28,CUST0708,PROD0159,SELL023,4,0.15,COD,Returned
ORD006353,2025-11-15,CUST0760,PROD0004,SELL072,4,0.05,UPI,Shipped
ORD006354,2024-04-08,CUST0752,PROD0057,SELL025,1,0.2,UPI,Delivered
ORD006355,2025-04-27,CUST0450,PROD0112,SELL032,4,0.0,UPI,Shipped
ORD006356,2025-02-21,CUST0125,PROD0124,SELL022,4,0.25,COD,Delivered
ORD006357,2024-06-22,CUST0892,PROD0169,SELL024,3,0.0,COD,Delivered
ORD006358,2025-08-13,CUST1067,PROD0086,SELL046,1,0.1,COD,Delivered
ORD006359,2024-03-20,CUST0670,PROD0129,SELL035,1,0.05,UPI,Cancelled
ORD006360,2025-10-10,CUST1189,PROD0013,SELL022,1,0.1,Credit Card,Delivered
ORD006361,2025-06-25,CUST0365,PROD0004,SELL076,4,0.05,Debit Card,Cancelled
ORD006362,2025-04-09,CUST0652,PROD0137,SELL007,4,0.15,COD,Returned
ORD006363,2025-10-05,CUST0901,PROD0093,SELL029,4,0.2,Net Banking,Shipped
ORD006364,2024-10-21,CUST0885,PROD0040,SELL061,2,0.05,Net Banking,Cancelled
ORD006365,2024-07-24,CUST1099,PROD0165,SELL076,1,0.1,UPI,Delivered
ORD006366,2024-04-22,CUST0302,PROD0046,SELL009,2,0.05,Debit Card,Returned
ORD006367,2025-11-06,CUST0095,PROD0072,SELL025,3,0.1,Debit Card,Shipped
ORD006368,2024-10-20,CUST0117,PROD0113,SELL060,2,0.15,Debit Card,Returned
ORD006369,2025-08-29,CUST0540,PROD0055,SELL029,2,0.25,COD,Delivered
ORD006370,2024-08-30,CUST0181,PROD0159,SELL032,4,0.15,COD,Shipped
ORD006371,2025-11-29,CUST1029,PROD0011,SELL040,2,0.15,Debit Card,Delivered
ORD006372,2025-09-27,CUST0580,PROD0093,SELL077,4,0.15,UPI,Returned
ORD006373,2024-08-13,CUST0847,PROD0153,SELL069,4,0.1,COD,Delivered
ORD006374,2024-12-21,CUST0282,PROD0027,SELL046,4,0.1,Credit Card,Delivered
ORD006375,2025-08-03,CUST0718,PROD0074,SELL076,1,0.0,UPI,Shipped
ORD006376,2024-06-14,CUST0079,PROD0118,SELL039,4,0.0,COD,Cancelled
ORD006377,2024-01-18,CUST0645,PROD0132,SELL064,4,0.0,COD,Delivered
ORD006378,2024-07-30,CUST0861,PROD0023,SELL073,3,0.1,UPI,Shipped
ORD006379,2025-03-07,CUST1041,PROD0095,SELL013,3,0.2,Net Banking,Cancelled
ORD006380,2024-04-09,CUST0879,PROD0054,SELL062,1,0.15,Credit Card,Cancelled
ORD006381,2024-08-31,CUST0125,PROD0145,SELL032,2,0.0,Net Banking,Delivered
ORD006382,2025-11-02,CUST0955,PROD0072,SELL019,3,0.15,Debit Card,Delivered
ORD006383,2024-02-24,CUST1027,PROD0150,SELL024,1,0.05,Credit Card,Returned
ORD006384,2024-02-06,CUST0973,PROD0087,SELL018,4,0.25,Debit Card,Cancelled
ORD006385,2024-11-05,CUST0280,PROD0035,SELL045,1,0.1,Debit Card,Delivered
ORD006386,2024-01-10,CUST0616,PROD0104,SELL067,1,0.1,Net Banking,Returned
ORD006387,2024-01-21,CUST0289,PROD0055,SELL061,3,0.05,Credit Card,Shipped
ORD006388,2024-05-13,CUST0842,PROD0165,SELL017,1,0.15,Debit Card,Cancelled
ORD006389,2024-03-15,CUST0376,PROD0075,SELL066,4,0.15,Credit Card,Shipped
ORD006390,2025-08-15,CUST0100,PROD0057,SELL025,2,0.05,COD,Shipped
ORD006391,2024-03-30,CUST0773,PROD0071,SELL071,4,0.0,Debit Card,Delivered
ORD006392,2025-01-17,CUST0747,PROD0160,SELL074,3,0.2,COD,Returned
ORD006393,2025-05-30,CUST0696,PROD0107,SELL008,2,0.05,Credit Card,Cancelled
ORD006394,2025-04-02,CUST0009,PROD0155,SELL066,1,0.0,UPI,Delivered
ORD006395,2025-04-22,CUST0462,PROD0041,SELL025,1,0.0,Debit Card,Returned
ORD006396,2024-09-18,CUST0782,PROD0012,SELL073,4,0.2,Net Banking,Delivered
ORD006397,2025-10-11,CUST0830,PROD0037,SELL065,2,0.0,Net Banking,Returned
ORD006398,2024-02-20,CUST1152,PROD0054,SELL054,3,0.1,UPI,Shipped
ORD006399,2024-03-19,CUST0179,PROD0156,SELL071,3,0.05,Credit Card,Delivered
ORD006400,2025-09-17,CUST0954,PROD0141,SELL062,4,0.2,COD,Delivered
ORD006401,2024-02-19,CUST0519,PROD0001,SELL022,3,0.1,Net Banking,Cancelled
ORD006402,2024-05-20,CUST0332,PROD0020,SELL034,1,0.1,Credit Card,Delivered
ORD006403,2024-05-06,CUST0465,PROD0035,SELL052,2,0.05,Credit Card,Delivered
ORD006404,2024-01-25,CUST0828,PROD0035,SELL042,1,0.2,Debit Card,Returned
ORD006405,2024-03-26,CUST0129,PROD0163,SELL059,1,0.0,UPI,Delivered
ORD006406,2025-02-22,CUST0773,PROD0046,SELL063,4,0.0,COD,Shipped
ORD006407,2025-04-28,CUST1040,PROD0160,SELL074,3,0.1,Credit Card,Delivered
ORD006408,2024-03-01,CUST0122,PROD0037,SELL011,1,0.25,Debit Card,Shipped
ORD006409,2025-11-19,CUST0344,PROD0159,SELL073,4,0.1,UPI,Delivered
ORD006410,2024-03-11,CUST1159,PROD0032,SELL015,3,0.15,UPI,Delivered
ORD006411,2025-05-17,CUST0340,PROD0076,SELL070,4,0.0,Net Banking,Returned
ORD006412,2025-08-08,CUST0925,PROD0177,SELL038,2,0.2,Net Banking,Shipped
ORD006413,2025-01-15,CUST1041,PROD0104,SELL001,2,0.1,COD,Delivered
ORD006414,2024-12-25,CUST0156,PROD0076,SELL007,4,0.25,UPI,Delivered
ORD006415,2024-03-20,CUST0826,PROD0019,SELL002,4,0.1,UPI,Delivered
ORD006416,2024-06-25,CUST0018,PROD0127,SELL064,3,0.2,COD,Delivered
ORD006417,2025-09-13,CUST0421,PROD0117,SELL039,4,0.15,Net Banking,Delivered
ORD006418,2024-09-11,CUST1007,PROD0076,SELL023,3,0.2,Debit Card,Cancelled
ORD006419,2024-01-26,CUST0722,PROD0006,SELL034,1,0.1,UPI,Returned
ORD006420,2025-06-17,CUST1079,PROD0045,SELL075,1,0.05,Net Banking,Delivered
ORD006421,2025-05-14,CUST0955,PROD0097,SELL012,4,0.15,UPI,Cancelled
ORD006422,2024-02-18,CUST0346,PROD0158,SELL030,4,0.2,COD,Delivered
ORD006423,2024-02-07,CUST0312,PROD0148,SELL052,1,0.1,COD,Shipped
ORD006424,2024-03-26,CUST0026,PROD0131,SELL056,2,0.1,Debit Card,Delivered
ORD006425,2024-02-07,CUST0412,PROD0008,SELL019,2,0.05,Debit Card,Delivered
ORD006426,2025-03-26,CUST0341,PROD0083,SELL050,4,0.05,Debit Card,Delivered
ORD006427,2024-04-06,CUST0384,PROD0018,SELL038,3,0.15,UPI,Shipped
ORD006428,2025-03-19,CUST0456,PROD0087,SELL008,1,0.1,Net Banking,Delivered
ORD006429,2024-05-08,CUST0716,PROD0056,SELL080,3,0.05,Credit Card,Shipped
ORD006430,2025-12-11,CUST0889,PROD0055,SELL043,1,0.0,COD,Delivered
ORD006431,2025-06-14,CUST0285,PROD0063,SELL073,4,0.0,UPI,Cancelled
ORD006432,2024-09-30,CUST0166,PROD0128,SELL024,1,0.1,UPI,Cancelled
ORD006433,2024-11-09,CUST0106,PROD0092,SELL004,1,0.15,Credit Card,Delivered
ORD006434,2024-02-17,CUST0896,PROD0123,SELL047,1,0.05,Net Banking,Cancelled
ORD006435,2024-02-10,CUST0103,PROD0014,SELL020,2,0.05,UPI,Shipped
ORD006436,2025-01-27,CUST0663,PROD0099,SELL062,3,0.05,Credit Card,Delivered
ORD006437,2024-01-17,CUST0471,PROD0165,SELL030,2,0.2,Debit Card,Cancelled
ORD006438,2025-04-11,CUST0337,PROD0063,SELL038,1,0.15,COD,Shipped
ORD006439,2024-10-06,CUST1090,PROD0113,SELL060,4,0.05,Net Banking,Delivered
ORD006440,2024-04-12,CUST0230,PROD0143,SELL073,1,0.25,Debit Card,Delivered
ORD006441,2025-01-26,CUST0587,PROD0007,SELL063,4,0.0,Debit Card,Cancelled
ORD006442,2025-02-08,CUST1148,PROD0082,SELL026,4,0.1,COD,Delivered
ORD006443,2025-06-29,CUST1071,PROD0139,SELL037,2,0.2,COD,Delivered
ORD006444,2024-05-24,CUST0151,PROD0144,SELL078,1,0.1,UPI,Delivered
ORD006445,2025-02-04,CUST0456,PROD0006,SELL022,4,0.0,Debit Card,Returned
ORD006446,2025-09-09,CUST0485,PROD0023,SELL059,3,0.1,Net Banking,Returned
ORD006447,2024-07-16,CUST0483,PROD0031,SELL068,3,0.0,Credit Card,Returned
ORD006448,2025-09-02,CUST0138,PROD0143,SELL049,3,0.1,Debit Card,Delivered
ORD006449,2025-06-12,CUST0503,PROD0060,SELL069,3,0.0,Debit Card,Cancelled
ORD006450,2024-11-10,CUST1149,PROD0085,SELL069,2,0.0,Debit Card,Delivered
ORD006451,2025-10-07,CUST0175,PROD0061,SELL006,2,0.0,Credit Card,Delivered
ORD006452,2025-12-07,CUST1050,PROD0011,SELL019,1,0.1,COD,Returned
ORD006453,2024-06-22,CUST0314,PROD0138,SELL015,3,0.15,Net Banking,Cancelled
ORD006454,2025-12-17,CUST0334,PROD0153,SELL051,1,0.1,Credit Card,Returned
ORD006455,2024-01-02,CUST0888,PROD0030,SELL049,4,0.2,UPI,Delivered
ORD006456,2024-04-04,CUST1178,PROD0108,SELL008,4,0.0,COD,Cancelled
ORD006457,2024-02-01,CUST0919,PROD0118,SELL030,2,0.0,COD,Returned
ORD006458,2024-09-25,CUST0695,PROD0159,SELL032,4,0.15,Net Banking,Delivered
ORD006459,2025-11-15,CUST0562,PROD0102,SELL053,4,0.0,Credit Card,Shipped
ORD006460,2025-03-14,CUST1100,PROD0052,SELL004,4,0.15,UPI,Delivered
ORD006461,2025-03-26,CUST0219,PROD0059,SELL004,3,0.05,COD,Returned
ORD006462,2024-03-03,CUST1018,PROD0039,SELL043,1,0.1,COD,Delivered
ORD006463,2025-01-12,CUST0033,PROD0058,SELL059,1,0.05,Credit Card,Returned
ORD006464,2024-10-06,CUST0523,PROD0147,SELL055,2,0.2,Credit Card,Cancelled
ORD006465,2024-12-16,CUST0767,PROD0156,SELL075,3,0.1,COD,Shipped
ORD006466,2024-07-09,CUST1084,PROD0098,SELL018,2,0.1,Credit Card,Delivered
ORD006467,2024-05-27,CUST0994,PROD0043,SELL079,3,0.1,Credit Card,Delivered
ORD006468,2025-11-26,CUST0936,PROD0089,SELL056,2,0.2,Net Banking,Delivered
ORD006469,2025-02-12,CUST0167,PROD0086,SELL015,2,0.2,COD,Delivered
ORD006470,2024-10-27,CUST0382,PROD0118,SELL035,1,0.0,Credit Card,Cancelled
ORD006471,2024-02-23,CUST0906,PROD0031,SELL017,3,0.0,Credit Card,Delivered
ORD006472,2025-07-11,CUST0397,PROD0033,SELL044,3,0.1,Net Banking,Delivered
ORD006473,2024-12-11,CUST0995,PROD0140,SELL074,3,0.1,Credit Card,Cancelled
ORD006474,2024-10-09,CUST0531,PROD0092,SELL027,4,0.2,Net Banking,Returned
ORD006475,2025-05-02,CUST0719,PROD0117,SELL027,3,0.1,UPI,Delivered
ORD006476,2024-04-06,CUST0844,PROD0042,SELL074,4,0.2,Net Banking,Delivered
ORD006477,2025-01-24,CUST0483,PROD0174,SELL004,3,0.15,Credit Card,Delivered
ORD006478,2025-09-22,CUST0182,PROD0166,SELL003,3,0.05,Debit Card,Delivered
ORD006479,2024-12-05,CUST1134,PROD0125,SELL070,3,0.05,Credit Card,Cancelled
ORD006480,2024-01-01,CUST0678,PROD0010,SELL061,3,0.0,Credit Card,Shipped
ORD006481,2024-06-17,CUST1033,PROD0056,SELL009,1,0.15,Net Banking,Delivered
ORD006482,2024-02-10,CUST0955,PROD0152,SELL032,4,0.15,Credit Card,Shipped
ORD006483,2024-12-31,CUST0573,PROD0063,SELL004,1,0.0,Debit Card,Cancelled
ORD006484,2024-09-23,CUST0331,PROD0154,SELL066,2,0.15,UPI,Delivered
ORD006485,2024-04-06,CUST0341,PROD0147,SELL018,3,0.0,Credit Card,Shipped
ORD006486,2025-05-17,CUST0103,PROD0049,SELL055,4,0.15,Debit Card,Shipped
ORD006487,2024-05-09,CUST0266,PROD0044,SELL031,3,0.05,Credit Card,Delivered
ORD006488,2024-09-06,CUST0111,PROD0027,SELL073,1,0.05,COD,Delivered
ORD006489,2025-12-23,CUST0152,PROD0147,SELL012,1,0.2,Credit Card,Delivered
ORD006490,2024-02-18,CUST0747,PROD0068,SELL052,2,0.0,Net Banking,Delivered
ORD006491,2024-06-30,CUST0065,PROD0162,SELL005,4,0.15,Credit Card,Cancelled
ORD006492,2024-08-20,CUST0896,PROD0056,SELL021,4,0.2,Credit Card,Returned
ORD006493,2025-01-06,CUST0257,PROD0018,SELL051,3,0.0,COD,Cancelled
ORD006494,2024-06-28,CUST0733,PROD0086,SELL068,2,0.2,Net Banking,Shipped
ORD006495,2025-12-10,CUST0092,PROD0001,SELL070,1,0.1,UPI,Cancelled
ORD006496,2024-01-04,CUST0112,PROD0117,SELL030,4,0.0,COD,Delivered
ORD006497,2025-11-24,CUST0509,PROD0045,SELL014,1,0.15,Net Banking,Delivered
ORD006498,2025-01-25,CUST0474,PROD0180,SELL013,1,0.2,Debit Card,Returned
ORD006499,2024-01-28,CUST0629,PROD0056,SELL030,2,0.1,COD,Delivered
ORD006500,2024-03-26,CUST0540,PROD0118,SELL005,3,0.1,Debit Card,Shipped
ORD006501,2024-03-16,CUST0887,PROD0013,SELL024,4,0.1,UPI,Returned
ORD006502,2024-07-29,CUST0841,PROD0025,SELL006,4,0.0,Net Banking,Returned
ORD006503,2024-08-31,CUST1130,PROD0013,SELL034,3,0.0,Debit Card,Shipped
ORD006504,2025-04-13,CUST0428,PROD0046,SELL061,2,0.0,Debit Card,Shipped
ORD006505,2024-08-15,CUST0681,PROD0061,SELL014,2,0.1,Credit Card,Returned
ORD006506,2025-06-14,CUST0544,PROD0002,SELL005,2,0.0,COD,Delivered
ORD006507,2024-08-02,CUST0077,PROD0087,SELL027,4,0.1,Debit Card,Delivered
ORD006508,2024-07-11,CUST0516,PROD0107,SELL050,1,0.05,COD,Delivered
ORD006509,2024-07-20,CUST0528,PROD0066,SELL019,4,0.0,Credit Card,Delivered
ORD006510,2024-08-28,CUST0111,PROD0009,SELL013,2,0.1,UPI,Delivered
ORD006511,2025-09-04,CUST0080,PROD0019,SELL041,3,0.1,COD,Cancelled
ORD006512,2024-06-29,CUST0824,PROD0146,SELL079,1,0.2,Debit Card,Returned
ORD006513,2024-07-18,CUST0468,PROD0085,SELL061,2,0.1,Debit Card,Delivered
ORD006514,2025-11-30,CUST0035,PROD0154,SELL033,3,0.05,Debit Card,Shipped
ORD006515,2025-04-22,CUST1181,PROD0158,SELL055,2,0.1,Credit Card,Cancelled
ORD006516,2024-05-19,CUST0662,PROD0099,SELL063,1,0.1,Debit Card,Cancelled
ORD006517,2025-09-26,CUST1133,PROD0061,SELL002,3,0.1,COD,Delivered
ORD006518,2024-05-13,CUST0118,PROD0071,SELL027,3,0.15,Net Banking,Delivered
ORD006519,2024-04-28,CUST0536,PROD0115,SELL067,1,0.05,Credit Card,Delivered
ORD006520,2024-11-21,CUST0375,PROD0108,SELL053,1,0.0,Credit Card,Delivered
ORD006521,2025-05-20,CUST0406,PROD0149,SELL047,4,0.2,UPI,Cancelled
ORD006522,2024-05-18,CUST0905,PROD0081,SELL010,2,0.2,Debit Card,Shipped
ORD006523,2025-07-04,CUST0245,PROD0039,SELL048,1,0.25,Net Banking,Delivered
ORD006524,2024-04-24,CUST0580,PROD0007,SELL031,3,0.1,Debit Card,Delivered
ORD006525,2025-07-25,CUST0570,PROD0170,SELL069,1,0.05,Credit Card,Returned
ORD006526,2024-03-11,CUST0422,PROD0008,SELL035,4,0.2,COD,Delivered
ORD006527,2024-12-05,CUST1067,PROD0026,SELL046,3,0.1,UPI,Delivered
ORD006528,2025-04-12,CUST0494,PROD0079,SELL035,4,0.15,Credit Card,Delivered
ORD006529,2024-07-13,CUST0043,PROD0122,SELL037,2,0.1,Debit Card,Delivered
ORD006530,2025-03-23,CUST1029,PROD0037,SELL068,2,0.05,COD,Delivered
ORD006531,2025-05-18,CUST0166,PROD0141,SELL025,1,0.05,Debit Card,Returned
ORD006532,2025-04-20,CUST0496,PROD0160,SELL043,4,0.2,UPI,Shipped
ORD006533,2024-10-17,CUST0853,PROD0043,SELL008,1,0.0,COD,Cancelled
ORD006534,2025-07-19,CUST0122,PROD0170,SELL037,3,0.15,Debit Card,Shipped
ORD006535,2025-06-18,CUST0691,PROD0110,SELL080,4,0.15,Net Banking,Delivered
ORD006536,2024-08-26,CUST0832,PROD0059,SELL060,2,0.1,Credit Card,Delivered
ORD006537,2025-06-20,CUST0130,PROD0056,SELL079,4,0.2,Net Banking,Cancelled
ORD006538,2025-11-02,CUST0298,PROD0178,SELL036,1,0.0,Net Banking,Returned
ORD006539,2025-08-20,CUST0759,PROD0075,SELL076,4,0.2,COD,Delivered
ORD006540,2025-06-19,CUST0437,PROD0059,SELL054,4,0.05,Credit Card,Returned
ORD006541,2025-07-14,CUST0533,PROD0056,SELL049,3,0.25,UPI,Returned
ORD006542,2025-08-11,CUST0582,PROD0076,SELL051,4,0.05,Debit Card,Shipped
ORD006543,2024-07-30,CUST1116,PROD0083,SELL025,1,0.0,UPI,Shipped
ORD006544,2025-06-11,CUST0088,PROD0138,SELL019,2,0.0,Credit Card,Shipped
ORD006545,2024-05-25,CUST0905,PROD0077,SELL074,2,0.1,UPI,Delivered
ORD006546,2024-09-19,CUST0838,PROD0166,SELL055,2,0.0,Net Banking,Delivered
ORD006547,2025-11-14,CUST0924,PROD0042,SELL023,3,0.15,Credit Card,Shipped
ORD006548,2024-07-25,CUST0358,PROD0156,SELL078,2,0.15,Net Banking,Cancelled
ORD006549,2025-09-08,CUST0727,PROD0122,SELL021,2,0.15,Debit Card,Cancelled
ORD006550,2024-11-04,CUST0297,PROD0114,SELL080,2,0.0,Credit Card,Cancelled
ORD006551,2024-06-02,CUST0916,PROD0167,SELL075,2,0.15,COD,Delivered
ORD006552,2024-03-11,CUST0177,PROD0122,SELL033,3,0.1,Net Banking,Returned
ORD006553,2025-02-04,CUST0815,PROD0042,SELL059,4,0.0,Debit Card,Delivered
ORD006554,2024-11-25,CUST0441,PROD0050,SELL037,3,0.1,UPI,Delivered
ORD006555,2025-01-08,CUST0641,PROD0125,SELL018,3,0.05,Debit Card,Delivered
ORD006556,2024-02-01,CUST1010,PROD0179,SELL012,1,0.1,Net Banking,Delivered
ORD006557,2024-07-14,CUST0152,PROD0033,SELL040,2,0.15,Credit Card,Delivered
ORD006558,2024-01-03,CUST0953,PROD0103,SELL079,3,0.1,Credit Card,Delivered
ORD006559,2024-08-09,CUST0094,PROD0063,SELL020,3,0.0,Net Banking,Cancelled
ORD006560,2025-11-11,CUST0095,PROD0031,SELL028,1,0.15,UPI,Delivered
ORD006561,2024-04-21,CUST0487,PROD0098,SELL056,4,0.15,COD,Delivered
ORD006562,2025-05-18,CUST0302,PROD0175,SELL012,3,0.1,UPI,Delivered
ORD006563,2024-01-05,CUST0191,PROD0137,SELL023,4,0.05,Debit Card,Shipped
ORD006564,2025-02-14,CUST0228,PROD0128,SELL023,3,0.1,COD,Returned
ORD006565,2025-11-04,CUST0731,PROD0066,SELL046,1,0.2,Debit Card,Cancelled
ORD006566,2024-09-06,CUST0345,PROD0149,SELL019,3,0.2,Credit Card,Delivered
ORD006567,2024-05-24,CUST0437,PROD0009,SELL047,4,0.0,Debit Card,Shipped
ORD006568,2025-02-21,CUST0259,PROD0037,SELL063,3,0.1,UPI,Shipped
ORD006569,2024-07-22,CUST1050,PROD0093,SELL001,3,0.05,Debit Card,Cancelled
ORD006570,2025-10-13,CUST0596,PROD0052,SELL043,1,0.15,Net Banking,Delivered
ORD006571,2025-09-12,CUST0267,PROD0154,SELL080,4,0.15,UPI,Delivered
ORD006572,2025-04-21,CUST0876,PROD0043,SELL046,2,0.15,Debit Card,Returned
ORD006573,2025-04-12,CUST0004,PROD0091,SELL027,1,0.05,Credit Card,Delivered
ORD006574,2025-03-16,CUST1119,PROD0087,SELL015,4,0.15,Credit Card,Cancelled
ORD006575,2025-06-21,CUST0112,PROD0127,SELL064,3,0.0,UPI,Returned
ORD006576,2024-12-02,CUST0307,PROD0105,SELL058,4,0.15,UPI,Cancelled
ORD006577,2025-12-09,CUST1103,PROD0171,SELL005,4,0.1,UPI,Delivered
ORD006578,2024-09-09,CUST0385,PROD0042,SELL028,2,0.15,Credit Card,Delivered
ORD006579,2024-01-07,CUST0333,PROD0070,SELL012,2,0.1,Net Banking,Cancelled
ORD006580,2025-05-25,CUST0152,PROD0054,SELL066,3,0.25,Debit Card,Cancelled
ORD006581,2025-04-29,CUST0530,PROD0064,SELL028,3,0.2,Debit Card,Delivered
ORD006582,2025-12-18,CUST0016,PROD0124,SELL064,1,0.0,UPI,Cancelled
ORD006583,2024-10-15,CUST0858,PROD0091,SELL043,2,0.15,Debit Card,Delivered
ORD006584,2024-11-06,CUST0629,PROD0124,SELL030,1,0.05,UPI,Delivered
ORD006585,2025-02-14,CUST1093,PROD0134,SELL071,2,0.0,UPI,Delivered
ORD006586,2024-10-13,CUST0734,PROD0033,SELL004,3,0.25,COD,Shipped
ORD006587,2025-07-27,CUST0056,PROD0117,SELL020,4,0.05,COD,Delivered
ORD006588,2024-11-08,CUST1090,PROD0134,SELL044,3,0.1,Net Banking,Delivered
ORD006589,2025-07-26,CUST0319,PROD0070,SELL002,1,0.05,UPI,Returned
ORD006590,2024-11-07,CUST0490,PROD0144,SELL066,4,0.25,Debit Card,Shipped
ORD006591,2024-06-13,CUST1112,PROD0089,SELL078,2,0.05,UPI,Shipped
ORD006592,2025-12-25,CUST0602,PROD0001,SELL077,2,0.0,Net Banking,Returned
ORD006593,2025-01-19,CUST0149,PROD0115,SELL008,3,0.0,Credit Card,Shipped
ORD006594,2025-05-31,CUST0810,PROD0108,SELL028,1,0.0,Credit Card,Delivered
ORD006595,2025-03-08,CUST0724,PROD0170,SELL061,2,0.1,UPI,Returned
ORD006596,2024-09-19,CUST0355,PROD0156,SELL056,4,0.0,Credit Card,Delivered
ORD006597,2025-12-11,CUST0813,PROD0177,SELL050,4,0.0,Credit Card,Cancelled
ORD006598,2024-09-28,CUST0753,PROD0047,SELL013,1,0.0,Net Banking,Cancelled
ORD006599,2025-12-26,CUST0529,PROD0129,SELL026,1,0.1,COD,Cancelled
ORD006600,2024-11-10,CUST0097,PROD0053,SELL010,2,0.05,Credit Card,Delivered
ORD006601,2024-01-17,CUST0485,PROD0023,SELL059,1,0.15,Debit Card,Shipped
ORD006602,2024-01-27,CUST0609,PROD0174,SELL002,1,0.0,Net Banking,Returned
ORD006603,2025-12-12,CUST0228,PROD0112,SELL079,2,0.15,Debit Card,Delivered
ORD006604,2025-01-20,CUST1094,PROD0120,SELL049,2,0.25,UPI,Returned
ORD006605,2024-10-10,CUST0992,PROD0110,SELL056,2,0.2,Net Banking,Delivered
ORD006606,2025-08-16,CUST0915,PROD0084,SELL020,3,0.05,Credit Card,Returned
ORD006607,2025-03-27,CUST0042,PROD0118,SELL010,3,0.0,COD,Delivered
ORD006608,2025-04-27,CUST0295,PROD0008,SELL056,4,0.1,Credit Card,Delivered
ORD006609,2025-05-16,CUST0251,PROD0174,SELL044,2,0.1,UPI,Delivered
ORD006610,2024-05-25,CUST0828,PROD0008,SELL073,2,0.25,COD,Returned
ORD006611,2024-03-05,CUST0476,PROD0140,SELL077,4,0.2,Credit Card,Delivered
ORD006612,2025-06-16,CUST0149,PROD0135,SELL002,2,0.1,COD,Shipped
ORD006613,2024-01-16,CUST0230,PROD0129,SELL036,3,0.0,Net Banking,Delivered
ORD006614,2025-06-09,CUST0090,PROD0172,SELL019,4,0.1,Net Banking,Delivered
ORD006615,2024-04-04,CUST0902,PROD0135,SELL006,1,0.05,UPI,Delivered
ORD006616,2024-07-10,CUST0875,PROD0004,SELL015,1,0.15,Net Banking,Delivered
ORD006617,2025-06-01,CUST0495,PROD0175,SELL037,3,0.2,Debit Card,Delivered
ORD006618,2025-03-31,CUST0157,PROD0104,SELL036,2,0.1,COD,Delivered
ORD006619,2025-07-25,CUST0608,PROD0026,SELL041,4,0.1,COD,Delivered
ORD006620,2025-03-22,CUST0176,PROD0117,SELL001,4,0.05,UPI,Cancelled
ORD006621,2024-02-04,CUST0662,PROD0121,SELL007,2,0.1,Credit Card,Returned
ORD006622,2025-09-05,CUST0684,PROD0083,SELL039,1,0.1,Debit Card,Returned
ORD006623,2024-06-06,CUST0459,PROD0104,SELL051,4,0.05,Credit Card,Delivered
ORD006624,2024-04-09,CUST0809,PROD0119,SELL063,3,0.0,Credit Card,Delivered
ORD006625,2025-10-04,CUST1160,PROD0095,SELL053,2,0.0,UPI,Delivered
ORD006626,2024-05-22,CUST0495,PROD0028,SELL001,1,0.2,Net Banking,Cancelled
ORD006627,2025-01-26,CUST1129,PROD0006,SELL040,2,0.1,COD,Cancelled
ORD006628,2024-12-21,CUST0155,PROD0095,SELL018,3,0.05,UPI,Cancelled
ORD006629,2025-07-16,CUST1020,PROD0092,SELL028,4,0.2,COD,Cancelled
ORD006630,2024-02-02,CUST1045,PROD0048,SELL039,2,0.0,Credit Card,Delivered
ORD006631,2024-03-18,CUST0665,PROD0053,SELL028,2,0.15,COD,Delivered
ORD006632,2024-10-30,CUST1106,PROD0116,SELL044,1,0.15,Net Banking,Shipped
ORD006633,2024-12-11,CUST0664,PROD0125,SELL014,4,0.15,UPI,Returned
ORD006634,2025-07-30,CUST0806,PROD0068,SELL038,3,0.0,Credit Card,Delivered
ORD006635,2025-03-18,CUST0047,PROD0070,SELL002,2,0.25,Net Banking,Shipped
ORD006636,2024-04-18,CUST0822,PROD0167,SELL010,2,0.1,UPI,Delivered
ORD006637,2025-12-16,CUST0406,PROD0061,SELL066,4,0.1,Credit Card,Shipped
ORD006638,2024-12-02,CUST0110,PROD0173,SELL026,4,0.05,COD,Shipped
ORD006639,2025-12-06,CUST0397,PROD0143,SELL028,2,0.1,Debit Card,Returned
ORD006640,2025-12-24,CUST0719,PROD0005,SELL035,1,0.25,Debit Card,Delivered
ORD006641,2024-02-07,CUST1060,PROD0036,SELL066,1,0.2,Debit Card,Shipped
ORD006642,2025-01-04,CUST0601,PROD0132,SELL012,1,0.05,Net Banking,Shipped
ORD006643,2024-11-04,CUST0456,PROD0059,SELL060,3,0.15,Debit Card,Returned
ORD006644,2024-12-30,CUST0459,PROD0161,SELL021,4,0.05,Net Banking,Delivered
ORD006645,2024-08-14,CUST0510,PROD0166,SELL008,1,0.05,Debit Card,Returned
ORD006646,2025-02-12,CUST0738,PROD0079,SELL006,1,0.0,Debit Card,Delivered
ORD006647,2024-12-25,CUST0288,PROD0005,SELL058,1,0.15,COD,Delivered
ORD006648,2024-05-15,CUST0082,PROD0097,SELL053,2,0.1,Debit Card,Delivered
ORD006649,2024-07-29,CUST0071,PROD0084,SELL063,2,0.05,Credit Card,Returned
ORD006650,2024-04-17,CUST0051,PROD0070,SELL006,2,0.15,UPI,Delivered
ORD006651,2025-09-08,CUST1152,PROD0118,SELL069,4,0.1,Debit Card,Delivered
ORD006652,2025-05-10,CUST0763,PROD0080,SELL025,1,0.1,Net Banking,Cancelled
ORD006653,2024-10-10,CUST0154,PROD0051,SELL057,3,0.1,UPI,Shipped
ORD006654,2024-10-16,CUST0643,PROD0143,SELL065,4,0.0,UPI,Delivered
ORD006655,2024-02-27,CUST0307,PROD0063,SELL066,4,0.1,Credit Card,Delivered
ORD006656,2024-07-30,CUST0951,PROD0053,SELL019,4,0.05,Net Banking,Cancelled
ORD006657,2025-11-06,CUST0445,PROD0152,SELL044,1,0.05,COD,Delivered
ORD006658,2024-01-23,CUST1079,PROD0124,SELL047,2,0.15,UPI,Delivered
ORD006659,2024-04-16,CUST0077,PROD0098,SELL049,4,0.2,Credit Card,Delivered
ORD006660,2025-09-10,CUST0241,PROD0095,SELL079,1,0.25,UPI,Shipped
ORD006661,2025-01-15,CUST0286,PROD0172,SELL021,3,0.2,UPI,Delivered
ORD006662,2024-01-24,CUST0929,PROD0044,SELL047,2,0.15,UPI,Delivered
ORD006663,2024-12-24,CUST1038,PROD0101,SELL025,3,0.25,Credit Card,Cancelled
ORD006664,2025-07-02,CUST1066,PROD0042,SELL004,3,0.1,UPI,Shipped
ORD006665,2024-09-09,CUST0978,PROD0010,SELL056,2,0.1,Debit Card,Delivered
ORD006666,2024-10-06,CUST0930,PROD0073,SELL053,3,0.15,Credit Card,Returned
ORD006667,2025-04-06,CUST0737,PROD0107,SELL019,2,0.15,Net Banking,Delivered
ORD006668,2025-03-13,CUST0621,PROD0115,SELL041,1,0.1,Net Banking,Returned
ORD006669,2025-10-22,CUST1101,PROD0166,SELL061,2,0.2,COD,Shipped
ORD006670,2024-06-30,CUST1103,PROD0117,SELL068,4,0.1,Net Banking,Cancelled
ORD006671,2024-07-20,CUST0660,PROD0177,SELL069,2,0.15,UPI,Shipped
ORD006672,2024-04-23,CUST0260,PROD0014,SELL009,1,0.15,Debit Card,Delivered
ORD006673,2025-05-01,CUST1005,PROD0170,SELL069,4,0.2,Debit Card,Returned
ORD006674,2025-01-24,CUST1098,PROD0036,SELL008,2,0.15,UPI,Shipped
ORD006675,2024-09-10,CUST0151,PROD0142,SELL049,1,0.0,Net Banking,Delivered
ORD006676,2025-05-23,CUST0560,PROD0093,SELL032,4,0.1,Debit Card,Delivered
ORD006677,2024-10-02,CUST0387,PROD0037,SELL053,4,0.0,Debit Card,Delivered
ORD006678,2024-05-22,CUST1141,PROD0119,SELL017,4,0.15,COD,Shipped
ORD006679,2025-01-29,CUST0543,PROD0056,SELL028,1,0.1,UPI,Returned
ORD006680,2024-11-14,CUST0935,PROD0136,SELL011,4,0.15,Net Banking,Returned
ORD006681,2024-10-23,CUST0617,PROD0073,SELL049,1,0.15,COD,Delivered
ORD006682,2024-11-21,CUST0552,PROD0019,SELL046,4,0.1,COD,Returned
ORD006683,2025-10-30,CUST0039,PROD0003,SELL068,3,0.05,Debit Card,Shipped
ORD006684,2024-06-06,CUST0440,PROD0087,SELL031,4,0.2,COD,Delivered
ORD006685,2024-07-20,CUST0951,PROD0068,SELL001,1,0.0,Credit Card,Delivered
ORD006686,2025-02-17,CUST0390,PROD0112,SELL044,4,0.15,Net Banking,Delivered
ORD006687,2024-02-04,CUST0164,PROD0103,SELL073,3,0.1,UPI,Shipped
ORD006688,2024-04-16,CUST0953,PROD0008,SELL024,4,0.2,Net Banking,Returned
ORD006689,2025-02-17,CUST0130,PROD0112,SELL017,4,0.2,Debit Card,Shipped
ORD006690,2025-01-07,CUST0221,PROD0025,SELL060,2,0.0,UPI,Delivered
ORD006691,2025-04-22,CUST1105,PROD0026,SELL061,4,0.2,COD,Delivered
ORD006692,2024-03-23,CUST0746,PROD0124,SELL035,2,0.1,Credit Card,Shipped
ORD006693,2025-09-16,CUST1130,PROD0094,SELL069,4,0.2,UPI,Delivered
ORD006694,2024-12-20,CUST0495,PROD0064,SELL010,3,0.15,Net Banking,Shipped
ORD006695,2024-04-23,CUST0201,PROD0147,SELL052,1,0.2,Credit Card,Delivered
ORD006696,2024-08-15,CUST0648,PROD0023,SELL037,4,0.15,Debit Card,Cancelled
ORD006697,2024-06-15,CUST0224,PROD0174,SELL002,3,0.1,Debit Card,Cancelled
ORD006698,2024-11-26,CUST0691,PROD0003,SELL063,1,0.05,Credit Card,Delivered
ORD006699,2024-12-09,CUST0601,PROD0026,SELL007,1,0.2,COD,Returned
ORD006700,2024-11-13,CUST0588,PROD0063,SELL003,3,0.15,COD,Delivered
ORD006701,2024-12-02,CUST0155,PROD0080,SELL020,1,0.0,COD,Delivered
ORD006702,2025-10-25,CUST0725,PROD0077,SELL034,3,0.0,Debit Card,Delivered
ORD006703,2025-12-02,CUST0077,PROD0170,SELL074,4,0.1,Credit Card,Delivered
ORD006704,2024-12-24,CUST0344,PROD0003,SELL032,3,0.1,Net Banking,Returned
ORD006705,2025-12-04,CUST0092,PROD0149,SELL048,2,0.15,Credit Card,Delivered
ORD006706,2025-08-21,CUST0679,PROD0160,SELL045,4,0.1,UPI,Delivered
ORD006707,2025-08-22,CUST1111,PROD0086,SELL064,1,0.15,UPI,Shipped
ORD006708,2024-06-13,CUST0025,PROD0162,SELL003,2,0.2,UPI,Cancelled
ORD006709,2024-11-16,CUST0316,PROD0158,SELL060,2,0.0,UPI,Shipped
ORD006710,2024-09-14,CUST1090,PROD0173,SELL013,3,0.05,COD,Delivered
ORD006711,2024-03-11,CUST0052,PROD0174,SELL029,2,0.05,Net Banking,Cancelled
ORD006712,2024-02-24,CUST0265,PROD0121,SELL080,2,0.15,COD,Shipped
ORD006713,2025-03-30,CUST0939,PROD0037,SELL039,3,0.0,Net Banking,Delivered
ORD006714,2024-11-03,CUST0437,PROD0169,SELL056,1,0.15,Debit Card,Delivered
ORD006715,2025-08-26,CUST0086,PROD0174,SELL047,2,0.2,Debit Card,Delivered
ORD006716,2025-05-03,CUST0641,PROD0033,SELL036,3,0.1,Debit Card,Delivered
ORD006717,2024-03-03,CUST0083,PROD0108,SELL050,2,0.1,Debit Card,Cancelled
ORD006718,2025-09-04,CUST0892,PROD0078,SELL023,3,0.1,COD,Returned
ORD006719,2024-12-28,CUST1002,PROD0122,SELL070,4,0.2,Net Banking,Delivered
ORD006720,2025-02-17,CUST1091,PROD0002,SELL018,1,0.1,Credit Card,Delivered
ORD006721,2025-12-06,CUST0583,PROD0145,SELL047,4,0.05,UPI,Shipped
ORD006722,2025-04-12,CUST0330,PROD0046,SELL066,1,0.1,UPI,Delivered
ORD006723,2024-01-17,CUST0106,PROD0068,SELL079,2,0.1,Debit Card,Returned
ORD006724,2024-05-09,CUST0111,PROD0103,SELL059,4,0.0,Debit Card,Delivered
ORD006725,2024-11-07,CUST1067,PROD0116,SELL033,4,0.1,COD,Cancelled
ORD006726,2024-01-28,CUST0994,PROD0067,SELL047,3,0.15,COD,Shipped
ORD006727,2024-05-02,CUST1097,PROD0064,SELL039,4,0.15,Net Banking,Returned
ORD006728,2025-08-01,CUST0545,PROD0050,SELL044,1,0.15,Debit Card,Cancelled
ORD006729,2024-04-14,CUST0590,PROD0019,SELL075,2,0.15,UPI,Cancelled
ORD006730,2024-05-02,CUST0904,PROD0021,SELL043,4,0.0,Net Banking,Delivered
ORD006731,2025-01-03,CUST0239,PROD0053,SELL013,3,0.2,UPI,Shipped
ORD006732,2024-03-07,CUST0108,PROD0163,SELL058,4,0.0,COD,Delivered
ORD006733,2024-07-05,CUST0551,PROD0172,SELL034,1,0.05,Net Banking,Returned
ORD006734,2025-11-16,CUST0623,PROD0140,SELL053,2,0.15,COD,Delivered
ORD006735,2025-04-06,CUST0527,PROD0140,SELL019,4,0.15,Credit Card,Delivered
ORD006736,2025-12-05,CUST0633,PROD0171,SELL067,4,0.1,COD,Delivered
ORD006737,2024-09-15,CUST0502,PROD0147,SELL020,1,0.25,Debit Card,Delivered
ORD006738,2025-03-26,CUST0479,PROD0056,SELL033,2,0.2,COD,Delivered
ORD006739,2024-06-23,CUST0908,PROD0004,SELL057,4,0.2,COD,Delivered
ORD006740,2024-10-03,CUST0919,PROD0081,SELL018,2,0.2,UPI,Delivered
ORD006741,2024-05-07,CUST0685,PROD0043,SELL040,3,0.2,COD,Returned
ORD006742,2025-09-01,CUST0105,PROD0066,SELL011,4,0.05,COD,Shipped
ORD006743,2024-05-14,CUST0127,PROD0124,SELL070,4,0.15,Debit Card,Shipped
ORD006744,2024-05-29,CUST1078,PROD0068,SELL022,4,0.1,UPI,Delivered
ORD006745,2024-12-05,CUST0807,PROD0097,SELL048,3,0.0,Net Banking,Delivered
ORD006746,2024-11-09,CUST0403,PROD0091,SELL054,2,0.1,Net Banking,Returned
ORD006747,2024-08-17,CUST0205,PROD0067,SELL070,2,0.1,Net Banking,Delivered
ORD006748,2024-09-17,CUST0528,PROD0141,SELL044,2,0.2,Debit Card,Returned
ORD006749,2024-08-03,CUST0197,PROD0176,SELL073,1,0.15,Credit Card,Delivered
ORD006750,2025-10-29,CUST0011,PROD0061,SELL015,2,0.2,Debit Card,Delivered
ORD006751,2025-02-28,CUST0671,PROD0037,SELL010,1,0.05,Net Banking,Shipped
ORD006752,2025-11-03,CUST0791,PROD0024,SELL063,2,0.15,UPI,Delivered
ORD006753,2025-12-22,CUST0445,PROD0080,SELL043,1,0.2,Debit Card,Shipped
ORD006754,2025-04-20,CUST0597,PROD0064,SELL024,2,0.2,UPI,Returned
ORD006755,2025-08-26,CUST0090,PROD0171,SELL004,4,0.2,COD,Delivered
ORD006756,2024-03-21,CUST0235,PROD0149,SELL042,3,0.0,Debit Card,Returned
ORD006757,2025-11-25,CUST0842,PROD0165,SELL060,3,0.1,Net Banking,Shipped
ORD006758,2024-12-18,CUST1116,PROD0044,SELL019,3,0.1,Net Banking,Delivered
ORD006759,2025-06-05,CUST0540,PROD0143,SELL080,1,0.05,COD,Delivered
ORD006760,2024-06-28,CUST0206,PROD0104,SELL042,4,0.0,Credit Card,Returned
ORD006761,2024-03-10,CUST1054,PROD0035,SELL035,1,0.1,Net Banking,Delivered
ORD006762,2025-10-08,CUST0086,PROD0113,SELL028,2,0.0,Debit Card,Delivered
ORD006763,2024-11-24,CUST0501,PROD0045,SELL012,4,0.15,Debit Card,Delivered
ORD006764,2024-04-11,CUST1093,PROD0070,SELL049,1,0.15,Debit Card,Returned
ORD006765,2025-04-26,CUST0808,PROD0060,SELL022,3,0.0,Net Banking,Returned
ORD006766,2024-02-09,CUST0763,PROD0142,SELL052,4,0.2,Credit Card,Returned
ORD006767,2024-11-25,CUST1149,PROD0106,SELL041,1,0.0,COD,Delivered
ORD006768,2025-05-29,CUST0260,PROD0005,SELL015,3,0.05,Debit Card,Delivered
ORD006769,2025-06-10,CUST1135,PROD0122,SELL042,4,0.1,Net Banking,Shipped
ORD006770,2024-11-27,CUST0926,PROD0022,SELL050,4,0.05,Debit Card,Delivered
ORD006771,2024-09-27,CUST0085,PROD0162,SELL016,1,0.0,Debit Card,Shipped
ORD006772,2025-09-04,CUST0026,PROD0163,SELL022,2,0.15,COD,Delivered
ORD006773,2024-05-15,CUST0441,PROD0060,SELL056,4,0.2,Net Banking,Delivered
ORD006774,2024-02-24,CUST0900,PROD0001,SELL076,2,0.0,Credit Card,Shipped
ORD006775,2024-04-24,CUST1110,PROD0077,SELL075,1,0.05,Debit Card,Returned
ORD006776,2025-08-08,CUST0711,PROD0091,SELL032,2,0.2,Credit Card,Delivered
ORD006777,2024-12-09,CUST1105,PROD0128,SELL069,2,0.1,UPI,Delivered
ORD006778,2024-01-28,CUST0442,PROD0037,SELL033,1,0.0,COD,Shipped
ORD006779,2024-05-03,CUST0589,PROD0117,SELL029,1,0.0,Credit Card,Returned
ORD006780,2024-01-21,CUST0178,PROD0175,SELL075,1,0.25,Credit Card,Delivered
ORD006781,2025-08-18,CUST0963,PROD0166,SELL018,1,0.1,UPI,Delivered
ORD006782,2024-12-03,CUST0495,PROD0090,SELL025,4,0.2,Credit Card,Delivered
ORD006783,2024-02-19,CUST0344,PROD0172,SELL053,3,0.15,Credit Card,Cancelled
ORD006784,2024-06-10,CUST0571,PROD0068,SELL012,2,0.05,Credit Card,Delivered
ORD006785,2025-03-26,CUST0069,PROD0002,SELL017,3,0.1,Credit Card,Delivered
ORD006786,2025-03-10,CUST0389,PROD0082,SELL004,3,0.1,UPI,Returned
ORD006787,2025-08-21,CUST0450,PROD0123,SELL041,1,0.1,Credit Card,Delivered
ORD006788,2024-01-19,CUST0470,PROD0118,SELL051,2,0.05,COD,Returned
ORD006789,2024-02-20,CUST0084,PROD0101,SELL006,4,0.1,Debit Card,Delivered
ORD006790,2024-01-26,CUST0220,PROD0001,SELL028,4,0.1,Credit Card,Cancelled
ORD006791,2024-10-15,CUST0856,PROD0150,SELL036,2,0.2,UPI,Delivered
ORD006792,2025-06-15,CUST1000,PROD0048,SELL056,4,0.1,Net Banking,Delivered
ORD006793,2025-04-29,CUST0086,PROD0121,SELL078,3,0.05,COD,Delivered
ORD006794,2024-06-02,CUST0541,PROD0010,SELL005,3,0.15,COD,Delivered
ORD006795,2025-04-25,CUST0461,PROD0027,SELL006,1,0.15,UPI,Delivered
ORD006796,2025-04-24,CUST0509,PROD0130,SELL051,4,0.25,Credit Card,Shipped
ORD006797,2024-05-19,CUST0297,PROD0005,SELL019,3,0.1,UPI,Delivered
ORD006798,2025-07-02,CUST1187,PROD0170,SELL003,2,0.1,Credit Card,Cancelled
ORD006799,2024-11-04,CUST1057,PROD0114,SELL031,4,0.05,Debit Card,Delivered
ORD006800,2024-02-13,CUST1050,PROD0109,SELL019,3,0.0,Credit Card,Cancelled
ORD006801,2024-10-12,CUST1007,PROD0107,SELL067,1,0.1,Debit Card,Shipped
ORD006802,2025-07-16,CUST0763,PROD0027,SELL028,1,0.05,Credit Card,Returned
ORD006803,2025-05-23,CUST0251,PROD0081,SELL024,2,0.1,UPI,Delivered
ORD006804,2024-07-15,CUST0613,PROD0050,SELL027,4,0.1,COD,Delivered
ORD006805,2025-07-07,CUST0304,PROD0159,SELL001,3,0.1,Net Banking,Delivered
ORD006806,2024-10-11,CUST0768,PROD0068,SELL067,2,0.1,Credit Card,Cancelled
ORD006807,2024-12-02,CUST0305,PROD0154,SELL013,2,0.05,Credit Card,Shipped
ORD006808,2024-03-04,CUST0656,PROD0147,SELL032,4,0.05,Net Banking,Returned
ORD006809,2025-12-29,CUST0643,PROD0053,SELL039,3,0.15,Net Banking,Returned
ORD006810,2025-09-05,CUST0796,PROD0025,SELL015,1,0.1,Net Banking,Returned
ORD006811,2024-05-22,CUST0542,PROD0024,SELL008,4,0.2,COD,Shipped
ORD006812,2025-02-13,CUST1030,PROD0051,SELL053,2,0.0,Debit Card,Delivered
ORD006813,2025-07-24,CUST0985,PROD0048,SELL068,2,0.0,Debit Card,Delivered
ORD006814,2025-01-03,CUST0886,PROD0137,SELL077,3,0.05,COD,Delivered
ORD006815,2024-06-03,CUST0659,PROD0159,SELL018,1,0.2,UPI,Delivered
ORD006816,2025-12-09,CUST0584,PROD0053,SELL077,4,0.1,Debit Card,Returned
ORD006817,2024-07-15,CUST0288,PROD0085,SELL063,2,0.15,Net Banking,Shipped
ORD006818,2024-09-01,CUST0772,PROD0169,SELL062,1,0.0,Net Banking,Delivered
ORD006819,2024-09-28,CUST0665,PROD0083,SELL007,1,0.1,UPI,Cancelled
ORD006820,2025-10-13,CUST0127,PROD0128,SELL068,4,0.1,COD,Returned
ORD006821,2024-12-31,CUST1058,PROD0166,SELL056,4,0.2,Debit Card,Delivered
ORD006822,2025-06-10,CUST1155,PROD0053,SELL046,1,0.2,COD,Returned
ORD006823,2025-10-20,CUST0039,PROD0048,SELL010,1,0.05,Debit Card,Delivered
ORD006824,2025-11-09,CUST1077,PROD0159,SELL067,1,0.2,Debit Card,Delivered
ORD006825,2025-09-18,CUST0063,PROD0023,SELL063,3,0.0,COD,Shipped
ORD006826,2025-10-25,CUST0638,PROD0175,SELL079,4,0.0,COD,Shipped
ORD006827,2025-11-24,CUST0693,PROD0046,SELL029,3,0.2,Credit Card,Delivered
ORD006828,2025-12-25,CUST1010,PROD0173,SELL066,3,0.05,Credit Card,Delivered
ORD006829,2025-04-15,CUST0377,PROD0056,SELL055,3,0.05,COD,Delivered
ORD006830,2024-04-06,CUST1135,PROD0060,SELL026,4,0.1,Debit Card,Delivered
ORD006831,2024-03-23,CUST1179,PROD0152,SELL066,1,0.1,COD,Cancelled
ORD006832,2025-08-04,CUST0961,PROD0092,SELL048,1,0.15,COD,Returned
ORD006833,2024-08-19,CUST0548,PROD0054,SELL070,4,0.0,Net Banking,Delivered
ORD006834,2025-08-11,CUST0261,PROD0156,SELL074,3,0.15,UPI,Delivered
ORD006835,2025-11-14,CUST0731,PROD0047,SELL068,3,0.1,Debit Card,Delivered
ORD006836,2025-04-16,CUST0505,PROD0145,SELL052,2,0.05,Net Banking,Delivered
ORD006837,2025-07-12,CUST0482,PROD0092,SELL066,2,0.0,Debit Card,Cancelled
ORD006838,2024-07-22,CUST0634,PROD0178,SELL006,1,0.2,Net Banking,Cancelled
ORD006839,2024-11-13,CUST1057,PROD0152,SELL023,3,0.1,UPI,Delivered
ORD006840,2025-12-06,CUST0453,PROD0012,SELL006,3,0.05,Credit Card,Delivered
ORD006841,2025-08-20,CUST0688,PROD0031,SELL079,3,0.0,Net Banking,Shipped
ORD006842,2024-05-29,CUST0548,PROD0066,SELL031,3,0.2,UPI,Delivered
ORD006843,2025-11-15,CUST1062,PROD0055,SELL024,4,0.25,COD,Delivered
ORD006844,2024-12-31,CUST0153,PROD0152,SELL003,1,0.15,UPI,Delivered
ORD006845,2025-09-08,CUST0368,PROD0127,SELL012,4,0.1,COD,Shipped
ORD006846,2025-01-16,CUST0904,PROD0107,SELL001,2,0.1,UPI,Returned
ORD006847,2025-03-17,CUST0553,PROD0026,SELL032,1,0.15,COD,Delivered
ORD006848,2024-04-28,CUST0383,PROD0029,SELL041,4,0.15,Credit Card,Cancelled
ORD006849,2024-09-04,CUST1134,PROD0055,SELL006,1,0.1,Net Banking,Delivered
ORD006850,2025-06-12,CUST0684,PROD0034,SELL039,2,0.15,UPI,Delivered
ORD006851,2025-09-07,CUST0183,PROD0103,SELL052,3,0.0,UPI,Delivered
ORD006852,2024-03-05,CUST0455,PROD0088,SELL063,2,0.1,Debit Card,Delivered
ORD006853,2024-02-26,CUST0683,PROD0092,SELL037,3,0.0,COD,Delivered
ORD006854,2025-05-21,CUST1160,PROD0162,SELL018,2,0.05,Net Banking,Delivered
ORD006855,2024-11-22,CUST0494,PROD0118,SELL015,2,0.05,Debit Card,Shipped
ORD006856,2025-09-12,CUST0249,PROD0056,SELL062,3,0.15,Debit Card,Delivered
ORD006857,2024-02-19,CUST0109,PROD0069,SELL003,1,0.2,Net Banking,Delivered
ORD006858,2024-09-12,CUST0163,PROD0133,SELL019,2,0.15,Net Banking,Delivered
ORD006859,2024-01-26,CUST1091,PROD0059,SELL058,3,0.0,Debit Card,Shipped
ORD006860,2025-06-02,CUST1031,PROD0047,SELL025,2,0.1,UPI,Returned
ORD006861,2025-09-19,CUST0366,PROD0175,SELL078,4,0.0,Debit Card,Cancelled
ORD006862,2024-04-24,CUST0118,PROD0177,SELL060,2,0.1,UPI,Shipped
ORD006863,2024-08-24,CUST0811,PROD0091,SELL031,2,0.15,Net Banking,Delivered
ORD006864,2025-09-10,CUST0500,PROD0038,SELL080,1,0.2,COD,Delivered
ORD006865,2024-01-31,CUST0179,PROD0001,SELL016,4,0.05,Debit Card,Returned
ORD006866,2025-11-26,CUST0305,PROD0057,SELL018,3,0.15,Credit Card,Delivered
ORD006867,2025-10-10,CUST0667,PROD0162,SELL050,1,0.0,Net Banking,Delivered
ORD006868,2024-04-21,CUST1068,PROD0121,SELL028,4,0.15,Credit Card,Returned
ORD006869,2024-04-11,CUST0701,PROD0062,SELL031,3,0.0,Credit Card,Cancelled
ORD006870,2025-05-20,CUST0270,PROD0019,SELL067,2,0.15,COD,Delivered
ORD006871,2024-01-08,CUST0887,PROD0036,SELL074,4,0.2,Net Banking,Cancelled
ORD006872,2025-01-04,CUST1024,PROD0014,SELL027,2,0.15,Debit Card,Cancelled
ORD006873,2024-02-18,CUST1180,PROD0065,SELL006,3,0.1,Net Banking,Cancelled
ORD006874,2025-01-23,CUST0900,PROD0169,SELL078,1,0.1,Credit Card,Delivered
ORD006875,2024-09-12,CUST0758,PROD0008,SELL018,4,0.1,Net Banking,Cancelled
ORD006876,2025-05-31,CUST0431,PROD0061,SELL055,1,0.1,Credit Card,Shipped
ORD006877,2025-10-05,CUST1000,PROD0139,SELL012,3,0.1,Credit Card,Delivered
ORD006878,2024-12-23,CUST1196,PROD0010,SELL008,1,0.05,Debit Card,Delivered
ORD006879,2025-04-14,CUST0842,PROD0021,SELL033,2,0.0,Credit Card,Cancelled
ORD006880,2025-03-14,CUST0174,PROD0135,SELL005,1,0.05,UPI,Delivered
ORD006881,2025-12-20,CUST0527,PROD0047,SELL078,4,0.0,Credit Card,Cancelled
ORD006882,2024-06-17,CUST0597,PROD0036,SELL047,1,0.15,UPI,Shipped
ORD006883,2024-06-23,CUST1119,PROD0011,SELL075,3,0.05,Net Banking,Returned
ORD006884,2024-10-03,CUST0481,PROD0121,SELL066,2,0.1,Debit Card,Delivered
ORD006885,2025-06-22,CUST0869,PROD0124,SELL017,3,0.2,Net Banking,Delivered
ORD006886,2025-09-24,CUST0237,PROD0157,SELL009,4,0.0,Net Banking,Cancelled
ORD006887,2024-07-22,CUST0312,PROD0109,SELL027,2,0.1,UPI,Delivered
ORD006888,2024-03-21,CUST0994,PROD0006,SELL065,1,0.1,Net Banking,Cancelled
ORD006889,2025-03-20,CUST0763,PROD0126,SELL060,3,0.25,UPI,Delivered
ORD006890,2025-03-12,CUST0384,PROD0179,SELL022,1,0.05,COD,Shipped
ORD006891,2024-09-30,CUST0753,PROD0014,SELL017,2,0.15,Debit Card,Delivered
ORD006892,2024-05-14,CUST0483,PROD0047,SELL040,3,0.0,Debit Card,Delivered
ORD006893,2025-09-13,CUST0503,PROD0154,SELL001,4,0.1,Debit Card,Delivered
ORD006894,2025-09-10,CUST0431,PROD0052,SELL062,2,0.1,Debit Card,Cancelled
ORD006895,2025-06-30,CUST0608,PROD0126,SELL030,4,0.0,Net Banking,Cancelled
ORD006896,2025-02-27,CUST1112,PROD0101,SELL032,1,0.0,Credit Card,Delivered
ORD006897,2024-07-10,CUST0078,PROD0006,SELL037,1,0.1,Debit Card,Delivered
ORD006898,2024-10-21,CUST0234,PROD0077,SELL057,4,0.05,UPI,Cancelled
ORD006899,2024-02-20,CUST0195,PROD0005,SELL065,4,0.2,UPI,Delivered
ORD006900,2024-07-01,CUST0872,PROD0163,SELL053,1,0.0,UPI,Delivered
ORD006901,2024-11-25,CUST0996,PROD0170,SELL010,2,0.1,UPI,Delivered
ORD006902,2024-11-15,CUST1082,PROD0006,SELL050,4,0.05,Debit Card,Delivered
ORD006903,2024-02-28,CUST0815,PROD0041,SELL078,4,0.1,COD,Returned
ORD006904,2025-12-01,CUST0433,PROD0102,SELL046,3,0.1,UPI,Delivered
ORD006905,2024-07-15,CUST0969,PROD0126,SELL033,4,0.1,Credit Card,Delivered
ORD006906,2025-01-07,CUST0590,PROD0108,SELL044,3,0.0,Credit Card,Cancelled
ORD006907,2024-12-06,CUST0538,PROD0063,SELL055,4,0.0,COD,Delivered
ORD006908,2024-12-09,CUST0596,PROD0013,SELL042,4,0.1,COD,Cancelled
ORD006909,2025-09-09,CUST0643,PROD0029,SELL040,2,0.1,Debit Card,Cancelled
ORD006910,2025-06-29,CUST0637,PROD0053,SELL072,3,0.0,Debit Card,Returned
ORD006911,2025-09-26,CUST1164,PROD0162,SELL012,2,0.15,Credit Card,Delivered
ORD006912,2024-10-04,CUST0845,PROD0063,SELL042,2,0.25,COD,Delivered
ORD006913,2024-07-12,CUST0191,PROD0021,SELL005,1,0.1,Debit Card,Returned
ORD006914,2024-11-08,CUST0780,PROD0035,SELL036,1,0.15,UPI,Delivered
ORD006915,2025-02-14,CUST0906,PROD0006,SELL013,2,0.1,COD,Returned
ORD006916,2024-09-03,CUST0442,PROD0161,SELL007,3,0.25,Credit Card,Delivered
ORD006917,2024-12-02,CUST0482,PROD0128,SELL021,2,0.15,Credit Card,Returned
ORD006918,2024-04-20,CUST0928,PROD0008,SELL073,3,0.1,Net Banking,Cancelled
ORD006919,2025-03-02,CUST0014,PROD0090,SELL057,3,0.1,UPI,Delivered
ORD006920,2025-06-05,CUST0112,PROD0056,SELL023,3,0.0,Net Banking,Cancelled
ORD006921,2025-01-20,CUST0374,PROD0107,SELL065,2,0.15,COD,Returned
ORD006922,2025-09-30,CUST0009,PROD0068,SELL038,2,0.1,Credit Card,Returned
ORD006923,2025-12-28,CUST0550,PROD0144,SELL033,3,0.2,COD,Cancelled
ORD006924,2025-10-23,CUST0949,PROD0043,SELL002,1,0.1,COD,Delivered
ORD006925,2024-03-08,CUST0560,PROD0141,SELL043,1,0.0,COD,Delivered
ORD006926,2025-10-05,CUST0329,PROD0078,SELL066,2,0.1,COD,Delivered
ORD006927,2024-08-31,CUST0744,PROD0107,SELL054,2,0.0,COD,Delivered
ORD006928,2024-11-26,CUST0673,PROD0008,SELL005,3,0.15,COD,Returned
ORD006929,2024-10-28,CUST0675,PROD0118,SELL040,2,0.2,Debit Card,Shipped
ORD006930,2024-07-26,CUST0159,PROD0099,SELL051,4,0.05,Net Banking,Shipped
ORD006931,2025-10-03,CUST0343,PROD0081,SELL023,2,0.1,UPI,Delivered
ORD006932,2025-04-11,CUST0859,PROD0001,SELL074,1,0.0,COD,Delivered
ORD006933,2025-12-07,CUST1153,PROD0053,SELL010,4,0.1,Credit Card,Returned
ORD006934,2025-11-28,CUST0255,PROD0164,SELL077,2,0.25,Debit Card,Shipped
ORD006935,2024-11-02,CUST0837,PROD0079,SELL020,2,0.15,Net Banking,Delivered
ORD006936,2025-06-15,CUST1186,PROD0123,SELL039,3,0.0,Net Banking,Delivered
ORD006937,2025-01-02,CUST0650,PROD0122,SELL001,1,0.0,Credit Card,Delivered
ORD006938,2024-12-27,CUST1003,PROD0173,SELL038,4,0.2,Credit Card,Delivered
ORD006939,2025-06-24,CUST1178,PROD0167,SELL069,1,0.0,UPI,Delivered
ORD006940,2025-05-18,CUST0929,PROD0137,SELL008,4,0.2,Net Banking,Delivered
ORD006941,2025-10-28,CUST0658,PROD0177,SELL031,4,0.05,Debit Card,Delivered
ORD006942,2025-07-18,CUST0904,PROD0008,SELL046,2,0.0,COD,Returned
ORD006943,2025-03-30,CUST1063,PROD0152,SELL045,3,0.1,Net Banking,Delivered
ORD006944,2025-11-02,CUST0440,PROD0073,SELL001,2,0.15,COD,Cancelled
ORD006945,2024-03-15,CUST0536,PROD0169,SELL034,3,0.1,COD,Returned
ORD006946,2025-07-11,CUST0019,PROD0078,SELL064,4,0.1,Net Banking,Shipped
ORD006947,2024-10-13,CUST0742,PROD0085,SELL076,1,0.1,Credit Card,Delivered
ORD006948,2024-11-12,CUST0888,PROD0094,SELL013,3,0.15,Debit Card,Returned
ORD006949,2025-07-25,CUST0329,PROD0084,SELL071,4,0.1,Debit Card,Returned
ORD006950,2024-07-19,CUST0262,PROD0158,SELL076,1,0.15,COD,Shipped
ORD006951,2025-10-07,CUST1052,PROD0029,SELL008,3,0.15,COD,Delivered
ORD006952,2024-12-31,CUST1084,PROD0084,SELL057,4,0.05,Credit Card,Delivered
ORD006953,2024-09-12,CUST1089,PROD0102,SELL072,1,0.05,Net Banking,Cancelled
ORD006954,2024-08-27,CUST0582,PROD0159,SELL004,4,0.1,Credit Card,Delivered
ORD006955,2024-11-03,CUST0545,PROD0145,SELL002,2,0.2,Debit Card,Returned
ORD006956,2025-11-20,CUST1135,PROD0073,SELL019,2,0.25,Debit Card,Returned
ORD006957,2024-03-16,CUST0158,PROD0169,SELL054,2,0.05,COD,Delivered
ORD006958,2025-01-06,CUST1116,PROD0116,SELL005,4,0.0,UPI,Cancelled
ORD006959,2025-09-02,CUST0334,PROD0145,SELL005,4,0.15,Credit Card,Returned
ORD006960,2024-12-11,CUST0718,PROD0144,SELL003,4,0.05,UPI,Cancelled
ORD006961,2025-02-17,CUST0730,PROD0052,SELL028,4,0.15,Net Banking,Cancelled
ORD006962,2024-09-11,CUST1076,PROD0146,SELL064,1,0.15,Net Banking,Shipped
ORD006963,2024-04-09,CUST0122,PROD0117,SELL034,3,0.05,Net Banking,Delivered
ORD006964,2025-04-12,CUST0268,PROD0151,SELL021,2,0.15,Credit Card,Returned
ORD006965,2025-11-03,CUST0144,PROD0166,SELL042,1,0.2,Net Banking,Shipped
ORD006966,2025-01-15,CUST0833,PROD0089,SELL039,1,0.15,Debit Card,Delivered
ORD006967,2024-11-11,CUST0495,PROD0083,SELL059,1,0.0,UPI,Delivered
ORD006968,2024-04-04,CUST0768,PROD0019,SELL024,2,0.1,Credit Card,Delivered
ORD006969,2025-11-21,CUST0729,PROD0119,SELL070,3,0.1,UPI,Cancelled
ORD006970,2025-09-27,CUST0033,PROD0179,SELL078,3,0.1,Credit Card,Delivered
ORD006971,2025-10-21,CUST0517,PROD0013,SELL011,1,0.0,Debit Card,Delivered
ORD006972,2024-09-19,CUST0617,PROD0091,SELL036,3,0.0,Net Banking,Shipped
ORD006973,2025-04-02,CUST0448,PROD0077,SELL059,3,0.1,Credit Card,Delivered
ORD006974,2024-11-12,CUST0935,PROD0054,SELL064,1,0.0,UPI,Delivered
ORD006975,2024-06-20,CUST1195,PROD0103,SELL057,4,0.15,Credit Card,Returned
ORD006976,2024-05-30,CUST0103,PROD0135,SELL050,4,0.05,COD,Delivered
ORD006977,2024-10-07,CUST1009,PROD0148,SELL050,2,0.2,Debit Card,Cancelled
ORD006978,2025-02-08,CUST1005,PROD0067,SELL038,3,0.05,Debit Card,Returned
ORD006979,2024-03-30,CUST0995,PROD0090,SELL036,3,0.2,Net Banking,Shipped
ORD006980,2025-05-28,CUST0829,PROD0152,SELL060,4,0.05,Net Banking,Delivered
ORD006981,2024-11-30,CUST1093,PROD0026,SELL075,1,0.1,Credit Card,Delivered
ORD006982,2025-10-06,CUST0979,PROD0078,SELL033,1,0.1,Credit Card,Delivered
ORD006983,2024-07-22,CUST0475,PROD0178,SELL066,4,0.1,Credit Card,Shipped
ORD006984,2024-02-07,CUST1028,PROD0051,SELL074,1,0.05,COD,Returned
ORD006985,2024-08-16,CUST1121,PROD0120,SELL073,4,0.1,COD,Returned
ORD006986,2025-12-12,CUST0562,PROD0091,SELL065,3,0.1,COD,Delivered
ORD006987,2024-08-23,CUST0157,PROD0145,SELL055,4,0.15,UPI,Returned
ORD006988,2025-05-29,CUST1188,PROD0025,SELL035,2,0.15,UPI,Delivered
ORD006989,2025-09-08,CUST1120,PROD0041,SELL077,1,0.25,Debit Card,Cancelled
ORD006990,2024-07-26,CUST0273,PROD0103,SELL059,1,0.2,UPI,Delivered
ORD006991,2025-04-14,CUST0138,PROD0079,SELL038,3,0.0,Credit Card,Shipped
ORD006992,2024-05-29,CUST0689,PROD0005,SELL074,1,0.1,UPI,Returned
ORD006993,2024-09-21,CUST1161,PROD0164,SELL044,1,0.15,Debit Card,Returned
ORD006994,2024-08-04,CUST0927,PROD0089,SELL059,2,0.05,Credit Card,Returned
ORD006995,2025-05-06,CUST0834,PROD0135,SELL008,4,0.0,Debit Card,Delivered
ORD006996,2025-10-02,CUST0135,PROD0065,SELL069,3,0.1,UPI,Delivered
ORD006997,2024-07-03,CUST1157,PROD0102,SELL077,3,0.05,UPI,Delivered
ORD006998,2024-08-01,CUST0931,PROD0026,SELL035,4,0.0,COD,Returned
ORD006999,2025-08-23,CUST0771,PROD0041,SELL074,2,0.05,Credit Card,Shipped
ORD007000,2024-12-04,CUST0607,PROD0028,SELL024,1,0.1,UPI,Delivered
ORD007001,2025-01-10,CUST0008,PROD0107,SELL062,4,0.0,UPI,Delivered
ORD007002,2025-05-30,CUST1068,PROD0049,SELL066,4,0.2,UPI,Cancelled
ORD007003,2024-04-10,CUST0768,PROD0139,SELL077,3,0.15,UPI,Cancelled
ORD007004,2025-09-29,CUST0469,PROD0111,SELL014,2,0.15,COD,Delivered
ORD007005,2024-09-23,CUST0611,PROD0124,SELL063,3,0.2,Net Banking,Cancelled
ORD007006,2025-04-26,CUST0833,PROD0040,SELL003,1,0.2,COD,Shipped
ORD007007,2024-11-11,CUST0064,PROD0161,SELL033,2,0.15,UPI,Delivered
ORD007008,2025-07-04,CUST0360,PROD0066,SELL054,1,0.15,Debit Card,Cancelled
ORD007009,2025-03-23,CUST0624,PROD0052,SELL008,2,0.2,Credit Card,Cancelled
ORD007010,2024-05-06,CUST0531,PROD0163,SELL062,3,0.15,Debit Card,Shipped
ORD007011,2024-05-17,CUST0049,PROD0111,SELL002,4,0.1,Net Banking,Cancelled
ORD007012,2025-10-03,CUST0644,PROD0079,SELL045,2,0.05,Credit Card,Delivered
ORD007013,2025-01-14,CUST0592,PROD0094,SELL034,4,0.2,Credit Card,Cancelled
ORD007014,2024-07-20,CUST1042,PROD0078,SELL054,4,0.2,COD,Cancelled
ORD007015,2024-04-14,CUST0255,PROD0164,SELL026,4,0.1,Credit Card,Cancelled
ORD007016,2024-04-03,CUST0494,PROD0162,SELL039,1,0.05,COD,Delivered
ORD007017,2025-11-03,CUST0662,PROD0121,SELL001,3,0.1,UPI,Delivered
ORD007018,2025-12-14,CUST0012,PROD0149,SELL078,2,0.05,Net Banking,Delivered
ORD007019,2024-10-14,CUST0518,PROD0014,SELL010,2,0.1,Debit Card,Delivered
ORD007020,2024-05-27,CUST0099,PROD0051,SELL046,3,0.0,COD,Cancelled
ORD007021,2024-11-02,CUST0429,PROD0169,SELL032,3,0.15,Net Banking,Cancelled
ORD007022,2024-04-09,CUST0633,PROD0147,SELL023,1,0.15,Credit Card,Delivered
ORD007023,2025-02-05,CUST0707,PROD0081,SELL066,2,0.1,Debit Card,Delivered
ORD007024,2025-04-02,CUST0629,PROD0112,SELL024,4,0.15,Credit Card,Returned
ORD007025,2025-12-21,CUST0258,PROD0114,SELL063,1,0.05,COD,Cancelled
ORD007026,2024-08-21,CUST0142,PROD0174,SELL066,3,0.05,UPI,Returned
ORD007027,2024-05-24,CUST0525,PROD0122,SELL059,4,0.05,Net Banking,Returned
ORD007028,2024-04-07,CUST1024,PROD0065,SELL036,4,0.15,Net Banking,Returned
ORD007029,2024-10-02,CUST0467,PROD0156,SELL060,3,0.05,COD,Delivered
ORD007030,2025-03-15,CUST1133,PROD0025,SELL058,3,0.0,UPI,Delivered
ORD007031,2024-02-18,CUST0554,PROD0097,SELL078,4,0.2,UPI,Delivered
ORD007032,2025-07-08,CUST0075,PROD0101,SELL076,1,0.15,Credit Card,Delivered
ORD007033,2024-12-02,CUST0886,PROD0098,SELL035,3,0.0,COD,Returned
ORD007034,2025-08-02,CUST0398,PROD0051,SELL046,3,0.1,Net Banking,Delivered
ORD007035,2024-12-04,CUST0175,PROD0086,SELL065,4,0.05,COD,Delivered
ORD007036,2024-04-23,CUST0042,PROD0035,SELL016,2,0.05,COD,Shipped
ORD007037,2024-01-16,CUST0687,PROD0148,SELL035,4,0.15,Net Banking,Delivered
ORD007038,2025-02-11,CUST0878,PROD0174,SELL010,4,0.0,Net Banking,Delivered
ORD007039,2025-01-29,CUST0492,PROD0151,SELL077,2,0.1,UPI,Cancelled
ORD007040,2025-08-17,CUST0219,PROD0175,SELL018,2,0.15,Net Banking,Cancelled
ORD007041,2025-10-03,CUST0178,PROD0125,SELL063,2,0.1,COD,Delivered
ORD007042,2024-04-27,CUST0358,PROD0049,SELL079,2,0.15,UPI,Delivered
ORD007043,2024-08-18,CUST0075,PROD0038,SELL037,1,0.1,COD,Delivered
ORD007044,2024-05-31,CUST0674,PROD0109,SELL064,4,0.05,UPI,Cancelled
ORD007045,2024-03-19,CUST0002,PROD0132,SELL030,4,0.1,Net Banking,Delivered
ORD007046,2024-01-02,CUST1030,PROD0081,SELL063,4,0.2,COD,Returned
ORD007047,2024-03-01,CUST0678,PROD0153,SELL053,4,0.15,Debit Card,Shipped
ORD007048,2025-01-18,CUST1088,PROD0116,SELL073,3,0.15,Credit Card,Delivered
ORD007049,2024-04-21,CUST0407,PROD0068,SELL078,1,0.15,Net Banking,Cancelled
ORD007050,2024-05-22,CUST1100,PROD0011,SELL068,1,0.2,UPI,Delivered
ORD007051,2024-03-27,CUST0708,PROD0119,SELL070,4,0.25,Debit Card,Shipped
ORD007052,2025-06-13,CUST0757,PROD0065,SELL046,2,0.15,COD,Delivered
ORD007053,2025-04-09,CUST0041,PROD0068,SELL032,4,0.0,Debit Card,Delivered
ORD007054,2025-12-04,CUST0525,PROD0168,SELL080,1,0.0,UPI,Returned
ORD007055,2024-03-22,CUST0258,PROD0179,SELL030,3,0.1,Credit Card,Delivered
ORD007056,2024-06-01,CUST1012,PROD0060,SELL037,4,0.15,Credit Card,Delivered
ORD007057,2024-11-29,CUST0836,PROD0153,SELL029,1,0.05,COD,Delivered
ORD007058,2025-04-19,CUST0890,PROD0002,SELL072,2,0.25,UPI,Shipped
ORD007059,2024-04-05,CUST0460,PROD0013,SELL023,1,0.15,Credit Card,Delivered
ORD007060,2024-06-03,CUST0745,PROD0009,SELL060,3,0.0,Debit Card,Delivered
ORD007061,2024-11-04,CUST0987,PROD0022,SELL074,3,0.05,Debit Card,Cancelled
ORD007062,2024-01-14,CUST0841,PROD0129,SELL016,4,0.0,Net Banking,Cancelled
ORD007063,2024-10-15,CUST1065,PROD0005,SELL027,2,0.15,COD,Delivered
ORD007064,2025-07-08,CUST0283,PROD0146,SELL028,3,0.0,UPI,Cancelled
ORD007065,2025-01-19,CUST0793,PROD0070,SELL060,4,0.0,UPI,Delivered
ORD007066,2024-11-13,CUST0090,PROD0145,SELL063,1,0.2,Credit Card,Delivered
ORD007067,2024-12-22,CUST0831,PROD0094,SELL075,2,0.25,Credit Card,Delivered
ORD007068,2025-11-23,CUST1128,PROD0055,SELL050,3,0.2,Credit Card,Delivered
ORD007069,2025-01-15,CUST1055,PROD0126,SELL022,2,0.15,Debit Card,Delivered
ORD007070,2025-01-25,CUST0585,PROD0016,SELL039,3,0.0,Net Banking,Returned
ORD007071,2025-11-11,CUST0546,PROD0050,SELL009,1,0.15,Debit Card,Returned
ORD007072,2024-04-25,CUST0055,PROD0017,SELL023,2,0.1,Net Banking,Delivered
ORD007073,2024-03-11,CUST0373,PROD0135,SELL052,2,0.15,COD,Delivered
ORD007074,2024-11-24,CUST1076,PROD0055,SELL047,4,0.2,COD,Cancelled
ORD007075,2024-08-20,CUST0199,PROD0073,SELL048,3,0.05,COD,Returned
ORD007076,2024-05-28,CUST0481,PROD0015,SELL078,2,0.05,COD,Returned
ORD007077,2024-03-28,CUST0297,PROD0042,SELL007,3,0.05,Debit Card,Delivered
ORD007078,2025-10-03,CUST0892,PROD0158,SELL046,3,0.2,Net Banking,Cancelled
ORD007079,2025-03-25,CUST0177,PROD0049,SELL058,2,0.15,Debit Card,Cancelled
ORD007080,2025-05-20,CUST0086,PROD0044,SELL033,4,0.2,Net Banking,Shipped
ORD007081,2024-03-27,CUST0246,PROD0083,SELL072,3,0.1,COD,Returned
ORD007082,2024-09-06,CUST0273,PROD0150,SELL026,1,0.2,Credit Card,Delivered
ORD007083,2025-03-29,CUST0721,PROD0143,SELL052,2,0.2,Net Banking,Shipped
ORD007084,2025-01-20,CUST0806,PROD0008,SELL021,2,0.05,Credit Card,Cancelled
ORD007085,2025-05-22,CUST1000,PROD0168,SELL057,4,0.0,COD,Shipped
ORD007086,2025-05-04,CUST0470,PROD0081,SELL073,2,0.15,Credit Card,Cancelled
ORD007087,2024-10-29,CUST1070,PROD0013,SELL027,1,0.1,Credit Card,Cancelled
ORD007088,2025-07-26,CUST0981,PROD0151,SELL027,4,0.2,Credit Card,Delivered
ORD007089,2024-07-08,CUST0290,PROD0113,SELL053,3,0.25,COD,Shipped
ORD007090,2024-02-28,CUST0239,PROD0036,SELL003,1,0.15,Credit Card,Returned
ORD007091,2025-10-29,CUST0162,PROD0118,SELL080,1,0.15,Credit Card,Delivered
ORD007092,2024-01-17,CUST0280,PROD0169,SELL050,3,0.0,UPI,Delivered
ORD007093,2024-07-26,CUST0314,PROD0096,SELL048,2,0.0,UPI,Returned
ORD007094,2024-03-24,CUST0202,PROD0165,SELL080,3,0.15,UPI,Delivered
ORD007095,2024-06-18,CUST0789,PROD0122,SELL065,1,0.2,COD,Returned
ORD007096,2024-10-15,CUST0156,PROD0045,SELL067,2,0.0,UPI,Delivered
ORD007097,2024-04-04,CUST0407,PROD0151,SELL036,3,0.0,COD,Delivered
ORD007098,2024-12-07,CUST1031,PROD0135,SELL078,2,0.0,Credit Card,Delivered
ORD007099,2025-11-08,CUST0040,PROD0018,SELL080,4,0.05,UPI,Delivered
ORD007100,2024-04-09,CUST0970,PROD0076,SELL048,4,0.15,COD,Delivered
ORD007101,2025-11-08,CUST0633,PROD0061,SELL064,4,0.1,Net Banking,Shipped
ORD007102,2024-10-27,CUST0812,PROD0030,SELL036,4,0.05,Net Banking,Cancelled
ORD007103,2025-03-09,CUST1025,PROD0121,SELL058,4,0.2,Debit Card,Delivered
ORD007104,2024-11-18,CUST0693,PROD0070,SELL053,3,0.15,Debit Card,Returned
ORD007105,2024-08-19,CUST0711,PROD0111,SELL023,3,0.2,UPI,Delivered
ORD007106,2024-03-20,CUST0862,PROD0132,SELL045,3,0.2,COD,Shipped
ORD007107,2025-03-09,CUST0631,PROD0003,SELL021,1,0.15,Debit Card,Delivered
ORD007108,2025-11-01,CUST0749,PROD0057,SELL022,3,0.05,Debit Card,Shipped
ORD007109,2025-01-15,CUST1080,PROD0037,SELL040,3,0.0,Credit Card,Cancelled
ORD007110,2025-03-13,CUST0884,PROD0131,SELL056,3,0.1,Net Banking,Shipped
ORD007111,2025-04-15,CUST1049,PROD0015,SELL012,1,0.1,Debit Card,Delivered
ORD007112,2024-10-11,CUST1023,PROD0085,SELL017,2,0.0,Credit Card,Delivered
ORD007113,2024-03-29,CUST0562,PROD0112,SELL009,2,0.2,COD,Cancelled
ORD007114,2025-01-05,CUST0067,PROD0055,SELL038,1,0.05,UPI,Delivered
ORD007115,2025-09-27,CUST0474,PROD0006,SELL005,1,0.1,Credit Card,Delivered
ORD007116,2024-08-17,CUST0718,PROD0078,SELL004,4,0.25,Credit Card,Delivered
ORD007117,2025-09-29,CUST0441,PROD0013,SELL072,3,0.1,Debit Card,Shipped
ORD007118,2025-09-16,CUST0722,PROD0046,SELL032,1,0.1,Net Banking,Delivered
ORD007119,2024-06-27,CUST0665,PROD0110,SELL080,3,0.15,Credit Card,Delivered
ORD007120,2025-02-24,CUST0355,PROD0092,SELL025,3,0.0,Credit Card,Cancelled
ORD007121,2025-06-30,CUST0124,PROD0148,SELL037,4,0.15,UPI,Delivered
ORD007122,2024-12-27,CUST0942,PROD0128,SELL074,3,0.15,COD,Delivered
ORD007123,2025-05-26,CUST0628,PROD0039,SELL056,3,0.1,Credit Card,Delivered
ORD007124,2025-10-27,CUST0293,PROD0134,SELL043,4,0.25,COD,Delivered
ORD007125,2025-04-03,CUST0411,PROD0129,SELL033,1,0.2,UPI,Delivered
ORD007126,2025-09-04,CUST0959,PROD0149,SELL018,4,0.05,Debit Card,Delivered
ORD007127,2025-08-08,CUST0544,PROD0123,SELL022,2,0.2,Credit Card,Delivered
ORD007128,2025-08-17,CUST0067,PROD0116,SELL041,3,0.15,Debit Card,Delivered
ORD007129,2025-09-15,CUST0433,PROD0176,SELL029,3,0.05,Credit Card,Delivered
ORD007130,2024-06-13,CUST0261,PROD0022,SELL035,3,0.15,UPI,Returned
ORD007131,2024-01-14,CUST0033,PROD0126,SELL014,4,0.05,COD,Delivered
ORD007132,2024-04-21,CUST0678,PROD0141,SELL011,2,0.0,Debit Card,Delivered
ORD007133,2024-07-01,CUST0212,PROD0029,SELL070,4,0.15,UPI,Delivered
ORD007134,2025-05-19,CUST0910,PROD0064,SELL008,3,0.25,Debit Card,Delivered
ORD007135,2025-01-07,CUST0469,PROD0113,SELL062,3,0.15,Debit Card,Delivered
ORD007136,2024-12-08,CUST0563,PROD0127,SELL053,4,0.05,Net Banking,Delivered
ORD007137,2024-01-07,CUST0373,PROD0146,SELL058,1,0.05,Net Banking,Delivered
ORD007138,2025-05-14,CUST0949,PROD0026,SELL033,2,0.2,COD,Cancelled
ORD007139,2024-09-23,CUST0281,PROD0002,SELL013,1,0.1,Credit Card,Shipped
ORD007140,2025-07-10,CUST0175,PROD0040,SELL061,1,0.1,COD,Delivered
ORD007141,2024-03-23,CUST0690,PROD0093,SELL035,3,0.0,UPI,Delivered
ORD007142,2024-08-03,CUST0774,PROD0175,SELL065,4,0.1,Credit Card,Shipped
ORD007143,2024-02-09,CUST1155,PROD0108,SELL060,4,0.05,Net Banking,Shipped
ORD007144,2024-07-27,CUST0659,PROD0006,SELL020,3,0.15,Credit Card,Returned
ORD007145,2025-11-05,CUST1057,PROD0014,SELL007,1,0.1,UPI,Delivered
ORD007146,2024-12-24,CUST0847,PROD0031,SELL046,2,0.1,Net Banking,Shipped
ORD007147,2024-11-17,CUST0224,PROD0087,SELL046,1,0.1,Credit Card,Shipped
ORD007148,2024-07-18,CUST0066,PROD0102,SELL066,2,0.05,COD,Delivered
ORD007149,2024-07-12,CUST0948,PROD0162,SELL057,2,0.1,COD,Returned
ORD007150,2025-05-02,CUST1141,PROD0098,SELL007,4,0.1,Debit Card,Shipped
ORD007151,2025-12-21,CUST0378,PROD0095,SELL055,1,0.1,Credit Card,Delivered
ORD007152,2025-06-29,CUST0420,PROD0157,SELL033,2,0.15,Net Banking,Delivered
ORD007153,2025-06-22,CUST1073,PROD0117,SELL071,3,0.15,Credit Card,Cancelled
ORD007154,2024-12-11,CUST0446,PROD0042,SELL057,3,0.0,Net Banking,Delivered
ORD007155,2024-03-13,CUST0341,PROD0023,SELL006,1,0.05,Net Banking,Shipped
ORD007156,2025-06-13,CUST0323,PROD0127,SELL080,3,0.05,Debit Card,Cancelled
ORD007157,2025-08-14,CUST0710,PROD0108,SELL057,4,0.05,COD,Shipped
ORD007158,2025-01-08,CUST0239,PROD0045,SELL057,2,0.2,COD,Cancelled
ORD007159,2024-03-07,CUST1154,PROD0021,SELL025,1,0.15,Debit Card,Delivered
ORD007160,2025-06-05,CUST1087,PROD0075,SELL036,3,0.15,UPI,Delivered
ORD007161,2025-11-04,CUST0474,PROD0105,SELL014,4,0.0,Debit Card,Delivered
ORD007162,2024-06-13,CUST0370,PROD0087,SELL043,2,0.15,UPI,Returned
ORD007163,2024-04-26,CUST0750,PROD0045,SELL061,4,0.0,COD,Delivered
ORD007164,2025-06-24,CUST0017,PROD0178,SELL031,3,0.15,Net Banking,Delivered
ORD007165,2024-08-30,CUST0442,PROD0073,SELL074,1,0.0,COD,Cancelled
ORD007166,2025-06-06,CUST0615,PROD0134,SELL051,4,0.05,Debit Card,Cancelled
ORD007167,2025-05-29,CUST0578,PROD0023,SELL045,4,0.2,Net Banking,Delivered
ORD007168,2024-07-13,CUST0482,PROD0118,SELL011,2,0.05,COD,Returned
ORD007169,2024-01-31,CUST0740,PROD0015,SELL065,4,0.1,Credit Card,Returned
ORD007170,2025-02-10,CUST0291,PROD0007,SELL031,3,0.05,UPI,Shipped
ORD007171,2024-10-25,CUST0113,PROD0142,SELL026,4,0.1,Net Banking,Delivered
ORD007172,2025-09-17,CUST0597,PROD0160,SELL003,3,0.15,Net Banking,Returned
ORD007173,2024-09-18,CUST0196,PROD0092,SELL056,1,0.0,Credit Card,Delivered
ORD007174,2024-07-01,CUST0187,PROD0107,SELL063,3,0.1,Net Banking,Cancelled
ORD007175,2025-09-20,CUST0980,PROD0033,SELL051,3,0.15,UPI,Returned
ORD007176,2025-06-22,CUST0101,PROD0006,SELL075,2,0.2,UPI,Delivered
ORD007177,2025-03-28,CUST0505,PROD0152,SELL024,4,0.05,Net Banking,Delivered
ORD007178,2025-11-28,CUST1122,PROD0055,SELL048,1,0.15,UPI,Delivered
ORD007179,2025-07-26,CUST0530,PROD0084,SELL076,4,0.0,Net Banking,Returned
ORD007180,2025-09-25,CUST1194,PROD0111,SELL065,3,0.05,COD,Delivered
ORD007181,2025-08-07,CUST0520,PROD0105,SELL024,1,0.0,UPI,Delivered
ORD007182,2024-10-20,CUST0797,PROD0061,SELL052,1,0.05,Debit Card,Delivered
ORD007183,2024-02-15,CUST0210,PROD0007,SELL014,2,0.0,UPI,Cancelled
ORD007184,2025-03-19,CUST0272,PROD0079,SELL080,1,0.1,UPI,Returned
ORD007185,2025-07-13,CUST0367,PROD0174,SELL003,3,0.15,COD,Shipped
ORD007186,2025-12-25,CUST1118,PROD0164,SELL044,4,0.1,Credit Card,Delivered
ORD007187,2025-05-13,CUST0073,PROD0135,SELL033,2,0.1,Net Banking,Returned
ORD007188,2025-02-19,CUST1142,PROD0164,SELL017,1,0.25,Debit Card,Delivered
ORD007189,2025-02-24,CUST0819,PROD0074,SELL061,4,0.05,COD,Delivered
ORD007190,2024-03-25,CUST1046,PROD0066,SELL057,1,0.15,Net Banking,Returned
ORD007191,2024-01-06,CUST1063,PROD0041,SELL073,1,0.15,UPI,Shipped
ORD007192,2024-02-03,CUST1034,PROD0042,SELL003,2,0.15,Net Banking,Delivered
ORD007193,2025-10-23,CUST0608,PROD0014,SELL042,3,0.1,Debit Card,Shipped
ORD007194,2025-07-31,CUST0861,PROD0020,SELL075,4,0.0,COD,Delivered
ORD007195,2024-07-09,CUST0520,PROD0167,SELL078,1,0.15,Credit Card,Shipped
ORD007196,2024-11-05,CUST0003,PROD0110,SELL071,3,0.05,Debit Card,Delivered
ORD007197,2024-12-19,CUST0216,PROD0132,SELL066,1,0.0,Credit Card,Returned
ORD007198,2024-06-29,CUST0898,PROD0059,SELL065,3,0.0,Credit Card,Returned
ORD007199,2024-11-04,CUST0579,PROD0029,SELL051,4,0.05,Debit Card,Delivered
ORD007200,2024-09-11,CUST0759,PROD0156,SELL064,3,0.1,UPI,Delivered
ORD007201,2025-05-22,CUST0226,PROD0105,SELL073,4,0.15,Credit Card,Delivered
ORD007202,2025-07-07,CUST0631,PROD0154,SELL069,1,0.05,Debit Card,Delivered
ORD007203,2024-03-12,CUST0151,PROD0111,SELL028,4,0.0,Debit Card,Returned
ORD007204,2024-12-06,CUST0362,PROD0090,SELL070,4,0.15,COD,Delivered
ORD007205,2025-12-25,CUST0555,PROD0063,SELL046,4,0.1,UPI,Delivered
ORD007206,2025-09-26,CUST0933,PROD0055,SELL028,2,0.05,Net Banking,Returned
ORD007207,2025-08-03,CUST1162,PROD0117,SELL079,1,0.1,COD,Cancelled
ORD007208,2025-06-21,CUST1078,PROD0115,SELL001,4,0.2,UPI,Returned
ORD007209,2024-01-04,CUST0061,PROD0163,SELL021,3,0.0,UPI,Cancelled
ORD007210,2025-12-13,CUST0313,PROD0062,SELL035,3,0.15,Debit Card,Delivered
ORD007211,2025-06-21,CUST0076,PROD0117,SELL076,4,0.1,COD,Returned
ORD007212,2025-10-11,CUST0733,PROD0131,SELL049,4,0.0,Net Banking,Cancelled
ORD007213,2025-10-26,CUST0684,PROD0046,SELL077,3,0.2,Debit Card,Shipped
ORD007214,2024-07-05,CUST0701,PROD0110,SELL050,2,0.1,Net Banking,Returned
ORD007215,2024-01-11,CUST1195,PROD0128,SELL036,4,0.15,Debit Card,Delivered
ORD007216,2025-04-26,CUST0921,PROD0003,SELL024,1,0.1,Credit Card,Delivered
ORD007217,2024-12-01,CUST0660,PROD0023,SELL030,3,0.25,Net Banking,Delivered
ORD007218,2024-01-16,CUST0994,PROD0064,SELL048,4,0.15,Debit Card,Cancelled
ORD007219,2024-07-16,CUST0308,PROD0103,SELL068,4,0.05,Debit Card,Delivered
ORD007220,2025-12-25,CUST0134,PROD0034,SELL033,3,0.05,Debit Card,Delivered
ORD007221,2024-09-22,CUST1027,PROD0158,SELL051,1,0.0,Net Banking,Returned
ORD007222,2024-07-09,CUST0288,PROD0110,SELL024,3,0.15,Debit Card,Delivered
ORD007223,2025-04-23,CUST0039,PROD0173,SELL035,3,0.25,COD,Returned
ORD007224,2025-04-30,CUST0853,PROD0112,SELL063,2,0.25,COD,Delivered
ORD007225,2024-08-30,CUST0367,PROD0070,SELL015,1,0.25,Credit Card,Delivered
ORD007226,2025-09-12,CUST0297,PROD0051,SELL046,1,0.2,UPI,Delivered
ORD007227,2025-02-28,CUST0772,PROD0158,SELL060,3,0.15,Debit Card,Delivered
ORD007228,2024-04-27,CUST1004,PROD0159,SELL045,1,0.1,UPI,Cancelled
ORD007229,2024-08-25,CUST0487,PROD0074,SELL037,3,0.1,Net Banking,Delivered
ORD007230,2025-09-11,CUST1107,PROD0059,SELL077,2,0.15,Debit Card,Delivered
ORD007231,2024-03-06,CUST1149,PROD0047,SELL056,1,0.15,Credit Card,Delivered
ORD007232,2024-01-09,CUST0417,PROD0117,SELL073,3,0.05,UPI,Delivered
ORD007233,2025-04-24,CUST0934,PROD0016,SELL062,1,0.05,Credit Card,Returned
ORD007234,2024-11-19,CUST0749,PROD0144,SELL016,3,0.25,Credit Card,Returned
ORD007235,2024-07-03,CUST0165,PROD0092,SELL051,1,0.1,COD,Delivered
ORD007236,2024-12-11,CUST1096,PROD0117,SELL074,3,0.1,Net Banking,Shipped
ORD007237,2024-05-14,CUST0956,PROD0010,SELL003,3,0.1,COD,Returned
ORD007238,2024-09-30,CUST0681,PROD0024,SELL068,1,0.1,Net Banking,Delivered
ORD007239,2024-06-19,CUST0619,PROD0108,SELL012,1,0.0,Net Banking,Cancelled
ORD007240,2025-03-04,CUST0270,PROD0137,SELL016,3,0.15,COD,Cancelled
ORD007241,2025-05-07,CUST0885,PROD0087,SELL071,1,0.15,UPI,Delivered
ORD007242,2025-10-30,CUST0333,PROD0056,SELL010,2,0.2,Credit Card,Delivered
ORD007243,2024-02-19,CUST1012,PROD0059,SELL038,3,0.15,Credit Card,Returned
ORD007244,2024-08-27,CUST0540,PROD0072,SELL021,3,0.05,Net Banking,Delivered
ORD007245,2024-07-12,CUST1090,PROD0080,SELL043,1,0.2,UPI,Shipped
ORD007246,2025-02-27,CUST0818,PROD0049,SELL035,4,0.05,UPI,Delivered
ORD007247,2025-01-24,CUST0908,PROD0052,SELL018,2,0.1,Debit Card,Shipped
ORD007248,2025-10-03,CUST0305,PROD0138,SELL025,1,0.25,Debit Card,Delivered
ORD007249,2025-11-02,CUST0783,PROD0038,SELL008,2,0.25,COD,Delivered
ORD007250,2025-07-19,CUST0214,PROD0009,SELL020,2,0.15,COD,Delivered
ORD007251,2024-05-25,CUST0376,PROD0095,SELL055,3,0.15,UPI,Delivered
ORD007252,2024-01-30,CUST0786,PROD0019,SELL003,2,0.05,UPI,Shipped
ORD007253,2025-10-19,CUST1169,PROD0176,SELL070,3,0.0,COD,Shipped
ORD007254,2025-11-20,CUST0097,PROD0081,SELL005,3,0.15,UPI,Shipped
ORD007255,2024-07-02,CUST1107,PROD0175,SELL046,2,0.05,UPI,Returned
ORD007256,2024-02-04,CUST0175,PROD0174,SELL061,4,0.1,Debit Card,Cancelled
ORD007257,2025-05-12,CUST0273,PROD0010,SELL012,2,0.1,Credit Card,Delivered
ORD007258,2025-03-06,CUST0118,PROD0001,SELL019,1,0.25,Debit Card,Delivered
ORD007259,2025-10-11,CUST0066,PROD0011,SELL049,4,0.1,Debit Card,Delivered
ORD007260,2025-02-24,CUST1140,PROD0026,SELL024,1,0.25,UPI,Delivered
ORD007261,2025-07-09,CUST0357,PROD0028,SELL043,3,0.15,UPI,Delivered
ORD007262,2025-07-28,CUST0165,PROD0172,SELL041,2,0.05,COD,Delivered
ORD007263,2024-01-08,CUST0206,PROD0019,SELL038,4,0.15,Net Banking,Cancelled
ORD007264,2024-04-18,CUST0125,PROD0094,SELL033,1,0.1,Debit Card,Shipped
ORD007265,2025-07-24,CUST0763,PROD0066,SELL020,1,0.2,Credit Card,Cancelled
ORD007266,2024-05-11,CUST0442,PROD0083,SELL078,3,0.0,COD,Delivered
ORD007267,2024-05-30,CUST1199,PROD0021,SELL005,3,0.0,COD,Shipped
ORD007268,2025-07-03,CUST0222,PROD0064,SELL055,4,0.15,Credit Card,Delivered
ORD007269,2024-05-29,CUST1143,PROD0145,SELL049,2,0.2,Credit Card,Delivered
ORD007270,2024-04-19,CUST1019,PROD0140,SELL036,4,0.1,UPI,Delivered
ORD007271,2024-01-10,CUST0231,PROD0022,SELL006,2,0.05,COD,Delivered
ORD007272,2024-12-09,CUST0609,PROD0094,SELL047,1,0.2,UPI,Shipped
ORD007273,2025-04-10,CUST0166,PROD0114,SELL043,1,0.25,Credit Card,Delivered
ORD007274,2025-06-18,CUST0236,PROD0035,SELL064,1,0.1,Net Banking,Delivered
ORD007275,2025-10-23,CUST0659,PROD0072,SELL009,2,0.1,UPI,Delivered
ORD007276,2025-04-21,CUST0621,PROD0100,SELL042,2,0.15,UPI,Delivered
ORD007277,2025-07-06,CUST0165,PROD0122,SELL029,3,0.15,Credit Card,Delivered
ORD007278,2024-06-02,CUST0949,PROD0008,SELL019,4,0.2,COD,Shipped
ORD007279,2024-09-05,CUST1086,PROD0071,SELL071,3,0.15,Credit Card,Delivered
ORD007280,2024-08-10,CUST0024,PROD0067,SELL045,3,0.15,Net Banking,Delivered
ORD007281,2024-02-17,CUST0520,PROD0080,SELL015,4,0.0,Net Banking,Shipped
ORD007282,2025-12-09,CUST0708,PROD0039,SELL073,3,0.1,Net Banking,Delivered
ORD007283,2024-06-25,CUST0054,PROD0093,SELL028,2,0.2,UPI,Delivered
ORD007284,2024-11-23,CUST0684,PROD0008,SELL036,3,0.15,Net Banking,Cancelled
ORD007285,2024-09-17,CUST0311,PROD0044,SELL047,3,0.1,Debit Card,Cancelled
ORD007286,2024-02-02,CUST0241,PROD0115,SELL010,2,0.1,UPI,Cancelled
ORD007287,2025-10-22,CUST0860,PROD0149,SELL038,1,0.2,Net Banking,Delivered
ORD007288,2024-06-09,CUST0749,PROD0120,SELL067,4,0.25,Debit Card,Delivered
ORD007289,2024-03-14,CUST0752,PROD0070,SELL067,2,0.15,Debit Card,Delivered
ORD007290,2024-09-07,CUST0568,PROD0080,SELL021,3,0.05,Debit Card,Delivered
ORD007291,2024-04-15,CUST1054,PROD0093,SELL022,1,0.0,Net Banking,Cancelled
ORD007292,2025-12-31,CUST0214,PROD0088,SELL047,3,0.1,Credit Card,Delivered
ORD007293,2024-05-18,CUST0131,PROD0039,SELL062,1,0.1,COD,Delivered
ORD007294,2024-08-09,CUST0957,PROD0178,SELL014,4,0.15,Credit Card,Delivered
ORD007295,2024-07-17,CUST0579,PROD0091,SELL011,1,0.15,Credit Card,Delivered
ORD007296,2024-01-20,CUST1029,PROD0069,SELL006,3,0.0,Credit Card,Delivered
ORD007297,2024-01-10,CUST0813,PROD0027,SELL027,4,0.05,Debit Card,Delivered
ORD007298,2025-01-09,CUST0209,PROD0054,SELL033,4,0.1,Debit Card,Shipped
ORD007299,2024-06-19,CUST0477,PROD0138,SELL040,4,0.15,UPI,Delivered
ORD007300,2024-03-02,CUST0661,PROD0083,SELL050,2,0.2,Debit Card,Delivered
ORD007301,2024-07-31,CUST0594,PROD0028,SELL071,2,0.2,Net Banking,Delivered
ORD007302,2024-07-19,CUST0607,PROD0115,SELL010,3,0.05,COD,Shipped
ORD007303,2024-11-06,CUST1133,PROD0065,SELL024,3,0.0,Credit Card,Cancelled
ORD007304,2025-12-26,CUST0475,PROD0131,SELL020,1,0.25,UPI,Delivered
ORD007305,2024-08-12,CUST0378,PROD0149,SELL034,4,0.0,COD,Delivered
ORD007306,2025-05-30,CUST0762,PROD0155,SELL063,2,0.1,Credit Card,Delivered
ORD007307,2025-07-15,CUST1144,PROD0060,SELL056,4,0.0,Credit Card,Delivered
ORD007308,2024-02-07,CUST0784,PROD0101,SELL067,2,0.05,Credit Card,Delivered
ORD007309,2025-01-01,CUST0498,PROD0145,SELL034,4,0.0,UPI,Delivered
ORD007310,2024-11-23,CUST1080,PROD0066,SELL065,4,0.1,Debit Card,Shipped
ORD007311,2025-01-06,CUST1015,PROD0034,SELL009,2,0.15,Debit Card,Returned
ORD007312,2024-05-05,CUST0429,PROD0052,SELL058,4,0.25,Credit Card,Returned
ORD007313,2024-12-05,CUST0092,PROD0139,SELL075,4,0.1,UPI,Cancelled
ORD007314,2024-03-30,CUST0879,PROD0038,SELL003,3,0.0,COD,Cancelled
ORD007315,2025-11-22,CUST1038,PROD0081,SELL056,4,0.1,UPI,Returned
ORD007316,2025-03-05,CUST0423,PROD0155,SELL038,3,0.05,Debit Card,Delivered
ORD007317,2024-01-26,CUST0010,PROD0128,SELL001,4,0.2,Debit Card,Cancelled
ORD007318,2025-01-04,CUST0365,PROD0070,SELL058,3,0.1,COD,Cancelled
ORD007319,2025-11-08,CUST0851,PROD0161,SELL032,4,0.2,COD,Delivered
ORD007320,2025-06-27,CUST0790,PROD0150,SELL006,2,0.15,COD,Returned
ORD007321,2024-07-18,CUST0948,PROD0146,SELL031,4,0.05,Net Banking,Cancelled
ORD007322,2025-10-14,CUST0889,PROD0097,SELL064,3,0.1,COD,Returned
ORD007323,2024-05-15,CUST0244,PROD0152,SELL037,1,0.15,COD,Delivered
ORD007324,2024-06-29,CUST0595,PROD0096,SELL010,4,0.15,UPI,Returned
ORD007325,2024-04-23,CUST0882,PROD0061,SELL062,1,0.15,UPI,Delivered
ORD007326,2025-11-05,CUST0171,PROD0090,SELL048,4,0.05,UPI,Cancelled
ORD007327,2025-06-08,CUST0258,PROD0097,SELL051,2,0.2,UPI,Shipped
ORD007328,2025-01-13,CUST0019,PROD0171,SELL018,4,0.05,UPI,Shipped
ORD007329,2025-05-03,CUST0034,PROD0061,SELL042,4,0.1,Debit Card,Delivered
ORD007330,2024-07-08,CUST0740,PROD0059,SELL011,3,0.15,Net Banking,Shipped
ORD007331,2024-02-21,CUST0770,PROD0062,SELL053,4,0.0,Credit Card,Returned
ORD007332,2025-09-10,CUST0725,PROD0172,SELL031,1,0.0,UPI,Delivered
ORD007333,2025-12-05,CUST0342,PROD0100,SELL047,4,0.0,Debit Card,Delivered
ORD007334,2024-01-26,CUST0082,PROD0132,SELL071,3,0.05,UPI,Shipped
ORD007335,2024-02-07,CUST0559,PROD0081,SELL044,1,0.1,Debit Card,Returned
ORD007336,2025-02-13,CUST1124,PROD0037,SELL037,3,0.1,Credit Card,Cancelled
ORD007337,2024-02-01,CUST0567,PROD0134,SELL065,3,0.1,Credit Card,Cancelled
ORD007338,2025-06-11,CUST0947,PROD0072,SELL051,2,0.0,Debit Card,Delivered
ORD007339,2025-11-22,CUST0956,PROD0083,SELL054,4,0.05,Debit Card,Delivered
ORD007340,2024-07-23,CUST1199,PROD0122,SELL018,1,0.1,COD,Delivered
ORD007341,2024-08-03,CUST0950,PROD0160,SELL014,2,0.15,UPI,Returned
ORD007342,2025-09-23,CUST0081,PROD0105,SELL037,1,0.05,Net Banking,Delivered
ORD007343,2024-09-17,CUST0181,PROD0067,SELL080,1,0.2,COD,Delivered
ORD007344,2024-06-24,CUST0707,PROD0055,SELL029,1,0.2,Credit Card,Delivered
ORD007345,2024-03-02,CUST0108,PROD0082,SELL032,3,0.1,COD,Delivered
ORD007346,2025-09-05,CUST0490,PROD0114,SELL062,3,0.15,UPI,Returned
ORD007347,2025-11-07,CUST0906,PROD0179,SELL016,1,0.15,UPI,Delivered
ORD007348,2024-02-27,CUST0537,PROD0058,SELL004,3,0.15,Debit Card,Delivered
ORD007349,2025-08-09,CUST0620,PROD0046,SELL031,4,0.25,Net Banking,Returned
ORD007350,2024-04-26,CUST0384,PROD0041,SELL065,1,0.15,COD,Delivered
ORD007351,2024-04-11,CUST0922,PROD0055,SELL039,1,0.15,UPI,Delivered
ORD007352,2024-10-05,CUST1056,PROD0113,SELL006,3,0.0,Credit Card,Delivered
ORD007353,2024-11-15,CUST0607,PROD0110,SELL015,4,0.1,Credit Card,Cancelled
ORD007354,2025-09-16,CUST0383,PROD0053,SELL012,3,0.0,Net Banking,Delivered
ORD007355,2025-05-26,CUST0728,PROD0078,SELL043,4,0.15,COD,Shipped
ORD007356,2024-04-15,CUST0347,PROD0081,SELL067,2,0.05,UPI,Returned
ORD007357,2025-03-02,CUST0993,PROD0142,SELL046,3,0.1,Credit Card,Cancelled
ORD007358,2025-10-01,CUST0150,PROD0094,SELL038,2,0.05,Net Banking,Shipped
ORD007359,2025-04-28,CUST0842,PROD0141,SELL026,1,0.15,Credit Card,Returned
ORD007360,2024-06-16,CUST0099,PROD0162,SELL009,1,0.0,Net Banking,Delivered
ORD007361,2024-04-04,CUST0996,PROD0029,SELL052,3,0.0,COD,Delivered
ORD007362,2024-11-26,CUST0482,PROD0173,SELL019,2,0.1,UPI,Returned
ORD007363,2024-12-11,CUST0024,PROD0140,SELL026,3,0.05,Debit Card,Cancelled
ORD007364,2024-09-14,CUST0934,PROD0015,SELL033,3,0.25,Debit Card,Returned
ORD007365,2024-03-20,CUST0928,PROD0034,SELL031,3,0.15,COD,Shipped
ORD007366,2024-03-27,CUST0522,PROD0015,SELL033,2,0.1,COD,Cancelled
ORD007367,2025-01-21,CUST1186,PROD0111,SELL053,3,0.05,Credit Card,Delivered
ORD007368,2025-11-21,CUST0937,PROD0014,SELL077,4,0.15,UPI,Delivered
ORD007369,2025-03-13,CUST1043,PROD0129,SELL037,4,0.2,Debit Card,Returned
ORD007370,2024-11-16,CUST0033,PROD0091,SELL037,4,0.0,UPI,Delivered
ORD007371,2025-11-11,CUST0754,PROD0076,SELL006,2,0.15,Debit Card,Delivered
ORD007372,2025-05-19,CUST0006,PROD0112,SELL010,3,0.2,Net Banking,Returned
ORD007373,2025-06-08,CUST0189,PROD0110,SELL043,2,0.0,Debit Card,Delivered
ORD007374,2025-02-24,CUST0754,PROD0031,SELL025,2,0.05,Debit Card,Delivered
ORD007375,2025-07-11,CUST0950,PROD0091,SELL073,2,0.0,Credit Card,Cancelled
ORD007376,2025-01-01,CUST1076,PROD0002,SELL060,3,0.15,COD,Returned
ORD007377,2025-03-30,CUST0412,PROD0076,SELL073,1,0.05,UPI,Returned
ORD007378,2025-03-26,CUST0647,PROD0152,SELL079,2,0.2,COD,Delivered
ORD007379,2025-07-04,CUST0255,PROD0074,SELL071,1,0.05,Debit Card,Delivered
ORD007380,2025-10-18,CUST0752,PROD0002,SELL033,3,0.2,COD,Cancelled
ORD007381,2024-08-03,CUST0565,PROD0143,SELL032,1,0.05,COD,Returned
ORD007382,2025-05-26,CUST0849,PROD0022,SELL068,4,0.05,COD,Delivered
ORD007383,2024-01-24,CUST1066,PROD0019,SELL020,4,0.15,Credit Card,Shipped
ORD007384,2025-01-24,CUST0410,PROD0174,SELL021,3,0.0,Credit Card,Delivered
ORD007385,2025-10-18,CUST0073,PROD0085,SELL044,3,0.1,UPI,Delivered
ORD007386,2025-04-16,CUST0504,PROD0134,SELL079,1,0.15,Net Banking,Shipped
ORD007387,2024-07-14,CUST0378,PROD0179,SELL055,1,0.2,Net Banking,Cancelled
ORD007388,2025-03-19,CUST0957,PROD0171,SELL055,2,0.0,Net Banking,Cancelled
ORD007389,2024-09-18,CUST0593,PROD0027,SELL072,2,0.15,Debit Card,Returned
ORD007390,2024-11-12,CUST0051,PROD0012,SELL061,4,0.1,UPI,Delivered
ORD007391,2024-06-15,CUST0020,PROD0088,SELL048,3,0.1,UPI,Delivered
ORD007392,2025-04-01,CUST0654,PROD0040,SELL065,2,0.1,Net Banking,Shipped
ORD007393,2024-05-24,CUST0356,PROD0077,SELL047,4,0.05,UPI,Returned
ORD007394,2024-11-20,CUST0183,PROD0050,SELL074,4,0.0,COD,Shipped
ORD007395,2025-11-17,CUST0409,PROD0172,SELL025,3,0.1,UPI,Returned
ORD007396,2025-07-07,CUST0621,PROD0162,SELL043,4,0.2,Net Banking,Delivered
ORD007397,2024-10-29,CUST0411,PROD0130,SELL006,1,0.0,Net Banking,Cancelled
ORD007398,2025-12-09,CUST0898,PROD0144,SELL079,3,0.1,Credit Card,Returned
ORD007399,2024-01-11,CUST0593,PROD0056,SELL063,2,0.1,COD,Delivered
ORD007400,2025-12-02,CUST0142,PROD0051,SELL061,1,0.25,Net Banking,Returned
ORD007401,2024-09-14,CUST0902,PROD0156,SELL029,4,0.0,UPI,Cancelled
ORD007402,2025-08-22,CUST0112,PROD0017,SELL073,1,0.15,UPI,Returned
ORD007403,2025-11-23,CUST1139,PROD0161,SELL078,3,0.0,Net Banking,Delivered
ORD007404,2025-03-15,CUST0989,PROD0154,SELL050,3,0.0,Credit Card,Delivered
ORD007405,2025-03-22,CUST0659,PROD0055,SELL063,3,0.05,Net Banking,Shipped
ORD007406,2025-07-01,CUST0301,PROD0063,SELL072,4,0.0,Net Banking,Cancelled
ORD007407,2024-06-24,CUST0159,PROD0085,SELL059,4,0.2,COD,Delivered
ORD007408,2024-05-10,CUST0122,PROD0030,SELL067,4,0.25,Debit Card,Delivered
ORD007409,2024-09-08,CUST0464,PROD0072,SELL052,1,0.1,Debit Card,Delivered
ORD007410,2024-12-16,CUST0183,PROD0051,SELL049,1,0.2,Debit Card,Delivered
ORD007411,2025-06-27,CUST0833,PROD0094,SELL018,4,0.1,COD,Shipped
ORD007412,2024-07-07,CUST1092,PROD0142,SELL056,4,0.0,COD,Cancelled
ORD007413,2025-02-16,CUST0435,PROD0116,SELL070,1,0.05,UPI,Delivered
ORD007414,2024-01-03,CUST0836,PROD0123,SELL075,1,0.2,Credit Card,Delivered
ORD007415,2024-01-23,CUST0428,PROD0042,SELL061,4,0.15,Debit Card,Delivered
ORD007416,2025-12-07,CUST1054,PROD0152,SELL009,4,0.15,Debit Card,Delivered
ORD007417,2025-09-13,CUST0453,PROD0013,SELL066,3,0.1,Net Banking,Delivered
ORD007418,2025-09-23,CUST0602,PROD0100,SELL027,1,0.1,Credit Card,Delivered
ORD007419,2024-08-28,CUST0563,PROD0092,SELL025,3,0.2,COD,Returned
ORD007420,2025-01-10,CUST1163,PROD0125,SELL062,4,0.05,COD,Cancelled
ORD007421,2025-05-08,CUST1092,PROD0022,SELL028,4,0.0,Credit Card,Delivered
ORD007422,2024-07-04,CUST0333,PROD0113,SELL013,3,0.0,COD,Delivered
ORD007423,2025-06-28,CUST0467,PROD0073,SELL046,3,0.05,Debit Card,Cancelled
ORD007424,2025-05-21,CUST0972,PROD0006,SELL008,3,0.2,Debit Card,Returned
ORD007425,2024-10-24,CUST0053,PROD0147,SELL068,1,0.15,Debit Card,Shipped
ORD007426,2024-11-13,CUST1162,PROD0129,SELL002,1,0.05,Net Banking,Delivered
ORD007427,2024-08-12,CUST1070,PROD0071,SELL052,2,0.1,Net Banking,Delivered
ORD007428,2025-08-10,CUST0552,PROD0024,SELL013,4,0.2,COD,Shipped
ORD007429,2025-12-22,CUST0330,PROD0046,SELL013,4,0.1,UPI,Delivered
ORD007430,2025-12-31,CUST0603,PROD0150,SELL071,3,0.05,Debit Card,Cancelled
ORD007431,2025-07-17,CUST0280,PROD0006,SELL029,1,0.05,Credit Card,Delivered
ORD007432,2024-09-12,CUST1027,PROD0147,SELL031,3,0.2,UPI,Delivered
ORD007433,2025-07-24,CUST0448,PROD0109,SELL033,2,0.15,Debit Card,Cancelled
ORD007434,2024-06-27,CUST0943,PROD0146,SELL014,2,0.2,Net Banking,Cancelled
ORD007435,2025-10-17,CUST1099,PROD0144,SELL042,2,0.0,Debit Card,Returned
ORD007436,2024-07-14,CUST0592,PROD0030,SELL058,4,0.0,Credit Card,Delivered
ORD007437,2024-10-21,CUST0239,PROD0019,SELL076,3,0.0,Net Banking,Cancelled
ORD007438,2024-03-09,CUST0220,PROD0173,SELL018,3,0.0,UPI,Delivered
ORD007439,2024-02-29,CUST0600,PROD0143,SELL058,1,0.1,UPI,Delivered
ORD007440,2024-10-15,CUST0872,PROD0047,SELL002,4,0.15,UPI,Cancelled
ORD007441,2025-02-06,CUST0596,PROD0138,SELL025,1,0.1,Net Banking,Delivered
ORD007442,2024-01-13,CUST0050,PROD0098,SELL071,2,0.15,Credit Card,Returned
ORD007443,2025-09-10,CUST0283,PROD0002,SELL046,4,0.0,Debit Card,Delivered
ORD007444,2024-03-24,CUST0214,PROD0172,SELL047,4,0.15,COD,Returned
ORD007445,2025-12-30,CUST1181,PROD0056,SELL050,1,0.2,Debit Card,Delivered
ORD007446,2024-07-17,CUST0209,PROD0058,SELL010,3,0.0,Credit Card,Returned
ORD007447,2024-10-04,CUST0699,PROD0143,SELL011,2,0.15,Net Banking,Delivered
ORD007448,2024-04-26,CUST0641,PROD0002,SELL062,3,0.0,Net Banking,Returned
ORD007449,2025-08-25,CUST1030,PROD0138,SELL073,4,0.15,COD,Returned
ORD007450,2025-06-19,CUST0267,PROD0098,SELL043,3,0.0,Credit Card,Shipped
ORD007451,2024-02-27,CUST0444,PROD0006,SELL072,3,0.15,COD,Returned
ORD007452,2024-03-18,CUST0881,PROD0152,SELL020,2,0.05,Credit Card,Returned
ORD007453,2025-03-21,CUST0190,PROD0052,SELL058,2,0.05,UPI,Delivered
ORD007454,2025-09-25,CUST0362,PROD0170,SELL047,2,0.15,UPI,Shipped
ORD007455,2024-03-21,CUST0393,PROD0006,SELL009,1,0.0,COD,Delivered
ORD007456,2024-06-10,CUST0600,PROD0103,SELL060,3,0.15,Net Banking,Delivered
ORD007457,2025-02-02,CUST1090,PROD0056,SELL080,1,0.0,Credit Card,Shipped
ORD007458,2024-03-20,CUST0708,PROD0151,SELL068,3,0.1,Net Banking,Cancelled
ORD007459,2024-08-10,CUST0611,PROD0150,SELL065,4,0.25,Credit Card,Delivered
ORD007460,2024-01-08,CUST0161,PROD0003,SELL066,2,0.05,Net Banking,Shipped
ORD007461,2024-12-30,CUST1155,PROD0134,SELL044,1,0.0,Net Banking,Delivered
ORD007462,2025-06-06,CUST0671,PROD0033,SELL063,4,0.05,UPI,Delivered
ORD007463,2024-10-28,CUST0318,PROD0133,SELL052,1,0.1,UPI,Returned
ORD007464,2024-07-06,CUST0557,PROD0085,SELL026,4,0.0,Net Banking,Shipped
ORD007465,2024-11-06,CUST0148,PROD0152,SELL032,3,0.05,Net Banking,Cancelled
ORD007466,2025-01-07,CUST0013,PROD0030,SELL080,2,0.25,UPI,Delivered
ORD007467,2024-05-01,CUST0913,PROD0121,SELL011,3,0.05,UPI,Returned
ORD007468,2024-03-22,CUST1000,PROD0031,SELL079,4,0.0,Net Banking,Delivered
ORD007469,2024-05-12,CUST1000,PROD0129,SELL033,3,0.15,UPI,Returned
ORD007470,2025-12-21,CUST0596,PROD0037,SELL056,4,0.15,COD,Cancelled
ORD007471,2025-06-12,CUST0749,PROD0032,SELL027,1,0.05,UPI,Delivered
ORD007472,2024-04-01,CUST0228,PROD0176,SELL033,2,0.05,Debit Card,Returned
ORD007473,2024-08-08,CUST1073,PROD0092,SELL028,2,0.05,Net Banking,Delivered
ORD007474,2024-10-28,CUST0057,PROD0009,SELL009,3,0.05,Net Banking,Shipped
ORD007475,2024-05-12,CUST0390,PROD0158,SELL007,4,0.25,Net Banking,Delivered
ORD007476,2025-09-14,CUST0952,PROD0056,SELL009,3,0.25,COD,Delivered
ORD007477,2025-11-18,CUST0972,PROD0115,SELL072,1,0.1,Credit Card,Delivered
ORD007478,2024-06-28,CUST1195,PROD0086,SELL003,2,0.1,Debit Card,Delivered
ORD007479,2024-01-13,CUST0814,PROD0153,SELL053,1,0.1,Debit Card,Delivered
ORD007480,2024-07-14,CUST1085,PROD0088,SELL052,4,0.05,COD,Delivered
ORD007481,2025-03-01,CUST0821,PROD0042,SELL076,2,0.15,Net Banking,Delivered
ORD007482,2025-08-14,CUST0013,PROD0087,SELL058,4,0.05,Net Banking,Returned
ORD007483,2024-09-05,CUST0517,PROD0047,SELL055,4,0.05,Credit Card,Shipped
ORD007484,2024-07-18,CUST0076,PROD0137,SELL008,3,0.2,Net Banking,Delivered
ORD007485,2024-06-30,CUST0817,PROD0098,SELL053,1,0.25,COD,Delivered
ORD007486,2024-01-03,CUST0760,PROD0108,SELL031,2,0.15,COD,Cancelled
ORD007487,2024-01-11,CUST0469,PROD0064,SELL048,1,0.1,COD,Delivered
ORD007488,2024-11-08,CUST1107,PROD0050,SELL075,4,0.25,COD,Returned
ORD007489,2025-03-27,CUST0795,PROD0065,SELL033,2,0.2,COD,Cancelled
ORD007490,2024-01-10,CUST0395,PROD0080,SELL034,2,0.1,Net Banking,Cancelled
ORD007491,2024-05-26,CUST0249,PROD0096,SELL015,3,0.05,UPI,Delivered
ORD007492,2025-10-27,CUST1145,PROD0050,SELL063,4,0.25,Credit Card,Delivered
ORD007493,2025-12-24,CUST0909,PROD0169,SELL024,3,0.15,UPI,Delivered
ORD007494,2025-04-14,CUST0087,PROD0174,SELL033,1,0.15,Debit Card,Delivered
ORD007495,2025-01-16,CUST0777,PROD0099,SELL054,1,0.15,UPI,Delivered
ORD007496,2025-03-02,CUST1073,PROD0075,SELL026,2,0.15,UPI,Delivered
ORD007497,2024-09-27,CUST0378,PROD0019,SELL017,2,0.1,UPI,Delivered
ORD007498,2024-05-27,CUST0658,PROD0140,SELL015,1,0.2,Credit Card,Delivered
ORD007499,2024-10-01,CUST0527,PROD0105,SELL067,3,0.15,UPI,Shipped
ORD007500,2025-05-26,CUST0844,PROD0154,SELL074,4,0.1,UPI,Delivered
ORD007501,2025-04-29,CUST0297,PROD0166,SELL005,4,0.0,UPI,Delivered
ORD007502,2025-05-10,CUST1124,PROD0122,SELL032,4,0.1,UPI,Delivered
ORD007503,2025-03-20,CUST0701,PROD0030,SELL008,4,0.05,UPI,Delivered
ORD007504,2024-02-14,CUST1086,PROD0074,SELL032,4,0.1,Net Banking,Delivered
ORD007505,2025-04-02,CUST0730,PROD0090,SELL069,4,0.0,Credit Card,Delivered
ORD007506,2025-10-05,CUST0816,PROD0064,SELL035,2,0.05,Debit Card,Cancelled
ORD007507,2025-04-19,CUST0727,PROD0031,SELL046,2,0.1,Debit Card,Delivered
ORD007508,2025-02-27,CUST0753,PROD0034,SELL055,2,0.05,UPI,Delivered
ORD007509,2024-06-12,CUST1009,PROD0180,SELL042,4,0.15,Credit Card,Returned
ORD007510,2025-08-02,CUST0164,PROD0101,SELL049,2,0.1,Credit Card,Shipped
ORD007511,2024-11-26,CUST0291,PROD0086,SELL065,1,0.2,Credit Card,Delivered
ORD007512,2024-07-11,CUST1036,PROD0106,SELL027,3,0.15,COD,Returned
ORD007513,2024-12-24,CUST0128,PROD0023,SELL067,3,0.1,UPI,Cancelled
ORD007514,2024-03-30,CUST0734,PROD0080,SELL049,1,0.0,Net Banking,Shipped
ORD007515,2025-11-08,CUST0667,PROD0136,SELL016,2,0.0,Net Banking,Returned
ORD007516,2025-05-28,CUST1132,PROD0134,SELL038,2,0.1,Debit Card,Delivered
ORD007517,2024-08-26,CUST0134,PROD0145,SELL042,3,0.05,COD,Returned
ORD007518,2025-08-03,CUST0724,PROD0006,SELL006,2,0.1,COD,Delivered
ORD007519,2024-02-09,CUST0586,PROD0072,SELL058,4,0.1,Credit Card,Cancelled
ORD007520,2024-10-09,CUST0592,PROD0002,SELL060,4,0.15,UPI,Delivered
ORD007521,2025-04-21,CUST0142,PROD0009,SELL007,3,0.15,UPI,Returned
ORD007522,2024-01-18,CUST0604,PROD0169,SELL003,3,0.1,Debit Card,Returned
ORD007523,2025-06-02,CUST0412,PROD0105,SELL080,3,0.15,Net Banking,Delivered
ORD007524,2025-08-21,CUST0767,PROD0133,SELL022,2,0.15,Net Banking,Delivered
ORD007525,2025-03-10,CUST0498,PROD0022,SELL034,2,0.0,Debit Card,Cancelled
ORD007526,2024-05-30,CUST0534,PROD0154,SELL043,1,0.1,Net Banking,Delivered
ORD007527,2025-07-01,CUST0062,PROD0050,SELL070,3,0.2,Net Banking,Delivered
ORD007528,2024-09-04,CUST0411,PROD0062,SELL017,1,0.1,COD,Cancelled
ORD007529,2025-06-21,CUST0580,PROD0077,SELL025,3,0.15,Debit Card,Returned
ORD007530,2025-04-04,CUST1071,PROD0019,SELL056,3,0.1,UPI,Cancelled
ORD007531,2024-03-09,CUST0965,PROD0166,SELL073,3,0.05,COD,Shipped
ORD007532,2024-03-14,CUST0790,PROD0111,SELL015,1,0.15,COD,Delivered
ORD007533,2024-01-12,CUST0713,PROD0164,SELL002,2,0.1,Net Banking,Returned
ORD007534,2024-02-22,CUST0345,PROD0006,SELL049,1,0.0,UPI,Cancelled
ORD007535,2024-08-07,CUST0551,PROD0133,SELL077,1,0.1,Debit Card,Delivered
ORD007536,2024-01-19,CUST1056,PROD0112,SELL067,1,0.2,Net Banking,Returned
ORD007537,2025-11-17,CUST0751,PROD0165,SELL077,3,0.1,UPI,Shipped
ORD007538,2025-11-01,CUST1152,PROD0164,SELL064,4,0.05,UPI,Delivered
ORD007539,2024-05-06,CUST0079,PROD0156,SELL017,2,0.2,UPI,Delivered
ORD007540,2024-08-15,CUST0734,PROD0049,SELL029,4,0.1,Debit Card,Cancelled
ORD007541,2025-06-26,CUST0533,PROD0094,SELL008,1,0.1,UPI,Shipped
ORD007542,2025-04-27,CUST0822,PROD0012,SELL041,2,0.15,Credit Card,Cancelled
ORD007543,2025-03-01,CUST1123,PROD0043,SELL006,3,0.15,COD,Cancelled
ORD007544,2025-12-24,CUST0531,PROD0083,SELL070,3,0.15,Debit Card,Shipped
ORD007545,2025-04-05,CUST0010,PROD0065,SELL071,1,0.0,UPI,Shipped
ORD007546,2025-05-04,CUST0928,PROD0124,SELL059,3,0.1,UPI,Returned
ORD007547,2025-01-02,CUST0930,PROD0161,SELL078,1,0.05,Net Banking,Delivered
ORD007548,2025-01-18,CUST0832,PROD0142,SELL032,1,0.0,Credit Card,Delivered
ORD007549,2024-07-31,CUST0725,PROD0140,SELL009,1,0.1,COD,Cancelled
ORD007550,2025-01-15,CUST0707,PROD0147,SELL007,3,0.2,UPI,Cancelled
ORD007551,2025-11-02,CUST0103,PROD0006,SELL020,1,0.0,COD,Delivered
ORD007552,2024-10-02,CUST0035,PROD0119,SELL033,4,0.2,Debit Card,Delivered
ORD007553,2024-04-07,CUST0428,PROD0051,SELL042,3,0.1,Debit Card,Delivered
ORD007554,2025-03-14,CUST0106,PROD0013,SELL013,4,0.05,COD,Cancelled
ORD007555,2025-07-27,CUST0469,PROD0132,SELL050,1,0.25,Debit Card,Cancelled
ORD007556,2025-12-01,CUST1076,PROD0109,SELL002,4,0.1,Net Banking,Shipped
ORD007557,2025-01-31,CUST1087,PROD0064,SELL007,1,0.05,Credit Card,Returned
ORD007558,2025-07-30,CUST0748,PROD0154,SELL049,4,0.05,Net Banking,Delivered
ORD007559,2024-07-02,CUST0786,PROD0042,SELL064,2,0.15,Net Banking,Delivered
ORD007560,2024-11-06,CUST0404,PROD0081,SELL059,2,0.15,Credit Card,Shipped
ORD007561,2024-11-02,CUST0214,PROD0016,SELL001,4,0.05,COD,Cancelled
ORD007562,2024-08-31,CUST1042,PROD0177,SELL037,3,0.1,COD,Delivered
ORD007563,2025-06-07,CUST0220,PROD0079,SELL053,1,0.2,UPI,Delivered
ORD007564,2025-10-07,CUST0075,PROD0087,SELL033,4,0.2,Debit Card,Delivered
ORD007565,2024-08-26,CUST0291,PROD0091,SELL035,2,0.25,Debit Card,Cancelled
ORD007566,2024-04-09,CUST0994,PROD0111,SELL046,2,0.15,Net Banking,Shipped
ORD007567,2025-08-26,CUST0429,PROD0132,SELL057,2,0.0,Debit Card,Shipped
ORD007568,2025-09-13,CUST0289,PROD0161,SELL041,2,0.15,Debit Card,Returned
ORD007569,2025-11-14,CUST0489,PROD0009,SELL021,4,0.0,Credit Card,Delivered
ORD007570,2024-07-05,CUST0741,PROD0059,SELL062,3,0.15,Debit Card,Delivered
ORD007571,2025-06-09,CUST0951,PROD0010,SELL031,4,0.25,Net Banking,Cancelled
ORD007572,2025-06-07,CUST0624,PROD0053,SELL058,3,0.1,Debit Card,Delivered
ORD007573,2025-07-31,CUST0009,PROD0075,SELL024,2,0.2,Debit Card,Shipped
ORD007574,2025-08-12,CUST0021,PROD0163,SELL069,3,0.1,Net Banking,Delivered
ORD007575,2025-11-27,CUST0138,PROD0083,SELL073,3,0.15,Credit Card,Delivered
ORD007576,2024-12-14,CUST0330,PROD0002,SELL028,4,0.15,COD,Delivered
ORD007577,2024-02-25,CUST0321,PROD0096,SELL043,3,0.1,COD,Delivered
ORD007578,2024-05-20,CUST0541,PROD0149,SELL034,2,0.15,Net Banking,Returned
ORD007579,2025-10-10,CUST0857,PROD0018,SELL007,1,0.05,UPI,Delivered
ORD007580,2025-09-09,CUST0796,PROD0020,SELL042,3,0.25,Credit Card,Delivered
ORD007581,2024-01-09,CUST0127,PROD0094,SELL047,3,0.1,UPI,Shipped
ORD007582,2024-09-25,CUST0446,PROD0134,SELL031,1,0.05,Credit Card,Delivered
ORD007583,2024-06-28,CUST0973,PROD0002,SELL027,4,0.05,Credit Card,Cancelled
ORD007584,2024-08-22,CUST1012,PROD0088,SELL052,4,0.2,Credit Card,Delivered
ORD007585,2025-04-11,CUST1045,PROD0159,SELL030,3,0.0,UPI,Delivered
ORD007586,2025-01-07,CUST1124,PROD0047,SELL026,4,0.1,Debit Card,Delivered
ORD007587,2024-12-17,CUST0366,PROD0107,SELL063,3,0.1,COD,Cancelled
ORD007588,2024-11-14,CUST0529,PROD0180,SELL022,2,0.2,Net Banking,Delivered
ORD007589,2025-04-14,CUST0234,PROD0056,SELL018,2,0.05,UPI,Delivered
ORD007590,2025-05-14,CUST0637,PROD0068,SELL033,2,0.0,Net Banking,Shipped
ORD007591,2024-02-01,CUST0914,PROD0074,SELL012,1,0.15,COD,Returned
ORD007592,2024-04-10,CUST0760,PROD0158,SELL026,2,0.0,Credit Card,Delivered
ORD007593,2024-09-06,CUST1155,PROD0002,SELL071,3,0.15,Net Banking,Returned
ORD007594,2024-11-14,CUST0995,PROD0093,SELL019,4,0.0,UPI,Delivered
ORD007595,2025-12-29,CUST0959,PROD0044,SELL067,4,0.1,Net Banking,Returned
ORD007596,2025-10-13,CUST0796,PROD0018,SELL007,1,0.2,Net Banking,Delivered
ORD007597,2025-04-19,CUST0644,PROD0165,SELL014,3,0.05,Debit Card,Shipped
ORD007598,2024-01-27,CUST0496,PROD0048,SELL025,3,0.15,UPI,Delivered
ORD007599,2024-03-14,CUST0116,PROD0002,SELL013,1,0.1,Credit Card,Delivered
ORD007600,2024-11-30,CUST0601,PROD0053,SELL047,3,0.0,Debit Card,Returned
ORD007601,2025-03-05,CUST0841,PROD0155,SELL027,3,0.0,Debit Card,Cancelled
ORD007602,2025-04-27,CUST0601,PROD0178,SELL071,4,0.0,Debit Card,Cancelled
ORD007603,2024-04-13,CUST1155,PROD0023,SELL055,4,0.2,UPI,Shipped
ORD007604,2025-10-10,CUST0636,PROD0169,SELL040,1,0.1,Debit Card,Cancelled
ORD007605,2024-12-26,CUST0897,PROD0123,SELL047,4,0.25,COD,Returned
ORD007606,2025-03-10,CUST1099,PROD0174,SELL024,4,0.15,COD,Delivered
ORD007607,2024-01-29,CUST0226,PROD0073,SELL012,2,0.0,COD,Delivered
ORD007608,2025-08-25,CUST0089,PROD0038,SELL015,3,0.15,UPI,Shipped
ORD007609,2025-01-31,CUST1049,PROD0060,SELL019,1,0.1,Credit Card,Delivered
ORD007610,2024-06-11,CUST0699,PROD0037,SELL070,2,0.15,COD,Delivered
ORD007611,2024-08-21,CUST0304,PROD0115,SELL033,2,0.0,Net Banking,Cancelled
ORD007612,2024-09-14,CUST0661,PROD0163,SELL032,1,0.15,Debit Card,Delivered
ORD007613,2024-01-20,CUST0517,PROD0168,SELL065,4,0.1,COD,Cancelled
ORD007614,2025-11-19,CUST0950,PROD0024,SELL042,4,0.05,UPI,Shipped
ORD007615,2025-08-09,CUST0732,PROD0018,SELL049,3,0.05,Net Banking,Delivered
ORD007616,2025-10-09,CUST0202,PROD0061,SELL006,4,0.2,UPI,Shipped
ORD007617,2024-09-15,CUST0602,PROD0003,SELL041,1,0.15,Credit Card,Returned
ORD007618,2025-02-11,CUST0934,PROD0179,SELL047,3,0.05,UPI,Shipped
ORD007619,2024-11-30,CUST0062,PROD0007,SELL030,3,0.2,Debit Card,Delivered
ORD007620,2024-12-13,CUST0472,PROD0037,SELL069,4,0.05,Net Banking,Delivered
ORD007621,2025-03-06,CUST0277,PROD0043,SELL042,1,0.2,Credit Card,Delivered
ORD007622,2024-11-25,CUST1071,PROD0162,SELL008,3,0.0,UPI,Cancelled
ORD007623,2025-07-19,CUST0537,PROD0034,SELL034,3,0.1,COD,Delivered
ORD007624,2024-02-12,CUST0262,PROD0158,SELL001,3,0.0,Credit Card,Cancelled
ORD007625,2024-05-20,CUST0040,PROD0140,SELL072,4,0.15,UPI,Returned
ORD007626,2025-10-14,CUST0923,PROD0162,SELL061,2,0.1,COD,Cancelled
ORD007627,2025-10-06,CUST0473,PROD0167,SELL077,4,0.0,Debit Card,Delivered
ORD007628,2025-08-21,CUST0261,PROD0021,SELL069,2,0.1,UPI,Shipped
ORD007629,2024-09-26,CUST0095,PROD0094,SELL004,2,0.1,Net Banking,Returned
ORD007630,2024-11-29,CUST0838,PROD0002,SELL072,4,0.2,UPI,Cancelled
ORD007631,2024-01-19,CUST1056,PROD0177,SELL016,4,0.1,Debit Card,Returned
ORD007632,2024-07-23,CUST0416,PROD0143,SELL032,1,0.05,UPI,Delivered
ORD007633,2025-06-15,CUST0585,PROD0070,SELL067,3,0.0,COD,Delivered
ORD007634,2024-09-07,CUST0089,PROD0070,SELL070,4,0.15,UPI,Delivered
ORD007635,2024-12-17,CUST0977,PROD0162,SELL061,4,0.15,Net Banking,Shipped
ORD007636,2024-03-31,CUST0563,PROD0161,SELL066,1,0.2,Net Banking,Delivered
ORD007637,2024-12-28,CUST0330,PROD0090,SELL033,3,0.1,Credit Card,Delivered
ORD007638,2025-06-11,CUST0731,PROD0059,SELL068,1,0.1,COD,Returned
ORD007639,2025-02-22,CUST0003,PROD0141,SELL024,3,0.1,Credit Card,Shipped
ORD007640,2025-02-10,CUST0134,PROD0115,SELL075,3,0.05,UPI,Cancelled
ORD007641,2025-10-30,CUST0937,PROD0082,SELL063,3,0.1,Debit Card,Delivered
ORD007642,2024-06-20,CUST0389,PROD0039,SELL059,1,0.05,Debit Card,Shipped
ORD007643,2024-08-06,CUST0730,PROD0068,SELL020,4,0.2,COD,Shipped
ORD007644,2025-03-31,CUST1098,PROD0074,SELL008,3,0.1,Credit Card,Cancelled
ORD007645,2024-12-17,CUST0563,PROD0062,SELL079,1,0.0,COD,Cancelled
ORD007646,2025-12-16,CUST0245,PROD0009,SELL021,1,0.0,Net Banking,Shipped
ORD007647,2024-02-13,CUST0255,PROD0166,SELL019,4,0.1,UPI,Shipped
ORD007648,2024-03-30,CUST0175,PROD0074,SELL064,1,0.1,COD,Cancelled
ORD007649,2024-09-06,CUST0994,PROD0163,SELL074,2,0.1,Credit Card,Shipped
ORD007650,2024-12-01,CUST0792,PROD0070,SELL011,4,0.1,COD,Delivered
ORD007651,2025-10-12,CUST1169,PROD0104,SELL039,4,0.15,Debit Card,Delivered
ORD007652,2024-12-27,CUST0489,PROD0044,SELL026,3,0.05,Debit Card,Delivered
ORD007653,2024-11-15,CUST0991,PROD0076,SELL056,2,0.1,Debit Card,Returned
ORD007654,2024-05-01,CUST0251,PROD0061,SELL006,3,0.15,UPI,Cancelled
ORD007655,2024-11-13,CUST0305,PROD0125,SELL070,1,0.0,Credit Card,Cancelled
ORD007656,2025-01-23,CUST0841,PROD0096,SELL072,2,0.15,UPI,Shipped
ORD007657,2025-03-02,CUST1004,PROD0095,SELL023,2,0.15,UPI,Returned
ORD007658,2025-03-18,CUST0982,PROD0038,SELL054,3,0.25,Credit Card,Shipped
ORD007659,2024-11-10,CUST1048,PROD0064,SELL028,2,0.0,Debit Card,Returned
ORD007660,2024-04-25,CUST0220,PROD0069,SELL069,4,0.05,Debit Card,Shipped
ORD007661,2024-04-21,CUST0578,PROD0044,SELL026,3,0.15,Debit Card,Delivered
ORD007662,2024-04-23,CUST0798,PROD0116,SELL061,3,0.1,Net Banking,Cancelled
ORD007663,2025-03-28,CUST0361,PROD0086,SELL021,1,0.15,Credit Card,Delivered
ORD007664,2025-09-17,CUST1081,PROD0067,SELL073,4,0.2,Credit Card,Cancelled
ORD007665,2025-10-07,CUST0905,PROD0055,SELL026,2,0.0,Debit Card,Delivered
ORD007666,2024-08-15,CUST0938,PROD0124,SELL038,1,0.2,Net Banking,Cancelled
ORD007667,2024-02-28,CUST0385,PROD0002,SELL055,1,0.2,UPI,Delivered
ORD007668,2025-04-05,CUST0279,PROD0115,SELL015,3,0.15,Debit Card,Delivered
ORD007669,2024-01-29,CUST0818,PROD0121,SELL020,4,0.15,Debit Card,Delivered
ORD007670,2025-04-03,CUST0202,PROD0082,SELL016,2,0.1,UPI,Delivered
ORD007671,2024-10-07,CUST0487,PROD0078,SELL032,1,0.0,Credit Card,Cancelled
ORD007672,2025-09-05,CUST0285,PROD0147,SELL033,1,0.15,Net Banking,Delivered
ORD007673,2025-04-02,CUST0794,PROD0167,SELL080,1,0.15,Debit Card,Cancelled
ORD007674,2025-06-24,CUST0280,PROD0174,SELL070,1,0.1,Credit Card,Returned
ORD007675,2024-10-23,CUST0184,PROD0150,SELL080,1,0.1,Credit Card,Delivered
ORD007676,2025-09-06,CUST0646,PROD0158,SELL057,4,0.0,Debit Card,Returned
ORD007677,2025-01-18,CUST0423,PROD0026,SELL029,4,0.15,Debit Card,Delivered
ORD007678,2025-04-02,CUST0758,PROD0049,SELL078,3,0.15,UPI,Delivered
ORD007679,2024-09-20,CUST0434,PROD0176,SELL071,4,0.1,UPI,Delivered
ORD007680,2024-11-24,CUST1154,PROD0158,SELL054,4,0.1,Credit Card,Delivered
ORD007681,2025-09-06,CUST0351,PROD0161,SELL034,3,0.25,COD,Delivered
ORD007682,2024-10-14,CUST0366,PROD0059,SELL026,4,0.1,Net Banking,Delivered
ORD007683,2024-01-16,CUST0420,PROD0028,SELL056,1,0.25,COD,Delivered
ORD007684,2024-10-04,CUST0833,PROD0016,SELL001,1,0.15,COD,Shipped
ORD007685,2024-10-13,CUST0961,PROD0103,SELL059,4,0.0,COD,Returned
ORD007686,2024-11-01,CUST0859,PROD0133,SELL036,4,0.1,Net Banking,Delivered
ORD007687,2024-02-21,CUST1080,PROD0175,SELL005,3,0.1,Credit Card,Returned
ORD007688,2024-04-04,CUST0865,PROD0084,SELL047,3,0.05,Credit Card,Cancelled
ORD007689,2024-08-24,CUST1003,PROD0069,SELL028,2,0.1,COD,Cancelled
ORD007690,2024-11-05,CUST0193,PROD0140,SELL062,1,0.1,Debit Card,Delivered
ORD007691,2024-01-22,CUST0913,PROD0169,SELL044,1,0.05,Net Banking,Cancelled
ORD007692,2024-10-11,CUST0135,PROD0126,SELL021,4,0.15,Net Banking,Delivered
ORD007693,2024-08-22,CUST0877,PROD0131,SELL074,4,0.15,COD,Delivered
ORD007694,2024-01-26,CUST0961,PROD0028,SELL027,1,0.1,COD,Delivered
ORD007695,2024-07-02,CUST0959,PROD0087,SELL001,4,0.2,COD,Delivered
ORD007696,2024-07-20,CUST1198,PROD0067,SELL032,4,0.1,UPI,Cancelled
ORD007697,2024-04-14,CUST0420,PROD0006,SELL063,1,0.15,UPI,Delivered
ORD007698,2025-07-03,CUST0517,PROD0100,SELL009,3,0.1,Net Banking,Delivered
ORD007699,2024-02-22,CUST0290,PROD0070,SELL068,3,0.2,COD,Returned
ORD007700,2025-02-26,CUST0568,PROD0130,SELL062,4,0.1,Net Banking,Shipped
ORD007701,2025-05-01,CUST1129,PROD0045,SELL039,2,0.15,Debit Card,Delivered
ORD007702,2025-08-12,CUST1185,PROD0081,SELL011,3,0.15,COD,Shipped
ORD007703,2025-02-02,CUST0728,PROD0164,SELL005,4,0.25,COD,Delivered
ORD007704,2025-01-31,CUST0095,PROD0032,SELL057,4,0.1,UPI,Delivered
ORD007705,2025-07-10,CUST0624,PROD0090,SELL035,4,0.25,COD,Delivered
ORD007706,2025-09-16,CUST0939,PROD0054,SELL027,2,0.1,Debit Card,Delivered
ORD007707,2024-06-03,CUST0324,PROD0147,SELL080,2,0.05,UPI,Shipped
ORD007708,2025-08-04,CUST0456,PROD0066,SELL015,4,0.1,Debit Card,Delivered
ORD007709,2024-12-03,CUST0343,PROD0033,SELL074,4,0.15,Net Banking,Returned
ORD007710,2024-03-12,CUST0392,PROD0044,SELL019,3,0.05,UPI,Delivered
ORD007711,2025-03-23,CUST0703,PROD0038,SELL017,4,0.05,Debit Card,Shipped
ORD007712,2025-12-15,CUST0806,PROD0157,SELL053,2,0.15,Credit Card,Shipped
ORD007713,2024-04-12,CUST1136,PROD0136,SELL049,4,0.2,COD,Shipped
ORD007714,2024-01-11,CUST0974,PROD0160,SELL019,4,0.0,Credit Card,Delivered
ORD007715,2025-10-31,CUST1035,PROD0094,SELL041,2,0.1,Debit Card,Delivered
ORD007716,2025-03-12,CUST0990,PROD0025,SELL018,1,0.1,COD,Returned
ORD007717,2024-06-09,CUST0184,PROD0177,SELL038,1,0.15,Net Banking,Delivered
ORD007718,2025-08-02,CUST1143,PROD0139,SELL080,4,0.25,UPI,Cancelled
ORD007719,2024-10-14,CUST0477,PROD0015,SELL045,1,0.15,Net Banking,Returned
ORD007720,2024-08-30,CUST0045,PROD0066,SELL077,3,0.1,UPI,Delivered
ORD007721,2024-07-30,CUST1001,PROD0102,SELL010,2,0.1,Net Banking,Delivered
ORD007722,2025-03-13,CUST0297,PROD0025,SELL038,2,0.15,Credit Card,Cancelled
ORD007723,2024-04-08,CUST0725,PROD0127,SELL051,2,0.05,UPI,Delivered
ORD007724,2024-09-21,CUST1021,PROD0015,SELL065,2,0.25,UPI,Cancelled
ORD007725,2024-08-11,CUST1059,PROD0104,SELL019,4,0.0,Debit Card,Shipped
ORD007726,2024-02-14,CUST0940,PROD0039,SELL066,3,0.2,UPI,Delivered
ORD007727,2025-07-11,CUST1139,PROD0146,SELL024,3,0.05,Credit Card,Cancelled
ORD007728,2024-01-07,CUST0408,PROD0178,SELL012,2,0.0,Net Banking,Cancelled
ORD007729,2025-12-02,CUST0468,PROD0021,SELL015,2,0.2,Net Banking,Shipped
ORD007730,2024-03-10,CUST0946,PROD0077,SELL024,1,0.2,UPI,Delivered
ORD007731,2024-09-18,CUST0526,PROD0164,SELL064,4,0.0,UPI,Cancelled
ORD007732,2024-03-12,CUST0692,PROD0124,SELL035,2,0.1,Net Banking,Shipped
ORD007733,2024-09-25,CUST1074,PROD0180,SELL050,4,0.0,Debit Card,Delivered
ORD007734,2025-03-22,CUST1046,PROD0096,SELL044,1,0.1,UPI,Shipped
ORD007735,2024-03-04,CUST0162,PROD0004,SELL077,1,0.15,Debit Card,Shipped
ORD007736,2025-01-19,CUST0047,PROD0004,SELL002,3,0.0,COD,Delivered
ORD007737,2025-07-18,CUST1082,PROD0087,SELL067,2,0.15,COD,Shipped
ORD007738,2024-11-28,CUST0133,PROD0090,SELL011,4,0.0,COD,Delivered
ORD007739,2024-03-23,CUST0842,PROD0037,SELL046,3,0.2,Net Banking,Delivered
ORD007740,2025-05-20,CUST0176,PROD0123,SELL026,1,0.15,UPI,Returned
ORD007741,2024-05-16,CUST0651,PROD0093,SELL055,2,0.2,Net Banking,Delivered
ORD007742,2024-01-13,CUST0311,PROD0075,SELL038,1,0.25,UPI,Delivered
ORD007743,2024-11-15,CUST0209,PROD0025,SELL032,2,0.05,UPI,Delivered
ORD007744,2024-07-17,CUST0387,PROD0104,SELL057,1,0.15,COD,Returned
ORD007745,2024-01-21,CUST0982,PROD0126,SELL043,3,0.1,Net Banking,Delivered
ORD007746,2025-07-22,CUST0465,PROD0059,SELL050,1,0.1,UPI,Returned
ORD007747,2025-03-14,CUST0333,PROD0150,SELL074,4,0.2,Credit Card,Delivered
ORD007748,2025-10-27,CUST0574,PROD0026,SELL047,3,0.0,COD,Shipped
ORD007749,2024-12-17,CUST0696,PROD0090,SELL013,2,0.05,Debit Card,Returned
ORD007750,2024-11-16,CUST0680,PROD0178,SELL065,2,0.2,Debit Card,Returned
ORD007751,2025-09-07,CUST0716,PROD0082,SELL048,1,0.15,Debit Card,Cancelled
ORD007752,2024-02-29,CUST0698,PROD0109,SELL042,3,0.0,COD,Returned
ORD007753,2024-09-21,CUST1069,PROD0137,SELL032,1,0.1,Net Banking,Shipped
ORD007754,2025-08-06,CUST0017,PROD0162,SELL005,4,0.2,Debit Card,Shipped
ORD007755,2024-08-01,CUST0851,PROD0073,SELL051,4,0.0,Debit Card,Shipped
ORD007756,2025-10-09,CUST0413,PROD0133,SELL039,4,0.1,Debit Card,Shipped
ORD007757,2024-07-26,CUST0201,PROD0027,SELL041,1,0.2,COD,Shipped
ORD007758,2024-10-29,CUST0634,PROD0052,SELL010,3,0.0,COD,Delivered
ORD007759,2025-10-17,CUST0391,PROD0145,SELL059,4,0.0,COD,Shipped
ORD007760,2024-06-26,CUST1152,PROD0108,SELL072,4,0.15,Credit Card,Delivered
ORD007761,2025-12-08,CUST1007,PROD0061,SELL061,4,0.2,Debit Card,Delivered
ORD007762,2024-02-02,CUST0874,PROD0032,SELL062,4,0.15,Debit Card,Delivered
ORD007763,2024-07-13,CUST0216,PROD0085,SELL078,4,0.1,UPI,Returned
ORD007764,2025-03-08,CUST0124,PROD0086,SELL002,1,0.1,COD,Delivered
ORD007765,2025-03-10,CUST0800,PROD0145,SELL070,4,0.0,UPI,Shipped
ORD007766,2025-10-27,CUST0297,PROD0128,SELL062,4,0.05,UPI,Cancelled
ORD007767,2025-12-02,CUST0184,PROD0160,SELL068,1,0.15,Debit Card,Shipped
ORD007768,2025-05-10,CUST0374,PROD0062,SELL051,2,0.15,Net Banking,Delivered
ORD007769,2025-04-27,CUST0892,PROD0006,SELL064,4,0.25,COD,Delivered
ORD007770,2024-08-19,CUST0083,PROD0169,SELL067,3,0.0,Credit Card,Cancelled
ORD007771,2025-08-11,CUST0887,PROD0016,SELL065,3,0.1,Credit Card,Cancelled
ORD007772,2025-04-14,CUST0295,PROD0107,SELL064,1,0.1,UPI,Returned
ORD007773,2024-01-18,CUST1176,PROD0121,SELL077,2,0.2,Net Banking,Cancelled
ORD007774,2025-08-31,CUST0540,PROD0043,SELL026,2,0.2,UPI,Cancelled
ORD007775,2024-09-19,CUST0585,PROD0080,SELL058,2,0.15,Net Banking,Cancelled
ORD007776,2024-12-13,CUST0745,PROD0046,SELL037,2,0.1,Credit Card,Cancelled
ORD007777,2024-12-21,CUST0763,PROD0173,SELL044,4,0.05,COD,Delivered
ORD007778,2025-08-22,CUST0229,PROD0015,SELL053,3,0.2,COD,Shipped
ORD007779,2024-07-14,CUST0505,PROD0035,SELL075,4,0.0,Net Banking,Returned
ORD007780,2024-10-13,CUST1152,PROD0172,SELL023,4,0.05,Debit Card,Delivered
ORD007781,2024-01-29,CUST0350,PROD0066,SELL001,1,0.0,UPI,Shipped
ORD007782,2024-09-11,CUST1175,PROD0070,SELL010,3,0.05,Credit Card,Delivered
ORD007783,2024-03-05,CUST0743,PROD0137,SELL002,1,0.05,Credit Card,Delivered
ORD007784,2025-03-02,CUST1008,PROD0058,SELL072,1,0.2,Debit Card,Cancelled
ORD007785,2025-10-14,CUST0588,PROD0084,SELL007,1,0.1,COD,Delivered
ORD007786,2024-12-05,CUST0227,PROD0117,SELL017,4,0.1,UPI,Delivered
ORD007787,2025-10-28,CUST0363,PROD0117,SELL023,1,0.2,COD,Delivered
ORD007788,2025-12-15,CUST0608,PROD0141,SELL064,3,0.0,Credit Card,Cancelled
ORD007789,2024-02-09,CUST0784,PROD0157,SELL060,4,0.15,UPI,Cancelled
ORD007790,2025-01-12,CUST0386,PROD0130,SELL010,2,0.1,Net Banking,Delivered
ORD007791,2025-01-21,CUST0043,PROD0160,SELL040,2,0.1,UPI,Cancelled
ORD007792,2024-10-08,CUST0581,PROD0129,SELL071,1,0.2,COD,Delivered
ORD007793,2025-08-30,CUST0628,PROD0055,SELL005,3,0.05,COD,Delivered
ORD007794,2024-10-15,CUST0613,PROD0117,SELL049,4,0.1,Credit Card,Returned
ORD007795,2024-02-10,CUST0716,PROD0025,SELL077,2,0.15,UPI,Returned
ORD007796,2025-02-04,CUST0580,PROD0011,SELL009,4,0.15,Credit Card,Cancelled
ORD007797,2024-05-27,CUST0927,PROD0009,SELL039,2,0.1,UPI,Shipped
ORD007798,2024-09-16,CUST0150,PROD0032,SELL050,1,0.15,Credit Card,Returned
ORD007799,2025-01-01,CUST1128,PROD0074,SELL067,1,0.05,Debit Card,Delivered
ORD007800,2025-06-12,CUST0066,PROD0040,SELL031,3,0.0,UPI,Returned
ORD007801,2024-07-22,CUST0615,PROD0053,SELL009,3,0.05,COD,Cancelled
ORD007802,2024-10-05,CUST0341,PROD0078,SELL041,1,0.25,Debit Card,Delivered
ORD007803,2024-02-19,CUST0134,PROD0002,SELL064,2,0.0,COD,Delivered
ORD007804,2024-10-07,CUST1128,PROD0144,SELL003,1,0.2,Net Banking,Delivered
ORD007805,2025-02-28,CUST0893,PROD0001,SELL076,2,0.05,Net Banking,Returned
ORD007806,2025-03-27,CUST1001,PROD0150,SELL007,3,0.0,UPI,Returned
ORD007807,2024-08-02,CUST0068,PROD0077,SELL064,1,0.1,Net Banking,Delivered
ORD007808,2024-02-14,CUST0784,PROD0002,SELL014,3,0.15,Debit Card,Cancelled
ORD007809,2025-02-26,CUST0533,PROD0178,SELL061,4,0.05,Net Banking,Returned
ORD007810,2025-04-24,CUST0140,PROD0003,SELL014,3,0.1,Credit Card,Delivered
ORD007811,2024-03-03,CUST0516,PROD0140,SELL032,1,0.15,COD,Delivered
ORD007812,2025-01-04,CUST0572,PROD0052,SELL066,4,0.1,Net Banking,Returned
ORD007813,2024-03-10,CUST0165,PROD0109,SELL031,2,0.05,Net Banking,Delivered
ORD007814,2024-11-27,CUST0938,PROD0020,SELL077,4,0.1,COD,Returned
ORD007815,2025-04-13,CUST0453,PROD0077,SELL022,3,0.0,Debit Card,Delivered
ORD007816,2025-06-09,CUST1026,PROD0100,SELL006,2,0.15,Credit Card,Delivered
ORD007817,2025-06-05,CUST0005,PROD0166,SELL072,2,0.1,Debit Card,Delivered
ORD007818,2025-07-08,CUST0483,PROD0137,SELL063,1,0.0,Debit Card,Cancelled
ORD007819,2024-06-25,CUST0439,PROD0138,SELL068,3,0.05,Debit Card,Shipped
ORD007820,2025-09-10,CUST0414,PROD0158,SELL045,1,0.1,Debit Card,Returned
ORD007821,2024-09-12,CUST1119,PROD0179,SELL014,4,0.1,Debit Card,Shipped
ORD007822,2024-09-30,CUST0669,PROD0179,SELL055,3,0.0,Debit Card,Delivered
ORD007823,2025-07-29,CUST1159,PROD0089,SELL047,1,0.05,UPI,Delivered
ORD007824,2024-08-27,CUST0484,PROD0157,SELL065,2,0.05,Credit Card,Delivered
ORD007825,2024-02-24,CUST0964,PROD0007,SELL074,1,0.15,Debit Card,Returned
ORD007826,2025-06-06,CUST0698,PROD0103,SELL022,2,0.2,COD,Delivered
ORD007827,2025-04-28,CUST0060,PROD0107,SELL053,1,0.2,UPI,Shipped
ORD007828,2025-03-01,CUST0537,PROD0108,SELL040,3,0.1,Debit Card,Cancelled
ORD007829,2024-04-14,CUST0419,PROD0091,SELL066,3,0.0,COD,Delivered
ORD007830,2025-04-06,CUST0149,PROD0117,SELL031,2,0.0,Credit Card,Cancelled
ORD007831,2024-05-25,CUST0217,PROD0134,SELL048,2,0.0,Credit Card,Delivered
ORD007832,2025-02-10,CUST0970,PROD0010,SELL056,2,0.15,Credit Card,Delivered
ORD007833,2025-01-06,CUST0282,PROD0038,SELL061,2,0.05,Debit Card,Delivered
ORD007834,2025-07-18,CUST0242,PROD0090,SELL025,4,0.15,Credit Card,Shipped
ORD007835,2025-12-14,CUST1198,PROD0063,SELL046,1,0.15,COD,Delivered
ORD007836,2024-05-18,CUST0653,PROD0119,SELL019,1,0.2,COD,Shipped
ORD007837,2024-03-24,CUST0702,PROD0127,SELL022,4,0.0,Net Banking,Delivered
ORD007838,2025-02-10,CUST0631,PROD0013,SELL039,4,0.1,Net Banking,Cancelled
ORD007839,2025-11-26,CUST1057,PROD0146,SELL057,2,0.15,Net Banking,Delivered
ORD007840,2024-04-25,CUST0909,PROD0080,SELL041,4,0.15,COD,Returned
ORD007841,2024-12-22,CUST0993,PROD0063,SELL037,3,0.0,UPI,Delivered
ORD007842,2024-10-24,CUST0314,PROD0016,SELL024,3,0.15,Net Banking,Delivered
ORD007843,2024-08-20,CUST0081,PROD0095,SELL009,1,0.05,Debit Card,Delivered
ORD007844,2025-04-30,CUST1011,PROD0154,SELL013,4,0.05,Debit Card,Delivered
ORD007845,2024-08-03,CUST0769,PROD0047,SELL045,4,0.15,Credit Card,Delivered
ORD007846,2024-12-26,CUST0940,PROD0027,SELL061,2,0.15,Debit Card,Returned
ORD007847,2025-09-09,CUST1027,PROD0006,SELL029,1,0.2,UPI,Returned
ORD007848,2024-10-04,CUST0927,PROD0176,SELL075,4,0.0,Debit Card,Delivered
ORD007849,2024-01-16,CUST0792,PROD0017,SELL009,4,0.0,Net Banking,Delivered
ORD007850,2025-10-08,CUST1193,PROD0100,SELL021,3,0.1,Debit Card,Delivered
ORD007851,2024-07-19,CUST0066,PROD0122,SELL056,4,0.0,COD,Delivered
ORD007852,2025-07-18,CUST0168,PROD0143,SELL024,3,0.1,Debit Card,Delivered
ORD007853,2025-07-11,CUST0078,PROD0006,SELL054,2,0.1,Debit Card,Delivered
ORD007854,2025-01-19,CUST0123,PROD0170,SELL054,3,0.1,Net Banking,Delivered
ORD007855,2024-03-05,CUST0540,PROD0010,SELL053,1,0.0,COD,Shipped
ORD007856,2025-11-25,CUST0288,PROD0109,SELL056,4,0.15,UPI,Cancelled
ORD007857,2025-05-12,CUST1022,PROD0048,SELL036,1,0.15,UPI,Delivered
ORD007858,2024-11-06,CUST0452,PROD0024,SELL039,4,0.05,UPI,Returned
ORD007859,2025-09-16,CUST0945,PROD0034,SELL073,3,0.2,Debit Card,Delivered
ORD007860,2025-07-30,CUST0089,PROD0124,SELL077,3,0.15,UPI,Delivered
ORD007861,2025-07-09,CUST0163,PROD0122,SELL048,3,0.15,COD,Delivered
ORD007862,2024-05-02,CUST0883,PROD0019,SELL014,1,0.1,Debit Card,Shipped
ORD007863,2025-04-07,CUST0239,PROD0133,SELL052,2,0.15,COD,Delivered
ORD007864,2024-07-27,CUST1049,PROD0072,SELL078,4,0.15,Debit Card,Returned
ORD007865,2024-02-27,CUST1089,PROD0122,SELL031,3,0.15,UPI,Shipped
ORD007866,2024-09-04,CUST0989,PROD0154,SELL070,2,0.0,Credit Card,Delivered
ORD007867,2024-03-17,CUST0273,PROD0175,SELL064,1,0.1,UPI,Delivered
ORD007868,2024-03-18,CUST1065,PROD0165,SELL002,4,0.15,COD,Returned
ORD007869,2025-06-15,CUST0676,PROD0025,SELL071,1,0.15,COD,Shipped
ORD007870,2025-01-01,CUST0547,PROD0117,SELL051,1,0.25,COD,Shipped
ORD007871,2024-10-17,CUST0501,PROD0011,SELL019,2,0.1,Net Banking,Delivered
ORD007872,2024-05-20,CUST0197,PROD0006,SELL045,1,0.0,Credit Card,Shipped
ORD007873,2025-07-17,CUST0723,PROD0055,SELL044,4,0.2,UPI,Shipped
ORD007874,2025-04-08,CUST1093,PROD0139,SELL016,4,0.15,COD,Returned
ORD007875,2025-03-04,CUST0895,PROD0162,SELL036,3,0.05,UPI,Shipped
ORD007876,2024-05-18,CUST0711,PROD0143,SELL057,3,0.0,Net Banking,Delivered
ORD007877,2024-03-31,CUST0192,PROD0074,SELL011,2,0.1,Debit Card,Delivered
ORD007878,2024-03-31,CUST0098,PROD0109,SELL032,3,0.1,UPI,Delivered
ORD007879,2024-01-19,CUST0135,PROD0017,SELL078,2,0.1,UPI,Cancelled
ORD007880,2025-12-09,CUST0579,PROD0163,SELL045,3,0.25,Debit Card,Delivered
ORD007881,2024-09-25,CUST0015,PROD0030,SELL045,2,0.0,Credit Card,Cancelled
ORD007882,2025-04-26,CUST0406,PROD0011,SELL011,4,0.1,Net Banking,Delivered
ORD007883,2025-12-19,CUST0701,PROD0064,SELL058,2,0.05,UPI,Delivered
ORD007884,2025-11-15,CUST0954,PROD0062,SELL038,4,0.05,Credit Card,Returned
ORD007885,2024-08-22,CUST0346,PROD0077,SELL006,2,0.2,UPI,Delivered
ORD007886,2024-12-24,CUST0350,PROD0085,SELL074,3,0.05,UPI,Delivered
ORD007887,2024-12-04,CUST0450,PROD0025,SELL032,3,0.25,Net Banking,Returned
ORD007888,2024-01-25,CUST0675,PROD0056,SELL042,4,0.1,Credit Card,Shipped
ORD007889,2025-07-15,CUST0205,PROD0050,SELL031,2,0.1,Net Banking,Delivered
ORD007890,2025-02-23,CUST0731,PROD0055,SELL061,4,0.05,UPI,Cancelled
ORD007891,2024-09-28,CUST1175,PROD0049,SELL001,2,0.1,UPI,Returned
ORD007892,2025-02-12,CUST1033,PROD0024,SELL023,1,0.2,UPI,Shipped
ORD007893,2025-06-21,CUST0221,PROD0051,SELL040,4,0.1,COD,Returned
ORD007894,2024-01-11,CUST0716,PROD0164,SELL074,2,0.05,UPI,Returned
ORD007895,2025-04-17,CUST0648,PROD0042,SELL041,1,0.2,Debit Card,Delivered
ORD007896,2025-09-21,CUST0343,PROD0032,SELL002,3,0.1,Debit Card,Returned
ORD007897,2025-06-15,CUST0503,PROD0037,SELL007,3,0.0,Credit Card,Shipped
ORD007898,2025-03-29,CUST0113,PROD0010,SELL024,4,0.1,Debit Card,Delivered
ORD007899,2024-03-07,CUST0588,PROD0108,SELL065,1,0.0,COD,Delivered
ORD007900,2025-06-28,CUST0810,PROD0160,SELL020,3,0.05,Credit Card,Cancelled
ORD007901,2025-07-02,CUST0441,PROD0165,SELL055,3,0.05,Net Banking,Shipped
ORD007902,2024-12-27,CUST0567,PROD0047,SELL012,2,0.15,Debit Card,Delivered
ORD007903,2025-03-01,CUST0526,PROD0100,SELL002,1,0.0,COD,Delivered
ORD007904,2025-03-28,CUST0880,PROD0101,SELL078,3,0.05,UPI,Cancelled
ORD007905,2024-03-29,CUST0772,PROD0025,SELL026,3,0.15,Debit Card,Delivered
ORD007906,2024-07-07,CUST0297,PROD0167,SELL045,3,0.1,Credit Card,Delivered
ORD007907,2025-08-02,CUST0429,PROD0090,SELL070,4,0.05,COD,Cancelled
ORD007908,2025-12-12,CUST0285,PROD0030,SELL013,4,0.15,COD,Shipped
ORD007909,2024-07-16,CUST0173,PROD0036,SELL002,1,0.15,Credit Card,Delivered
ORD007910,2024-10-19,CUST0843,PROD0038,SELL057,3,0.2,Credit Card,Delivered
ORD007911,2025-10-31,CUST0993,PROD0012,SELL006,2,0.15,Credit Card,Delivered
ORD007912,2024-04-28,CUST1106,PROD0174,SELL035,2,0.15,Credit Card,Shipped
ORD007913,2024-07-09,CUST1199,PROD0102,SELL016,1,0.1,COD,Shipped
ORD007914,2024-02-10,CUST1062,PROD0131,SELL074,4,0.15,Credit Card,Cancelled
ORD007915,2024-06-20,CUST0818,PROD0128,SELL065,3,0.05,Net Banking,Delivered
ORD007916,2025-04-10,CUST0616,PROD0139,SELL046,2,0.15,UPI,Delivered
ORD007917,2024-09-11,CUST0865,PROD0108,SELL079,2,0.15,UPI,Delivered
ORD007918,2025-12-19,CUST0862,PROD0112,SELL005,3,0.15,Credit Card,Cancelled
ORD007919,2025-10-13,CUST0769,PROD0061,SELL016,3,0.05,UPI,Delivered
ORD007920,2025-10-16,CUST0497,PROD0100,SELL053,4,0.05,Debit Card,Delivered
ORD007921,2025-06-14,CUST0768,PROD0004,SELL023,2,0.0,Credit Card,Delivered
ORD007922,2025-05-28,CUST0472,PROD0053,SELL009,1,0.15,Net Banking,Returned
ORD007923,2025-01-07,CUST0146,PROD0132,SELL059,1,0.15,Net Banking,Shipped
ORD007924,2025-12-25,CUST1121,PROD0124,SELL044,4,0.1,Net Banking,Returned
ORD007925,2024-03-10,CUST0438,PROD0157,SELL051,1,0.15,Credit Card,Delivered
ORD007926,2025-06-12,CUST0960,PROD0038,SELL007,3,0.15,COD,Delivered
ORD007927,2024-04-12,CUST0346,PROD0101,SELL059,4,0.1,UPI,Cancelled
ORD007928,2024-09-04,CUST0451,PROD0036,SELL017,4,0.2,Debit Card,Delivered
ORD007929,2024-07-05,CUST0862,PROD0014,SELL037,4,0.05,Credit Card,Shipped
ORD007930,2025-03-15,CUST0714,PROD0102,SELL029,4,0.0,Net Banking,Delivered
ORD007931,2025-07-29,CUST0872,PROD0088,SELL002,1,0.1,UPI,Cancelled
ORD007932,2024-02-28,CUST0725,PROD0166,SELL029,2,0.15,Credit Card,Delivered
ORD007933,2025-03-15,CUST0944,PROD0095,SELL029,2,0.2,Net Banking,Returned
ORD007934,2024-06-11,CUST0787,PROD0019,SELL056,2,0.25,Net Banking,Delivered
ORD007935,2024-02-26,CUST1022,PROD0058,SELL043,1,0.15,COD,Returned
ORD007936,2024-11-01,CUST0610,PROD0116,SELL005,3,0.1,COD,Delivered
ORD007937,2025-02-28,CUST0601,PROD0169,SELL058,2,0.15,UPI,Delivered
ORD007938,2024-05-27,CUST0490,PROD0089,SELL010,3,0.25,Credit Card,Delivered
ORD007939,2024-10-11,CUST0512,PROD0143,SELL017,4,0.2,Debit Card,Shipped
ORD007940,2025-11-28,CUST0654,PROD0140,SELL054,2,0.15,Net Banking,Returned
ORD007941,2024-09-10,CUST1178,PROD0138,SELL048,1,0.05,Net Banking,Shipped
ORD007942,2025-12-28,CUST1034,PROD0131,SELL028,3,0.0,Debit Card,Cancelled
ORD007943,2025-09-01,CUST0563,PROD0108,SELL049,2,0.05,COD,Delivered
ORD007944,2024-09-28,CUST0643,PROD0029,SELL033,1,0.1,UPI,Delivered
ORD007945,2025-02-25,CUST0493,PROD0016,SELL020,4,0.15,UPI,Delivered
ORD007946,2025-06-02,CUST0826,PROD0061,SELL062,1,0.1,COD,Delivered
ORD007947,2024-12-05,CUST1121,PROD0178,SELL029,1,0.2,Debit Card,Shipped
ORD007948,2024-10-25,CUST0436,PROD0122,SELL036,4,0.1,Debit Card,Shipped
ORD007949,2024-08-29,CUST0946,PROD0020,SELL006,2,0.0,Net Banking,Delivered
ORD007950,2024-04-11,CUST0278,PROD0121,SELL028,4,0.05,Credit Card,Delivered
ORD007951,2024-01-19,CUST0517,PROD0058,SELL004,2,0.25,COD,Delivered
ORD007952,2024-09-03,CUST0730,PROD0055,SELL059,2,0.0,COD,Delivered
ORD007953,2025-08-04,CUST0663,PROD0126,SELL037,3,0.05,Net Banking,Returned
ORD007954,2024-06-19,CUST0436,PROD0001,SELL071,4,0.0,Debit Card,Cancelled
ORD007955,2024-05-11,CUST0365,PROD0046,SELL054,3,0.2,Debit Card,Shipped
ORD007956,2024-08-27,CUST0432,PROD0171,SELL009,3,0.1,UPI,Delivered
ORD007957,2025-03-13,CUST0799,PROD0031,SELL019,4,0.0,Debit Card,Cancelled
ORD007958,2024-06-06,CUST1008,PROD0033,SELL060,3,0.1,COD,Shipped
ORD007959,2024-06-10,CUST0233,PROD0169,SELL049,2,0.15,COD,Delivered
ORD007960,2024-03-23,CUST0587,PROD0042,SELL009,3,0.05,Debit Card,Cancelled
ORD007961,2024-08-30,CUST0755,PROD0072,SELL075,3,0.1,COD,Delivered
ORD007962,2024-06-07,CUST0659,PROD0064,SELL013,4,0.15,Debit Card,Delivered
ORD007963,2025-08-30,CUST0252,PROD0032,SELL021,4,0.05,COD,Delivered
ORD007964,2025-10-24,CUST0146,PROD0155,SELL073,4,0.15,Net Banking,Returned
ORD007965,2024-09-27,CUST0674,PROD0128,SELL034,4,0.1,Debit Card,Delivered
ORD007966,2024-03-03,CUST0068,PROD0024,SELL024,3,0.1,COD,Cancelled
ORD007967,2024-03-04,CUST0136,PROD0020,SELL007,2,0.0,Debit Card,Delivered
ORD007968,2024-08-25,CUST0656,PROD0011,SELL032,4,0.1,Debit Card,Shipped
ORD007969,2024-12-04,CUST0797,PROD0099,SELL033,3,0.05,Credit Card,Returned
ORD007970,2025-01-21,CUST0144,PROD0096,SELL028,3,0.05,Credit Card,Delivered
ORD007971,2024-08-10,CUST1106,PROD0063,SELL004,3,0.05,Credit Card,Returned
ORD007972,2024-09-16,CUST0723,PROD0014,SELL015,4,0.15,COD,Delivered
ORD007973,2024-07-26,CUST1104,PROD0001,SELL045,1,0.05,UPI,Delivered
ORD007974,2025-01-13,CUST0374,PROD0065,SELL070,2,0.05,UPI,Returned
ORD007975,2025-05-24,CUST0013,PROD0024,SELL004,4,0.15,Debit Card,Delivered
ORD007976,2024-02-01,CUST0943,PROD0140,SELL060,3,0.0,Net Banking,Returned
ORD007977,2024-12-15,CUST0515,PROD0091,SELL074,2,0.2,COD,Shipped
ORD007978,2025-04-19,CUST0376,PROD0050,SELL013,4,0.1,Credit Card,Returned
ORD007979,2025-05-06,CUST1146,PROD0180,SELL060,4,0.2,COD,Delivered
ORD007980,2025-02-15,CUST1013,PROD0168,SELL011,3,0.15,UPI,Delivered
ORD007981,2025-01-18,CUST0667,PROD0090,SELL068,1,0.2,Credit Card,Shipped
ORD007982,2025-05-12,CUST0741,PROD0081,SELL013,1,0.1,Credit Card,Delivered
ORD007983,2024-10-03,CUST0975,PROD0118,SELL051,3,0.0,Credit Card,Delivered
ORD007984,2025-02-18,CUST0355,PROD0095,SELL060,3,0.1,UPI,Returned
ORD007985,2024-08-21,CUST0250,PROD0062,SELL026,3,0.1,UPI,Delivered
ORD007986,2024-11-16,CUST0718,PROD0160,SELL024,3,0.0,UPI,Shipped
ORD007987,2024-03-31,CUST0403,PROD0156,SELL024,4,0.0,Net Banking,Delivered
ORD007988,2024-09-12,CUST0651,PROD0060,SELL032,4,0.25,COD,Delivered
ORD007989,2024-04-13,CUST0700,PROD0167,SELL027,2,0.0,Debit Card,Delivered
ORD007990,2024-06-14,CUST0015,PROD0119,SELL004,4,0.15,Debit Card,Shipped
ORD007991,2024-11-02,CUST0710,PROD0061,SELL052,4,0.0,Debit Card,Cancelled
ORD007992,2024-12-31,CUST0217,PROD0171,SELL069,1,0.05,COD,Delivered
ORD007993,2025-11-19,CUST0232,PROD0100,SELL045,3,0.1,Net Banking,Cancelled
ORD007994,2024-01-20,CUST0915,PROD0007,SELL079,4,0.2,Net Banking,Cancelled
ORD007995,2025-10-18,CUST0142,PROD0066,SELL007,1,0.1,COD,Returned
ORD007996,2024-08-27,CUST1063,PROD0143,SELL027,3,0.2,COD,Delivered
ORD007997,2025-06-13,CUST1088,PROD0140,SELL003,1,0.1,Net Banking,Cancelled
ORD007998,2025-05-10,CUST0540,PROD0072,SELL068,3,0.1,Net Banking,Returned
ORD007999,2025-12-10,CUST0758,PROD0165,SELL070,4,0.1,Debit Card,Delivered
ORD008000,2024-03-20,CUST0635,PROD0160,SELL056,3,0.15,UPI,Delivered
ORD008001,2025-12-08,CUST0923,PROD0007,SELL072,2,0.0,Debit Card,Delivered
ORD008002,2024-02-15,CUST0737,PROD0060,SELL013,3,0.25,Credit Card,Returned
ORD008003,2025-10-03,CUST1168,PROD0171,SELL016,3,0.05,Debit Card,Shipped
ORD008004,2025-04-21,CUST0236,PROD0138,SELL073,4,0.1,UPI,Shipped
ORD008005,2024-12-18,CUST0787,PROD0037,SELL062,1,0.0,UPI,Delivered
ORD008006,2024-10-17,CUST1060,PROD0179,SELL049,1,0.1,Credit Card,Returned
ORD008007,2024-03-09,CUST1094,PROD0002,SELL071,4,0.2,Credit Card,Delivered
ORD008008,2025-08-09,CUST0569,PROD0058,SELL004,4,0.0,UPI,Delivered
ORD008009,2025-06-16,CUST1107,PROD0124,SELL007,1,0.1,UPI,Delivered
ORD008010,2025-11-16,CUST0101,PROD0122,SELL033,4,0.0,Credit Card,Returned
ORD008011,2025-06-17,CUST0308,PROD0072,SELL061,2,0.15,Debit Card,Delivered
ORD008012,2025-11-30,CUST0687,PROD0031,SELL035,3,0.0,Credit Card,Shipped
ORD008013,2025-10-10,CUST1087,PROD0135,SELL036,4,0.0,Net Banking,Shipped
ORD008014,2024-11-07,CUST0994,PROD0102,SELL054,4,0.15,Net Banking,Delivered
ORD008015,2025-05-29,CUST0067,PROD0174,SELL053,2,0.25,Credit Card,Delivered
ORD008016,2024-07-12,CUST0819,PROD0057,SELL021,2,0.05,Net Banking,Returned
ORD008017,2025-08-04,CUST0434,PROD0127,SELL015,3,0.05,Net Banking,Delivered
ORD008018,2025-03-20,CUST0311,PROD0031,SELL028,4,0.05,Net Banking,Delivered
ORD008019,2024-11-17,CUST0441,PROD0064,SELL030,4,0.1,UPI,Delivered
ORD008020,2025-04-04,CUST0355,PROD0016,SELL064,4,0.15,COD,Cancelled
ORD008021,2024-07-21,CUST0235,PROD0131,SELL006,4,0.15,Debit Card,Shipped
ORD008022,2025-03-30,CUST0575,PROD0138,SELL026,2,0.1,UPI,Shipped
ORD008023,2024-12-13,CUST1133,PROD0053,SELL047,2,0.1,COD,Shipped
ORD008024,2024-08-23,CUST0427,PROD0087,SELL069,3,0.15,Net Banking,Delivered
ORD008025,2025-12-14,CUST0087,PROD0111,SELL030,4,0.25,Net Banking,Returned
ORD008026,2024-02-16,CUST0155,PROD0144,SELL016,2,0.2,Debit Card,Shipped
ORD008027,2025-07-07,CUST0073,PROD0170,SELL057,4,0.2,Debit Card,Returned
ORD008028,2024-06-02,CUST0495,PROD0024,SELL071,3,0.15,COD,Delivered
ORD008029,2024-06-11,CUST0941,PROD0136,SELL041,2,0.05,Net Banking,Shipped
ORD008030,2024-04-22,CUST0408,PROD0130,SELL012,1,0.2,Debit Card,Delivered
ORD008031,2024-03-15,CUST0963,PROD0032,SELL007,2,0.1,UPI,Delivered
ORD008032,2024-03-31,CUST0003,PROD0058,SELL031,2,0.1,Debit Card,Delivered
ORD008033,2025-08-31,CUST0161,PROD0025,SELL013,4,0.25,UPI,Returned
ORD008034,2025-11-08,CUST0989,PROD0030,SELL044,3,0.1,Credit Card,Shipped
ORD008035,2025-03-03,CUST0900,PROD0124,SELL074,1,0.1,COD,Returned
ORD008036,2024-01-11,CUST0103,PROD0022,SELL031,3,0.05,Debit Card,Returned
ORD008037,2025-09-23,CUST0781,PROD0115,SELL068,1,0.2,COD,Delivered
ORD008038,2025-03-15,CUST0851,PROD0034,SELL025,2,0.05,Net Banking,Delivered
ORD008039,2025-01-15,CUST1103,PROD0008,SELL055,2,0.05,Debit Card,Delivered
ORD008040,2025-11-23,CUST0273,PROD0164,SELL043,4,0.0,UPI,Cancelled
ORD008041,2024-10-26,CUST0145,PROD0179,SELL060,2,0.2,Debit Card,Returned
ORD008042,2024-09-20,CUST0129,PROD0039,SELL021,1,0.05,Debit Card,Delivered
ORD008043,2025-07-24,CUST0713,PROD0127,SELL059,1,0.15,Debit Card,Returned
ORD008044,2025-01-20,CUST1180,PROD0170,SELL007,3,0.05,UPI,Delivered
ORD008045,2025-06-08,CUST1103,PROD0131,SELL057,1,0.05,Credit Card,Shipped
ORD008046,2025-05-23,CUST0684,PROD0043,SELL060,3,0.15,UPI,Delivered
ORD008047,2025-09-05,CUST0864,PROD0156,SELL059,4,0.0,UPI,Shipped
ORD008048,2024-08-19,CUST1190,PROD0125,SELL033,2,0.1,COD,Shipped
ORD008049,2024-02-22,CUST0668,PROD0034,SELL030,3,0.15,COD,Delivered
ORD008050,2024-12-15,CUST0313,PROD0128,SELL023,3,0.1,Debit Card,Delivered
ORD008051,2025-04-18,CUST0734,PROD0061,SELL019,4,0.0,UPI,Delivered
ORD008052,2025-08-20,CUST0945,PROD0033,SELL020,3,0.0,Net Banking,Delivered
ORD008053,2024-07-14,CUST0781,PROD0101,SELL016,2,0.15,Credit Card,Cancelled
ORD008054,2025-06-28,CUST0448,PROD0113,SELL056,2,0.1,Credit Card,Cancelled
ORD008055,2025-08-31,CUST0855,PROD0103,SELL023,2,0.0,Debit Card,Shipped
ORD008056,2025-08-13,CUST0084,PROD0009,SELL075,4,0.15,Credit Card,Shipped
ORD008057,2025-08-13,CUST0545,PROD0002,SELL027,1,0.15,UPI,Shipped
ORD008058,2025-12-22,CUST0726,PROD0176,SELL046,1,0.1,UPI,Returned
ORD008059,2025-04-28,CUST0114,PROD0115,SELL006,2,0.15,COD,Delivered
ORD008060,2024-09-27,CUST0598,PROD0050,SELL048,4,0.1,Credit Card,Cancelled
ORD008061,2024-11-15,CUST0265,PROD0063,SELL043,1,0.0,Net Banking,Delivered
ORD008062,2025-06-30,CUST0104,PROD0158,SELL066,1,0.05,Debit Card,Delivered
ORD008063,2024-06-21,CUST0478,PROD0150,SELL044,4,0.1,Debit Card,Returned
ORD008064,2025-03-16,CUST1075,PROD0143,SELL067,2,0.25,Net Banking,Delivered
ORD008065,2025-02-22,CUST0019,PROD0180,SELL012,3,0.15,Net Banking,Delivered
ORD008066,2025-05-02,CUST0809,PROD0078,SELL038,3,0.05,Net Banking,Returned
ORD008067,2024-11-03,CUST0076,PROD0058,SELL036,3,0.05,Debit Card,Delivered
ORD008068,2025-06-24,CUST0949,PROD0095,SELL054,1,0.15,Net Banking,Returned
ORD008069,2024-02-22,CUST0064,PROD0053,SELL020,2,0.05,UPI,Delivered
ORD008070,2025-07-02,CUST0965,PROD0069,SELL031,2,0.15,UPI,Delivered
ORD008071,2025-08-16,CUST0096,PROD0054,SELL012,3,0.1,Net Banking,Delivered
ORD008072,2025-10-09,CUST0099,PROD0028,SELL043,3,0.15,Debit Card,Shipped
ORD008073,2025-11-05,CUST0817,PROD0097,SELL018,1,0.15,Credit Card,Shipped
ORD008074,2024-09-12,CUST0946,PROD0112,SELL020,1,0.0,COD,Delivered
ORD008075,2024-02-03,CUST0468,PROD0142,SELL010,1,0.0,UPI,Delivered
ORD008076,2025-04-22,CUST0063,PROD0153,SELL016,1,0.15,Net Banking,Cancelled
ORD008077,2024-03-06,CUST0511,PROD0111,SELL077,1,0.05,Net Banking,Shipped
ORD008078,2024-07-23,CUST1116,PROD0097,SELL052,1,0.0,COD,Shipped
ORD008079,2025-05-28,CUST0463,PROD0076,SELL008,1,0.15,UPI,Delivered
ORD008080,2025-03-10,CUST0099,PROD0093,SELL024,3,0.15,UPI,Shipped
ORD008081,2025-03-19,CUST0923,PROD0120,SELL042,2,0.05,UPI,Delivered
ORD008082,2025-07-03,CUST0272,PROD0164,SELL011,1,0.15,Net Banking,Returned
ORD008083,2024-04-30,CUST0059,PROD0121,SELL068,2,0.05,COD,Delivered
ORD008084,2025-08-01,CUST0990,PROD0082,SELL045,1,0.15,Credit Card,Delivered
ORD008085,2025-03-04,CUST1007,PROD0162,SELL051,2,0.0,UPI,Returned
ORD008086,2024-11-03,CUST0757,PROD0010,SELL046,3,0.1,UPI,Delivered
ORD008087,2024-12-04,CUST0051,PROD0103,SELL006,3,0.0,Net Banking,Delivered
ORD008088,2025-01-06,CUST0964,PROD0141,SELL053,1,0.1,UPI,Cancelled
ORD008089,2025-02-06,CUST1124,PROD0175,SELL003,3,0.05,Debit Card,Shipped
ORD008090,2024-09-01,CUST0004,PROD0064,SELL067,2,0.05,COD,Returned
ORD008091,2024-06-12,CUST0103,PROD0134,SELL050,4,0.1,Net Banking,Returned
ORD008092,2024-05-03,CUST0072,PROD0147,SELL024,4,0.15,Debit Card,Delivered
ORD008093,2024-09-06,CUST0968,PROD0171,SELL058,3,0.15,Net Banking,Cancelled
ORD008094,2024-07-09,CUST0151,PROD0001,SELL068,1,0.25,Net Banking,Delivered
ORD008095,2025-01-12,CUST0617,PROD0099,SELL074,4,0.2,Credit Card,Returned
ORD008096,2025-10-28,CUST0118,PROD0034,SELL021,2,0.05,UPI,Returned
ORD008097,2024-03-20,CUST1151,PROD0056,SELL026,3,0.15,Credit Card,Returned
ORD008098,2024-08-13,CUST0324,PROD0175,SELL023,3,0.15,Credit Card,Shipped
ORD008099,2024-02-05,CUST0153,PROD0138,SELL004,4,0.05,COD,Returned
ORD008100,2025-12-13,CUST0661,PROD0006,SELL011,4,0.05,UPI,Shipped
ORD008101,2025-05-27,CUST1167,PROD0122,SELL003,4,0.05,Net Banking,Shipped
ORD008102,2024-06-25,CUST1104,PROD0177,SELL049,1,0.15,UPI,Returned
ORD008103,2024-10-29,CUST0993,PROD0133,SELL006,1,0.15,Net Banking,Delivered
ORD008104,2025-06-12,CUST0043,PROD0173,SELL060,4,0.0,UPI,Returned
ORD008105,2025-12-01,CUST1105,PROD0036,SELL059,4,0.15,Net Banking,Cancelled
ORD008106,2025-02-23,CUST0021,PROD0041,SELL032,3,0.2,Net Banking,Returned
ORD008107,2024-07-17,CUST0441,PROD0132,SELL066,2,0.15,UPI,Delivered
ORD008108,2025-05-24,CUST0937,PROD0160,SELL005,1,0.1,UPI,Delivered
ORD008109,2025-05-16,CUST0882,PROD0121,SELL052,4,0.1,Net Banking,Delivered
ORD008110,2025-04-15,CUST0483,PROD0076,SELL060,2,0.2,UPI,Delivered
ORD008111,2024-02-03,CUST0338,PROD0156,SELL063,3,0.05,Net Banking,Shipped
ORD008112,2025-05-31,CUST0579,PROD0047,SELL069,1,0.1,COD,Shipped
ORD008113,2024-01-15,CUST0842,PROD0078,SELL054,1,0.2,UPI,Returned
ORD008114,2025-10-23,CUST0339,PROD0117,SELL033,3,0.05,Credit Card,Returned
ORD008115,2025-10-06,CUST0683,PROD0147,SELL029,2,0.1,Net Banking,Cancelled
ORD008116,2025-02-15,CUST0003,PROD0047,SELL072,3,0.05,Net Banking,Shipped
ORD008117,2025-04-17,CUST0116,PROD0100,SELL053,1,0.1,Debit Card,Returned
ORD008118,2024-02-19,CUST0008,PROD0087,SELL002,4,0.05,Net Banking,Returned
ORD008119,2025-10-01,CUST1087,PROD0003,SELL020,4,0.15,Debit Card,Delivered
ORD008120,2024-07-16,CUST0954,PROD0174,SELL064,1,0.15,Credit Card,Delivered
ORD008121,2024-07-10,CUST0939,PROD0031,SELL036,2,0.15,COD,Delivered
ORD008122,2025-06-01,CUST0510,PROD0109,SELL019,2,0.15,COD,Cancelled
ORD008123,2025-11-17,CUST1117,PROD0027,SELL072,4,0.2,Net Banking,Cancelled
ORD008124,2024-12-27,CUST0524,PROD0166,SELL020,4,0.1,UPI,Shipped
ORD008125,2025-01-05,CUST0060,PROD0148,SELL009,1,0.05,COD,Delivered
ORD008126,2025-02-04,CUST1176,PROD0076,SELL041,1,0.2,Net Banking,Delivered
ORD008127,2024-07-31,CUST1034,PROD0143,SELL012,4,0.25,UPI,Returned
ORD008128,2025-03-12,CUST0575,PROD0083,SELL038,2,0.05,Credit Card,Delivered
ORD008129,2025-12-03,CUST0578,PROD0116,SELL078,4,0.05,Net Banking,Returned
ORD008130,2024-10-06,CUST0201,PROD0160,SELL005,3,0.05,Net Banking,Delivered
ORD008131,2025-07-19,CUST0762,PROD0001,SELL075,1,0.2,COD,Delivered
ORD008132,2025-07-19,CUST1113,PROD0127,SELL045,1,0.05,COD,Shipped
ORD008133,2025-09-13,CUST0826,PROD0115,SELL036,4,0.15,UPI,Returned
ORD008134,2025-06-12,CUST0521,PROD0044,SELL011,2,0.05,Credit Card,Delivered
ORD008135,2025-11-04,CUST0580,PROD0074,SELL080,3,0.15,COD,Shipped
ORD008136,2025-06-06,CUST1083,PROD0015,SELL014,4,0.15,Net Banking,Returned
ORD008137,2025-12-14,CUST0631,PROD0137,SELL020,4,0.1,Credit Card,Delivered
ORD008138,2025-06-06,CUST0980,PROD0045,SELL035,4,0.1,Net Banking,Cancelled
ORD008139,2025-09-03,CUST0760,PROD0132,SELL068,2,0.2,Credit Card,Shipped
ORD008140,2025-10-12,CUST1019,PROD0017,SELL034,4,0.0,Net Banking,Delivered
ORD008141,2025-12-19,CUST0195,PROD0006,SELL040,4,0.15,Debit Card,Delivered
ORD008142,2025-03-11,CUST1106,PROD0130,SELL005,3,0.05,Credit Card,Returned
ORD008143,2025-06-03,CUST0836,PROD0080,SELL046,2,0.05,Credit Card,Delivered
ORD008144,2025-12-07,CUST1078,PROD0033,SELL047,3,0.2,Credit Card,Returned
ORD008145,2024-10-04,CUST1137,PROD0062,SELL048,4,0.05,Credit Card,Delivered
ORD008146,2024-03-28,CUST1198,PROD0091,SELL009,4,0.1,Net Banking,Delivered
ORD008147,2025-10-08,CUST1092,PROD0025,SELL076,2,0.1,Debit Card,Returned
ORD008148,2025-04-06,CUST0093,PROD0180,SELL066,4,0.05,Credit Card,Returned
ORD008149,2024-11-09,CUST0451,PROD0051,SELL034,3,0.05,Credit Card,Delivered
ORD008150,2025-06-08,CUST0319,PROD0171,SELL073,1,0.2,COD,Delivered
ORD008151,2024-01-24,CUST0279,PROD0109,SELL002,1,0.1,COD,Delivered
ORD008152,2024-12-14,CUST0679,PROD0137,SELL049,3,0.0,COD,Delivered
ORD008153,2024-07-13,CUST0470,PROD0121,SELL013,4,0.0,Debit Card,Delivered
ORD008154,2024-07-29,CUST1145,PROD0085,SELL005,1,0.05,Debit Card,Shipped
ORD008155,2025-12-09,CUST1123,PROD0005,SELL077,1,0.15,Debit Card,Delivered
ORD008156,2025-02-06,CUST0485,PROD0175,SELL079,3,0.1,Net Banking,Returned
ORD008157,2024-04-12,CUST0647,PROD0107,SELL014,3,0.15,UPI,Returned
ORD008158,2024-09-23,CUST0638,PROD0153,SELL037,1,0.15,Credit Card,Delivered
ORD008159,2024-06-26,CUST1008,PROD0164,SELL024,4,0.1,Debit Card,Cancelled
ORD008160,2025-10-26,CUST0364,PROD0001,SELL021,2,0.0,UPI,Returned
ORD008161,2024-07-31,CUST0983,PROD0092,SELL071,4,0.1,UPI,Shipped
ORD008162,2024-09-17,CUST0107,PROD0164,SELL008,1,0.2,Credit Card,Delivered
ORD008163,2024-09-01,CUST1057,PROD0145,SELL036,2,0.1,Debit Card,Delivered
ORD008164,2024-05-08,CUST0061,PROD0146,SELL066,3,0.15,UPI,Delivered
ORD008165,2025-07-24,CUST0071,PROD0015,SELL033,3,0.25,Net Banking,Delivered
ORD008166,2025-02-25,CUST0132,PROD0028,SELL040,4,0.15,Net Banking,Delivered
ORD008167,2024-11-15,CUST0053,PROD0138,SELL041,4,0.15,Debit Card,Returned
ORD008168,2024-10-16,CUST0081,PROD0061,SELL025,1,0.05,Net Banking,Delivered
ORD008169,2025-05-02,CUST0914,PROD0036,SELL029,4,0.1,Net Banking,Returned
ORD008170,2024-03-11,CUST1075,PROD0109,SELL055,1,0.05,Debit Card,Cancelled
ORD008171,2025-11-12,CUST0799,PROD0036,SELL044,1,0.15,COD,Delivered
ORD008172,2025-02-16,CUST0723,PROD0014,SELL071,4,0.05,UPI,Delivered
ORD008173,2024-06-15,CUST0793,PROD0063,SELL002,3,0.05,Credit Card,Returned
ORD008174,2025-01-28,CUST0602,PROD0178,SELL048,4,0.15,COD,Shipped
ORD008175,2025-09-14,CUST0328,PROD0146,SELL049,2,0.0,UPI,Returned
ORD008176,2024-05-06,CUST0981,PROD0061,SELL008,4,0.05,Net Banking,Returned
ORD008177,2025-01-17,CUST0685,PROD0156,SELL016,3,0.2,COD,Returned
ORD008178,2025-03-12,CUST0795,PROD0081,SELL063,2,0.2,COD,Shipped
ORD008179,2025-08-15,CUST0751,PROD0012,SELL002,1,0.1,COD,Delivered
ORD008180,2025-02-18,CUST0901,PROD0122,SELL061,2,0.05,UPI,Cancelled
ORD008181,2025-06-22,CUST0380,PROD0074,SELL054,2,0.1,Credit Card,Cancelled
ORD008182,2025-07-19,CUST1177,PROD0161,SELL049,3,0.0,Net Banking,Delivered
ORD008183,2025-10-13,CUST0064,PROD0125,SELL012,4,0.1,UPI,Shipped
ORD008184,2024-09-21,CUST1173,PROD0138,SELL035,2,0.2,Credit Card,Returned
ORD008185,2025-05-29,CUST0554,PROD0043,SELL037,2,0.1,Debit Card,Delivered
ORD008186,2024-06-30,CUST0037,PROD0132,SELL056,2,0.05,Credit Card,Delivered
ORD008187,2025-09-09,CUST0259,PROD0010,SELL004,2,0.1,Debit Card,Returned
ORD008188,2025-11-26,CUST1136,PROD0023,SELL013,1,0.1,COD,Delivered
ORD008189,2024-08-03,CUST0728,PROD0074,SELL064,2,0.0,Debit Card,Shipped
ORD008190,2025-02-14,CUST0043,PROD0047,SELL076,1,0.2,Net Banking,Delivered
ORD008191,2025-08-24,CUST0676,PROD0100,SELL075,1,0.05,COD,Returned
ORD008192,2024-01-20,CUST0866,PROD0159,SELL073,4,0.05,Credit Card,Returned
ORD008193,2025-05-30,CUST0270,PROD0062,SELL072,3,0.05,Debit Card,Cancelled
ORD008194,2025-08-22,CUST0849,PROD0056,SELL022,1,0.2,Net Banking,Cancelled
ORD008195,2025-09-28,CUST0700,PROD0097,SELL024,1,0.0,UPI,Shipped
ORD008196,2024-05-23,CUST0557,PROD0176,SELL023,2,0.2,Credit Card,Delivered
ORD008197,2025-07-07,CUST0543,PROD0159,SELL027,4,0.1,COD,Delivered
ORD008198,2025-07-28,CUST1181,PROD0176,SELL054,2,0.1,COD,Delivered
ORD008199,2024-01-03,CUST0804,PROD0059,SELL018,4,0.15,COD,Delivered
ORD008200,2025-05-30,CUST1131,PROD0127,SELL064,3,0.15,UPI,Shipped
ORD008201,2025-04-02,CUST0622,PROD0147,SELL056,4,0.15,UPI,Shipped
ORD008202,2025-12-09,CUST0852,PROD0134,SELL016,1,0.1,COD,Delivered
ORD008203,2024-02-01,CUST0303,PROD0099,SELL006,1,0.15,Debit Card,Cancelled
ORD008204,2025-12-06,CUST0351,PROD0108,SELL074,3,0.1,Net Banking,Delivered
ORD008205,2025-02-21,CUST0975,PROD0071,SELL007,4,0.15,Debit Card,Delivered
ORD008206,2024-07-19,CUST0086,PROD0136,SELL052,4,0.15,COD,Shipped
ORD008207,2024-10-10,CUST0324,PROD0125,SELL070,3,0.05,Net Banking,Delivered
ORD008208,2025-07-14,CUST0233,PROD0163,SELL031,1,0.0,Credit Card,Delivered
ORD008209,2025-12-29,CUST0889,PROD0162,SELL056,3,0.05,Net Banking,Cancelled
ORD008210,2024-08-19,CUST0456,PROD0009,SELL016,1,0.05,Credit Card,Delivered
ORD008211,2025-12-20,CUST0654,PROD0134,SELL044,3,0.0,Net Banking,Delivered
ORD008212,2025-04-04,CUST0404,PROD0158,SELL063,2,0.15,Debit Card,Shipped
ORD008213,2024-05-20,CUST1192,PROD0173,SELL003,2,0.05,Net Banking,Delivered
ORD008214,2025-03-12,CUST0579,PROD0033,SELL039,3,0.0,COD,Delivered
ORD008215,2025-08-09,CUST1185,PROD0024,SELL044,4,0.25,Net Banking,Delivered
ORD008216,2024-02-09,CUST0601,PROD0008,SELL070,3,0.0,Debit Card,Delivered
ORD008217,2024-02-27,CUST0899,PROD0166,SELL036,3,0.1,COD,Delivered
ORD008218,2024-01-04,CUST0972,PROD0135,SELL016,4,0.1,UPI,Delivered
ORD008219,2025-02-20,CUST1081,PROD0131,SELL020,3,0.15,Net Banking,Delivered
ORD008220,2024-02-12,CUST0805,PROD0073,SELL062,3,0.15,Credit Card,Delivered
ORD008221,2025-11-12,CUST0345,PROD0099,SELL062,2,0.15,COD,Shipped
ORD008222,2024-04-03,CUST1118,PROD0094,SELL030,2,0.15,UPI,Delivered
ORD008223,2024-02-22,CUST0539,PROD0066,SELL050,2,0.15,UPI,Delivered
ORD008224,2024-07-07,CUST0483,PROD0108,SELL043,4,0.15,Debit Card,Delivered
ORD008225,2025-07-11,CUST0916,PROD0066,SELL004,3,0.1,COD,Delivered
ORD008226,2025-10-24,CUST0062,PROD0143,SELL049,1,0.1,Net Banking,Delivered
ORD008227,2024-07-02,CUST0735,PROD0123,SELL075,2,0.2,Credit Card,Cancelled
ORD008228,2025-01-14,CUST0312,PROD0016,SELL047,1,0.15,Debit Card,Delivered
ORD008229,2025-07-19,CUST0697,PROD0039,SELL015,3,0.1,COD,Delivered
ORD008230,2025-08-05,CUST0742,PROD0119,SELL056,1,0.05,Credit Card,Delivered
ORD008231,2024-04-21,CUST0083,PROD0094,SELL003,4,0.0,COD,Shipped
ORD008232,2025-09-04,CUST0546,PROD0120,SELL016,3,0.0,Net Banking,Delivered
ORD008233,2025-09-25,CUST0512,PROD0094,SELL063,2,0.0,Net Banking,Delivered
ORD008234,2025-06-21,CUST0485,PROD0163,SELL038,2,0.05,Credit Card,Cancelled
ORD008235,2025-01-20,CUST0384,PROD0165,SELL061,1,0.15,Net Banking,Shipped
ORD008236,2024-10-13,CUST0423,PROD0011,SELL038,2,0.1,Net Banking,Delivered
ORD008237,2025-10-12,CUST0701,PROD0055,SELL064,1,0.15,Credit Card,Shipped
ORD008238,2025-09-23,CUST0021,PROD0165,SELL059,4,0.0,Credit Card,Delivered
ORD008239,2025-01-13,CUST0790,PROD0101,SELL075,3,0.0,Debit Card,Shipped
ORD008240,2025-06-26,CUST0873,PROD0123,SELL065,4,0.05,UPI,Delivered
ORD008241,2024-10-19,CUST1134,PROD0022,SELL034,3,0.1,Debit Card,Delivered
ORD008242,2025-06-27,CUST0189,PROD0136,SELL026,4,0.15,Net Banking,Shipped
ORD008243,2024-03-06,CUST0669,PROD0111,SELL052,4,0.05,UPI,Delivered
ORD008244,2025-10-21,CUST0425,PROD0002,SELL020,4,0.15,Credit Card,Delivered
ORD008245,2025-01-11,CUST0283,PROD0146,SELL032,3,0.1,Credit Card,Cancelled
ORD008246,2025-03-13,CUST0886,PROD0030,SELL068,1,0.1,COD,Delivered
ORD008247,2024-05-18,CUST0247,PROD0119,SELL030,2,0.15,UPI,Shipped
ORD008248,2025-01-21,CUST0331,PROD0139,SELL072,3,0.1,Net Banking,Delivered
ORD008249,2024-01-03,CUST0936,PROD0065,SELL005,3,0.05,UPI,Shipped
ORD008250,2025-10-12,CUST0377,PROD0023,SELL026,3,0.0,Net Banking,Returned
ORD008251,2025-07-01,CUST1184,PROD0105,SELL008,3,0.1,Debit Card,Cancelled
ORD008252,2024-11-28,CUST0328,PROD0087,SELL022,4,0.1,Debit Card,Cancelled
ORD008253,2025-09-02,CUST0023,PROD0007,SELL046,3,0.05,UPI,Returned
ORD008254,2025-08-16,CUST0521,PROD0116,SELL030,1,0.05,Net Banking,Cancelled
ORD008255,2024-03-28,CUST0077,PROD0134,SELL079,3,0.0,Debit Card,Shipped
ORD008256,2024-02-09,CUST1174,PROD0160,SELL068,2,0.25,Debit Card,Shipped
ORD008257,2024-07-04,CUST0715,PROD0173,SELL036,1,0.25,Net Banking,Delivered
ORD008258,2024-01-01,CUST0159,PROD0116,SELL019,1,0.05,UPI,Delivered
ORD008259,2025-02-22,CUST0404,PROD0091,SELL073,4,0.2,Credit Card,Delivered
ORD008260,2025-01-21,CUST0331,PROD0105,SELL052,3,0.2,Debit Card,Returned
ORD008261,2025-01-28,CUST1042,PROD0061,SELL029,4,0.1,UPI,Returned
ORD008262,2024-02-23,CUST0983,PROD0154,SELL038,3,0.15,Debit Card,Delivered
ORD008263,2025-11-02,CUST0296,PROD0123,SELL066,2,0.2,Credit Card,Delivered
ORD008264,2025-12-14,CUST0214,PROD0113,SELL042,3,0.05,Debit Card,Returned
ORD008265,2025-03-07,CUST0709,PROD0092,SELL080,3,0.25,COD,Returned
ORD008266,2024-01-05,CUST1171,PROD0110,SELL056,4,0.2,Net Banking,Delivered
ORD008267,2024-10-16,CUST0028,PROD0163,SELL064,3,0.0,Debit Card,Delivered
ORD008268,2025-06-08,CUST0072,PROD0093,SELL025,1,0.2,Net Banking,Returned
ORD008269,2025-07-01,CUST0749,PROD0030,SELL025,2,0.15,Net Banking,Returned
ORD008270,2024-06-26,CUST0066,PROD0090,SELL073,1,0.2,UPI,Shipped
ORD008271,2025-08-24,CUST0858,PROD0155,SELL009,3,0.1,UPI,Delivered
ORD008272,2025-12-08,CUST0875,PROD0118,SELL016,3,0.2,Credit Card,Cancelled
ORD008273,2025-01-06,CUST1095,PROD0002,SELL053,1,0.05,Net Banking,Cancelled
ORD008274,2024-10-05,CUST0120,PROD0112,SELL016,1,0.0,Debit Card,Delivered
ORD008275,2025-01-19,CUST0937,PROD0123,SELL015,4,0.0,COD,Delivered
ORD008276,2024-01-20,CUST0381,PROD0016,SELL053,4,0.1,COD,Delivered
ORD008277,2025-01-17,CUST0359,PROD0116,SELL036,2,0.15,Credit Card,Delivered
ORD008278,2024-01-20,CUST0749,PROD0143,SELL061,2,0.0,Debit Card,Returned
ORD008279,2024-01-26,CUST0869,PROD0092,SELL053,1,0.15,Net Banking,Delivered
ORD008280,2025-02-08,CUST0724,PROD0063,SELL042,3,0.15,COD,Delivered
ORD008281,2025-01-08,CUST0186,PROD0008,SELL005,2,0.05,Debit Card,Delivered
ORD008282,2025-12-22,CUST0858,PROD0005,SELL042,1,0.25,Net Banking,Delivered
ORD008283,2025-01-06,CUST0159,PROD0093,SELL059,2,0.05,Net Banking,Delivered
ORD008284,2025-12-17,CUST0680,PROD0040,SELL003,3,0.25,Debit Card,Returned
ORD008285,2025-08-12,CUST1045,PROD0105,SELL001,1,0.05,Credit Card,Delivered
ORD008286,2024-09-03,CUST1058,PROD0125,SELL048,1,0.1,Net Banking,Cancelled
ORD008287,2025-11-08,CUST0213,PROD0068,SELL012,3,0.0,UPI,Delivered
ORD008288,2024-12-18,CUST0383,PROD0099,SELL066,4,0.0,COD,Cancelled
ORD008289,2025-03-10,CUST0875,PROD0151,SELL077,2,0.1,Credit Card,Returned
ORD008290,2024-03-14,CUST1090,PROD0061,SELL032,4,0.0,Debit Card,Delivered
ORD008291,2024-06-04,CUST0652,PROD0165,SELL002,2,0.1,Net Banking,Delivered
ORD008292,2025-01-16,CUST0928,PROD0076,SELL002,3,0.0,Debit Card,Cancelled
ORD008293,2024-07-17,CUST0598,PROD0022,SELL033,2,0.2,Net Banking,Delivered
ORD008294,2025-03-14,CUST1142,PROD0010,SELL050,3,0.1,COD,Cancelled
ORD008295,2024-02-28,CUST1137,PROD0091,SELL009,2,0.05,UPI,Delivered
ORD008296,2024-07-02,CUST1003,PROD0022,SELL026,2,0.15,Debit Card,Shipped
ORD008297,2025-05-01,CUST0341,PROD0048,SELL057,4,0.2,UPI,Cancelled
ORD008298,2025-03-23,CUST0147,PROD0075,SELL036,3,0.05,COD,Returned
ORD008299,2025-12-20,CUST1125,PROD0126,SELL024,1,0.1,COD,Delivered
ORD008300,2025-10-19,CUST0418,PROD0085,SELL073,2,0.05,Debit Card,Returned
ORD008301,2025-08-15,CUST0975,PROD0102,SELL022,3,0.2,UPI,Delivered
ORD008302,2024-01-01,CUST0608,PROD0141,SELL005,4,0.15,Net Banking,Delivered
ORD008303,2025-03-16,CUST0715,PROD0078,SELL043,4,0.0,UPI,Shipped
ORD008304,2024-06-16,CUST0428,PROD0095,SELL039,4,0.0,COD,Shipped
ORD008305,2024-07-14,CUST1183,PROD0080,SELL059,3,0.1,UPI,Cancelled
ORD008306,2024-06-02,CUST0907,PROD0117,SELL030,4,0.15,UPI,Delivered
ORD008307,2024-11-29,CUST0639,PROD0126,SELL058,2,0.2,Debit Card,Shipped
ORD008308,2024-03-31,CUST0963,PROD0005,SELL080,2,0.0,Debit Card,Cancelled
ORD008309,2025-01-23,CUST0760,PROD0037,SELL021,1,0.15,UPI,Delivered
ORD008310,2024-05-01,CUST0888,PROD0174,SELL021,3,0.0,Debit Card,Delivered
ORD008311,2024-12-31,CUST0490,PROD0130,SELL079,3,0.25,Net Banking,Delivered
ORD008312,2025-04-02,CUST0460,PROD0014,SELL005,3,0.1,Net Banking,Delivered
ORD008313,2024-05-11,CUST0384,PROD0084,SELL002,2,0.0,Net Banking,Cancelled
ORD008314,2024-03-16,CUST1081,PROD0157,SELL072,2,0.1,COD,Returned
ORD008315,2025-08-12,CUST0187,PROD0042,SELL041,1,0.15,COD,Returned
ORD008316,2025-06-23,CUST0619,PROD0018,SELL060,4,0.0,Credit Card,Delivered
ORD008317,2024-07-10,CUST1147,PROD0030,SELL028,4,0.05,COD,Delivered
ORD008318,2025-10-10,CUST0915,PROD0136,SELL054,1,0.1,COD,Shipped
ORD008319,2024-06-10,CUST1008,PROD0034,SELL038,2,0.1,Debit Card,Delivered
ORD008320,2025-11-08,CUST0106,PROD0125,SELL011,3,0.25,Debit Card,Shipped
ORD008321,2024-03-23,CUST0099,PROD0043,SELL059,4,0.0,COD,Returned
ORD008322,2025-04-27,CUST0219,PROD0115,SELL029,3,0.05,COD,Returned
ORD008323,2024-01-15,CUST0497,PROD0133,SELL057,2,0.15,Credit Card,Delivered
ORD008324,2024-05-24,CUST0668,PROD0011,SELL009,1,0.2,COD,Delivered
ORD008325,2024-10-22,CUST0453,PROD0126,SELL013,1,0.25,Debit Card,Cancelled
ORD008326,2024-03-03,CUST0074,PROD0142,SELL050,1,0.1,UPI,Returned
ORD008327,2024-11-30,CUST0727,PROD0172,SELL028,2,0.05,Debit Card,Delivered
ORD008328,2024-06-18,CUST0630,PROD0143,SELL078,1,0.1,Net Banking,Returned
ORD008329,2024-03-13,CUST1016,PROD0023,SELL080,4,0.2,UPI,Delivered
ORD008330,2025-12-04,CUST0147,PROD0116,SELL046,1,0.0,Net Banking,Returned
ORD008331,2025-12-18,CUST0046,PROD0018,SELL071,2,0.05,Net Banking,Delivered
ORD008332,2025-12-04,CUST0964,PROD0152,SELL024,4,0.1,Net Banking,Delivered
ORD008333,2024-04-22,CUST1076,PROD0032,SELL073,3,0.15,COD,Delivered
ORD008334,2024-10-06,CUST0884,PROD0014,SELL039,4,0.05,COD,Returned
ORD008335,2024-08-27,CUST0317,PROD0049,SELL057,4,0.1,Net Banking,Delivered
ORD008336,2024-08-26,CUST0741,PROD0070,SELL034,2,0.1,UPI,Delivered
ORD008337,2024-10-31,CUST0538,PROD0069,SELL051,2,0.1,COD,Shipped
ORD008338,2025-01-07,CUST0547,PROD0115,SELL024,4,0.05,Net Banking,Cancelled
ORD008339,2024-12-20,CUST0647,PROD0097,SELL077,3,0.0,UPI,Cancelled
ORD008340,2024-08-01,CUST0880,PROD0037,SELL070,4,0.1,UPI,Delivered
ORD008341,2025-12-17,CUST0957,PROD0142,SELL011,4,0.15,UPI,Delivered
ORD008342,2025-12-17,CUST0495,PROD0109,SELL003,4,0.05,UPI,Cancelled
ORD008343,2024-08-30,CUST0843,PROD0130,SELL060,3,0.05,Debit Card,Shipped
ORD008344,2024-06-10,CUST1125,PROD0062,SELL035,4,0.0,Net Banking,Shipped
ORD008345,2025-01-24,CUST0753,PROD0179,SELL056,2,0.0,Net Banking,Delivered
ORD008346,2024-09-26,CUST0035,PROD0050,SELL055,1,0.15,Debit Card,Cancelled
ORD008347,2025-12-22,CUST0320,PROD0004,SELL033,3,0.15,Net Banking,Returned
ORD008348,2024-11-09,CUST0905,PROD0110,SELL055,1,0.2,Credit Card,Delivered
ORD008349,2024-01-30,CUST0518,PROD0138,SELL015,1,0.1,UPI,Returned
ORD008350,2024-04-01,CUST0658,PROD0085,SELL068,1,0.15,UPI,Cancelled
ORD008351,2024-02-24,CUST0721,PROD0022,SELL050,3,0.1,Net Banking,Delivered
ORD008352,2024-10-06,CUST0632,PROD0125,SELL045,4,0.1,Debit Card,Delivered
ORD008353,2024-08-19,CUST1077,PROD0091,SELL024,2,0.25,UPI,Delivered
ORD008354,2025-09-18,CUST1016,PROD0111,SELL009,3,0.0,Debit Card,Delivered
ORD008355,2025-10-13,CUST0158,PROD0179,SELL051,4,0.15,Debit Card,Shipped
ORD008356,2024-04-12,CUST0280,PROD0007,SELL034,4,0.2,Debit Card,Cancelled
ORD008357,2025-11-21,CUST0439,PROD0019,SELL038,2,0.05,Net Banking,Shipped
ORD008358,2025-03-02,CUST0371,PROD0116,SELL008,1,0.05,Credit Card,Shipped
ORD008359,2024-08-12,CUST0748,PROD0051,SELL013,4,0.2,UPI,Shipped
ORD008360,2024-10-24,CUST0057,PROD0162,SELL064,2,0.15,Net Banking,Delivered
ORD008361,2024-11-18,CUST0203,PROD0008,SELL029,2,0.2,Credit Card,Delivered
ORD008362,2024-05-04,CUST0490,PROD0061,SELL027,1,0.0,UPI,Delivered
ORD008363,2025-09-26,CUST0809,PROD0082,SELL042,3,0.1,Debit Card,Shipped
ORD008364,2024-01-10,CUST0188,PROD0007,SELL054,1,0.0,UPI,Returned
ORD008365,2024-02-20,CUST1182,PROD0037,SELL010,1,0.0,Debit Card,Delivered
ORD008366,2024-07-18,CUST0440,PROD0001,SELL021,1,0.05,UPI,Returned
ORD008367,2024-04-14,CUST0096,PROD0072,SELL009,3,0.1,UPI,Delivered
ORD008368,2024-02-15,CUST0951,PROD0158,SELL037,1,0.1,UPI,Delivered
ORD008369,2024-10-07,CUST0034,PROD0180,SELL030,3,0.0,UPI,Cancelled
ORD008370,2024-10-02,CUST0575,PROD0176,SELL059,4,0.1,UPI,Delivered
ORD008371,2024-04-01,CUST0366,PROD0065,SELL071,2,0.05,COD,Shipped
ORD008372,2025-08-15,CUST0601,PROD0180,SELL002,4,0.15,COD,Returned
ORD008373,2025-10-07,CUST0943,PROD0103,SELL076,2,0.15,Debit Card,Delivered
ORD008374,2025-06-10,CUST0815,PROD0021,SELL027,2,0.15,Credit Card,Cancelled
ORD008375,2025-01-16,CUST0743,PROD0155,SELL017,3,0.0,Credit Card,Delivered
ORD008376,2025-11-23,CUST0062,PROD0104,SELL037,1,0.1,Credit Card,Delivered
ORD008377,2024-09-13,CUST0058,PROD0168,SELL033,1,0.1,Net Banking,Cancelled
ORD008378,2024-11-08,CUST0584,PROD0010,SELL006,4,0.1,UPI,Delivered
ORD008379,2024-01-12,CUST0026,PROD0165,SELL011,2,0.2,COD,Delivered
ORD008380,2025-06-01,CUST0443,PROD0043,SELL022,3,0.15,Debit Card,Returned
ORD008381,2024-03-08,CUST0406,PROD0124,SELL080,4,0.05,COD,Returned
ORD008382,2025-05-01,CUST1012,PROD0093,SELL071,4,0.25,Credit Card,Cancelled
ORD008383,2025-07-25,CUST1044,PROD0037,SELL021,1,0.2,Debit Card,Shipped
ORD008384,2024-06-07,CUST0480,PROD0173,SELL009,1,0.15,Credit Card,Delivered
ORD008385,2025-03-23,CUST1175,PROD0166,SELL012,4,0.15,COD,Shipped
ORD008386,2024-08-09,CUST0854,PROD0146,SELL053,4,0.1,UPI,Shipped
ORD008387,2024-10-18,CUST0883,PROD0034,SELL037,2,0.0,UPI,Delivered
ORD008388,2025-01-22,CUST0393,PROD0161,SELL073,3,0.0,Credit Card,Delivered
ORD008389,2024-07-01,CUST1075,PROD0111,SELL016,3,0.1,COD,Delivered
ORD008390,2025-08-05,CUST0528,PROD0075,SELL010,3,0.2,Net Banking,Cancelled
ORD008391,2024-10-15,CUST0543,PROD0004,SELL068,1,0.15,Net Banking,Delivered
ORD008392,2024-12-03,CUST1150,PROD0170,SELL063,4,0.05,Net Banking,Delivered
ORD008393,2025-08-18,CUST0063,PROD0082,SELL036,1,0.15,UPI,Delivered
ORD008394,2024-06-15,CUST0467,PROD0163,SELL005,1,0.0,COD,Delivered
ORD008395,2024-11-26,CUST0666,PROD0127,SELL063,2,0.1,Debit Card,Shipped
ORD008396,2025-12-27,CUST0005,PROD0044,SELL007,4,0.0,Net Banking,Delivered
ORD008397,2024-10-19,CUST1172,PROD0077,SELL041,4,0.1,Debit Card,Delivered
ORD008398,2024-03-25,CUST0208,PROD0025,SELL018,4,0.0,Credit Card,Delivered
ORD008399,2024-07-26,CUST0554,PROD0161,SELL062,4,0.15,COD,Delivered
ORD008400,2025-11-29,CUST0197,PROD0154,SELL041,4,0.25,UPI,Shipped
ORD008401,2025-07-08,CUST0880,PROD0096,SELL060,3,0.05,UPI,Delivered
ORD008402,2025-08-14,CUST0869,PROD0155,SELL023,1,0.2,COD,Shipped
ORD008403,2024-07-04,CUST0711,PROD0079,SELL048,2,0.15,UPI,Returned
ORD008404,2025-09-05,CUST0412,PROD0122,SELL062,3,0.1,Credit Card,Delivered
ORD008405,2024-10-14,CUST0096,PROD0159,SELL014,1,0.05,UPI,Cancelled
ORD008406,2025-08-04,CUST0265,PROD0020,SELL053,1,0.1,UPI,Delivered
ORD008407,2025-10-05,CUST0499,PROD0129,SELL048,4,0.15,Credit Card,Delivered
ORD008408,2024-06-01,CUST0037,PROD0017,SELL034,3,0.05,Credit Card,Delivered
ORD008409,2025-11-17,CUST1091,PROD0073,SELL035,3,0.2,COD,Delivered
ORD008410,2025-04-07,CUST0322,PROD0072,SELL039,1,0.0,UPI,Shipped
ORD008411,2025-06-18,CUST1114,PROD0160,SELL077,2,0.2,Net Banking,Shipped
ORD008412,2025-07-07,CUST0893,PROD0089,SELL017,4,0.05,Net Banking,Delivered
ORD008413,2024-05-03,CUST0816,PROD0035,SELL023,3,0.15,Net Banking,Delivered
ORD008414,2025-06-29,CUST1115,PROD0160,SELL040,1,0.0,COD,Returned
ORD008415,2024-06-04,CUST0973,PROD0036,SELL053,1,0.15,COD,Delivered
ORD008416,2024-07-17,CUST1095,PROD0083,SELL045,4,0.1,COD,Delivered
ORD008417,2024-03-26,CUST1002,PROD0100,SELL023,1,0.1,Net Banking,Returned
ORD008418,2024-05-12,CUST0725,PROD0009,SELL007,4,0.1,Debit Card,Delivered
ORD008419,2025-12-16,CUST1129,PROD0098,SELL001,3,0.2,Net Banking,Cancelled
ORD008420,2024-08-27,CUST0094,PROD0008,SELL056,2,0.15,Net Banking,Returned
ORD008421,2024-10-09,CUST0963,PROD0040,SELL065,2,0.15,Debit Card,Shipped
ORD008422,2024-12-16,CUST0525,PROD0022,SELL032,3,0.25,Credit Card,Shipped
ORD008423,2025-06-05,CUST0234,PROD0026,SELL014,3,0.0,Debit Card,Delivered
ORD008424,2025-02-23,CUST1083,PROD0051,SELL040,3,0.2,Debit Card,Delivered
ORD008425,2025-01-26,CUST0525,PROD0105,SELL056,3,0.1,COD,Delivered
ORD008426,2025-09-03,CUST0112,PROD0175,SELL019,3,0.0,COD,Returned
ORD008427,2024-12-28,CUST0545,PROD0040,SELL068,4,0.05,Debit Card,Cancelled
ORD008428,2025-07-16,CUST0504,PROD0013,SELL009,1,0.0,UPI,Shipped
ORD008429,2025-10-27,CUST0501,PROD0149,SELL046,2,0.15,UPI,Delivered
ORD008430,2025-05-09,CUST0341,PROD0003,SELL018,1,0.2,COD,Delivered
ORD008431,2024-01-26,CUST0702,PROD0166,SELL011,3,0.05,UPI,Returned
ORD008432,2024-07-11,CUST0697,PROD0179,SELL023,4,0.2,COD,Delivered
ORD008433,2025-03-27,CUST0320,PROD0078,SELL042,2,0.05,Net Banking,Delivered
ORD008434,2024-12-16,CUST0042,PROD0129,SELL068,1,0.0,Net Banking,Delivered
ORD008435,2024-07-27,CUST0566,PROD0005,SELL032,1,0.1,UPI,Delivered
ORD008436,2024-09-02,CUST0130,PROD0129,SELL031,4,0.15,Debit Card,Delivered
ORD008437,2024-02-27,CUST0568,PROD0141,SELL053,2,0.15,UPI,Delivered
ORD008438,2024-06-20,CUST0801,PROD0049,SELL053,3,0.05,COD,Delivered
ORD008439,2025-07-26,CUST1035,PROD0180,SELL007,4,0.0,UPI,Delivered
ORD008440,2024-01-08,CUST0801,PROD0130,SELL018,4,0.1,Net Banking,Delivered
ORD008441,2025-09-03,CUST1048,PROD0034,SELL068,1,0.0,UPI,Shipped
ORD008442,2024-09-05,CUST1051,PROD0110,SELL024,3,0.2,Debit Card,Cancelled
ORD008443,2025-08-13,CUST0879,PROD0046,SELL051,1,0.0,Net Banking,Returned
ORD008444,2024-07-06,CUST0580,PROD0155,SELL071,4,0.05,Debit Card,Delivered
ORD008445,2025-08-28,CUST0688,PROD0069,SELL076,1,0.1,Net Banking,Returned
ORD008446,2025-02-22,CUST0545,PROD0157,SELL045,2,0.15,Debit Card,Returned
ORD008447,2025-09-14,CUST0994,PROD0065,SELL018,2,0.1,Credit Card,Shipped
ORD008448,2024-02-15,CUST1163,PROD0136,SELL013,4,0.15,COD,Delivered
ORD008449,2025-08-05,CUST1081,PROD0115,SELL006,1,0.0,Credit Card,Delivered
ORD008450,2024-07-16,CUST0823,PROD0078,SELL037,1,0.05,Debit Card,Delivered
ORD008451,2024-09-19,CUST0792,PROD0078,SELL053,1,0.05,Debit Card,Returned
ORD008452,2024-02-02,CUST0140,PROD0023,SELL068,1,0.25,Debit Card,Delivered
ORD008453,2025-11-28,CUST0515,PROD0067,SELL011,3,0.15,Credit Card,Returned
ORD008454,2025-04-13,CUST0790,PROD0004,SELL040,3,0.0,Credit Card,Delivered
ORD008455,2025-12-18,CUST0366,PROD0163,SELL035,4,0.15,Net Banking,Shipped
ORD008456,2025-02-19,CUST0525,PROD0029,SELL063,3,0.15,COD,Delivered
ORD008457,2024-04-25,CUST1174,PROD0176,SELL002,2,0.1,Net Banking,Returned
ORD008458,2024-09-03,CUST0897,PROD0025,SELL003,3,0.1,Debit Card,Shipped
ORD008459,2024-11-17,CUST0523,PROD0176,SELL033,3,0.15,UPI,Delivered
ORD008460,2024-04-17,CUST0837,PROD0085,SELL044,1,0.15,COD,Shipped
ORD008461,2025-11-11,CUST0593,PROD0174,SELL012,2,0.05,Debit Card,Shipped
ORD008462,2025-12-01,CUST0518,PROD0146,SELL010,2,0.25,UPI,Delivered
ORD008463,2025-02-15,CUST0462,PROD0039,SELL079,3,0.15,COD,Delivered
ORD008464,2025-03-03,CUST0473,PROD0135,SELL048,4,0.1,Net Banking,Delivered
ORD008465,2025-05-29,CUST0078,PROD0016,SELL018,2,0.1,UPI,Shipped
ORD008466,2025-05-11,CUST0579,PROD0176,SELL048,1,0.1,Net Banking,Returned
ORD008467,2024-02-15,CUST1138,PROD0040,SELL039,2,0.0,Net Banking,Returned
ORD008468,2025-01-23,CUST0681,PROD0038,SELL063,3,0.15,COD,Delivered
ORD008469,2025-07-22,CUST0505,PROD0121,SELL032,4,0.1,Debit Card,Delivered
ORD008470,2025-08-12,CUST1087,PROD0178,SELL029,2,0.2,COD,Delivered
ORD008471,2025-03-11,CUST1116,PROD0069,SELL080,2,0.05,Debit Card,Delivered
ORD008472,2025-10-17,CUST1107,PROD0091,SELL041,4,0.15,Net Banking,Returned
ORD008473,2025-03-04,CUST0669,PROD0061,SELL057,4,0.0,UPI,Delivered
ORD008474,2024-10-06,CUST0326,PROD0050,SELL009,4,0.05,COD,Delivered
ORD008475,2024-11-19,CUST0043,PROD0153,SELL069,1,0.1,UPI,Delivered
ORD008476,2025-05-19,CUST1080,PROD0078,SELL046,4,0.15,COD,Shipped
ORD008477,2025-10-10,CUST1066,PROD0178,SELL048,2,0.05,COD,Shipped
ORD008478,2024-06-17,CUST0436,PROD0167,SELL021,3,0.1,Net Banking,Delivered
ORD008479,2024-08-02,CUST0752,PROD0151,SELL076,2,0.1,Debit Card,Delivered
ORD008480,2025-04-21,CUST0291,PROD0061,SELL039,1,0.15,Credit Card,Delivered
ORD008481,2025-07-12,CUST0150,PROD0051,SELL011,2,0.1,UPI,Delivered
ORD008482,2024-10-18,CUST0950,PROD0022,SELL052,2,0.0,Net Banking,Delivered
ORD008483,2025-04-15,CUST0703,PROD0020,SELL046,4,0.05,Credit Card,Cancelled
ORD008484,2024-01-05,CUST0796,PROD0031,SELL077,4,0.15,Debit Card,Returned
ORD008485,2024-08-01,CUST0955,PROD0084,SELL046,1,0.15,Credit Card,Delivered
ORD008486,2025-11-29,CUST0330,PROD0146,SELL072,1,0.05,UPI,Returned
ORD008487,2025-02-25,CUST0328,PROD0061,SELL058,1,0.15,Credit Card,Returned
ORD008488,2025-09-26,CUST0154,PROD0117,SELL045,3,0.0,Credit Card,Delivered
ORD008489,2024-06-08,CUST1105,PROD0009,SELL053,4,0.1,Credit Card,Returned
ORD008490,2024-07-31,CUST0078,PROD0139,SELL066,2,0.05,Credit Card,Delivered
ORD008491,2025-12-13,CUST1142,PROD0067,SELL041,4,0.1,Debit Card,Delivered
ORD008492,2025-12-30,CUST0877,PROD0002,SELL001,2,0.2,Debit Card,Cancelled
ORD008493,2025-10-02,CUST0886,PROD0118,SELL013,1,0.1,COD,Returned
ORD008494,2024-08-19,CUST0067,PROD0153,SELL036,3,0.2,Debit Card,Delivered
ORD008495,2025-08-08,CUST0096,PROD0159,SELL052,1,0.05,COD,Returned
ORD008496,2024-12-01,CUST0034,PROD0068,SELL059,1,0.05,UPI,Shipped
ORD008497,2025-09-08,CUST0234,PROD0115,SELL004,4,0.25,Net Banking,Delivered
ORD008498,2025-09-14,CUST0280,PROD0089,SELL032,1,0.1,Debit Card,Delivered
ORD008499,2024-11-13,CUST0789,PROD0102,SELL011,4,0.1,Net Banking,Delivered
ORD008500,2024-08-10,CUST0945,PROD0094,SELL049,1,0.1,Credit Card,Cancelled
ORD008501,2025-12-13,CUST0270,PROD0142,SELL078,2,0.15,Credit Card,Cancelled
ORD008502,2024-11-25,CUST1034,PROD0111,SELL023,2,0.2,COD,Delivered
ORD008503,2024-11-11,CUST1105,PROD0135,SELL076,1,0.1,Net Banking,Delivered
ORD008504,2025-05-01,CUST0333,PROD0064,SELL078,4,0.1,Credit Card,Returned
ORD008505,2025-11-15,CUST0797,PROD0013,SELL007,1,0.15,UPI,Returned
ORD008506,2024-04-05,CUST0854,PROD0133,SELL048,3,0.0,UPI,Delivered
ORD008507,2025-12-20,CUST0729,PROD0087,SELL012,1,0.15,Net Banking,Shipped
ORD008508,2024-11-04,CUST0148,PROD0178,SELL030,2,0.2,Net Banking,Returned
ORD008509,2024-01-19,CUST0036,PROD0004,SELL033,4,0.05,Debit Card,Delivered
ORD008510,2024-08-14,CUST0427,PROD0142,SELL005,1,0.1,UPI,Delivered
ORD008511,2024-12-04,CUST0510,PROD0178,SELL018,2,0.25,Credit Card,Delivered
ORD008512,2025-05-09,CUST0837,PROD0055,SELL055,1,0.25,Credit Card,Delivered
ORD008513,2025-02-18,CUST0091,PROD0121,SELL042,3,0.05,COD,Returned
ORD008514,2024-04-09,CUST0381,PROD0092,SELL069,2,0.05,Debit Card,Cancelled
ORD008515,2024-12-22,CUST0215,PROD0113,SELL002,1,0.0,Credit Card,Delivered
ORD008516,2024-06-19,CUST0136,PROD0034,SELL015,1,0.05,Net Banking,Delivered
ORD008517,2024-07-16,CUST0014,PROD0166,SELL073,1,0.1,Credit Card,Cancelled
ORD008518,2025-06-04,CUST0126,PROD0121,SELL036,4,0.15,Credit Card,Delivered
ORD008519,2025-08-10,CUST0653,PROD0018,SELL028,4,0.0,Net Banking,Delivered
ORD008520,2024-04-24,CUST0136,PROD0003,SELL075,2,0.05,Debit Card,Delivered
ORD008521,2025-03-16,CUST1008,PROD0056,SELL075,3,0.05,Debit Card,Delivered
ORD008522,2024-11-04,CUST1132,PROD0162,SELL079,1,0.05,Credit Card,Delivered
ORD008523,2024-09-03,CUST0888,PROD0122,SELL040,1,0.0,Credit Card,Returned
ORD008524,2025-06-05,CUST0957,PROD0062,SELL029,2,0.1,Net Banking,Returned
ORD008525,2024-06-30,CUST0035,PROD0057,SELL054,2,0.05,Debit Card,Returned
ORD008526,2025-07-13,CUST0800,PROD0128,SELL006,4,0.1,COD,Delivered
ORD008527,2024-10-19,CUST0520,PROD0069,SELL073,2,0.15,Net Banking,Cancelled
ORD008528,2024-03-10,CUST0550,PROD0179,SELL032,3,0.0,Credit Card,Delivered
ORD008529,2025-08-02,CUST0875,PROD0180,SELL025,4,0.25,Net Banking,Cancelled
ORD008530,2025-09-14,CUST0619,PROD0140,SELL063,4,0.15,Credit Card,Shipped
ORD008531,2025-02-15,CUST0037,PROD0082,SELL060,4,0.25,Credit Card,Delivered
ORD008532,2025-06-13,CUST0414,PROD0140,SELL067,1,0.0,Net Banking,Delivered
ORD008533,2024-04-17,CUST0492,PROD0175,SELL018,3,0.05,Debit Card,Delivered
ORD008534,2024-09-05,CUST0911,PROD0029,SELL017,4,0.1,COD,Delivered
ORD008535,2024-09-12,CUST0093,PROD0013,SELL046,4,0.2,COD,Returned
ORD008536,2025-07-12,CUST0249,PROD0169,SELL022,3,0.15,Debit Card,Delivered
ORD008537,2024-09-14,CUST0086,PROD0134,SELL027,4,0.1,Debit Card,Delivered
ORD008538,2025-06-16,CUST0055,PROD0132,SELL026,1,0.0,COD,Shipped
ORD008539,2024-08-12,CUST1134,PROD0160,SELL022,3,0.25,Debit Card,Returned
ORD008540,2025-03-15,CUST0120,PROD0105,SELL021,3,0.15,Net Banking,Returned
ORD008541,2024-06-02,CUST0654,PROD0012,SELL011,1,0.15,Debit Card,Returned
ORD008542,2025-02-12,CUST0618,PROD0022,SELL019,1,0.1,Net Banking,Delivered
ORD008543,2024-02-29,CUST0365,PROD0128,SELL066,3,0.05,COD,Delivered
ORD008544,2025-06-21,CUST0405,PROD0052,SELL017,1,0.05,Debit Card,Delivered
ORD008545,2024-01-22,CUST0482,PROD0042,SELL068,2,0.15,Credit Card,Delivered
ORD008546,2025-12-31,CUST0524,PROD0148,SELL013,4,0.1,Credit Card,Delivered
ORD008547,2025-09-05,CUST0039,PROD0141,SELL040,2,0.05,Net Banking,Cancelled
ORD008548,2025-02-26,CUST0026,PROD0017,SELL032,3,0.15,COD,Returned
ORD008549,2025-10-26,CUST0309,PROD0060,SELL057,1,0.05,Net Banking,Delivered
ORD008550,2025-08-14,CUST0053,PROD0005,SELL033,2,0.05,Debit Card,Cancelled
ORD008551,2024-04-14,CUST0401,PROD0126,SELL069,2,0.0,Net Banking,Shipped
ORD008552,2025-06-28,CUST0626,PROD0045,SELL067,1,0.15,Debit Card,Cancelled
ORD008553,2024-10-02,CUST0554,PROD0041,SELL051,4,0.05,Net Banking,Delivered
ORD008554,2025-09-17,CUST1016,PROD0138,SELL052,3,0.1,UPI,Delivered
ORD008555,2025-09-23,CUST0160,PROD0013,SELL027,2,0.2,COD,Returned
ORD008556,2025-11-28,CUST0571,PROD0096,SELL051,1,0.05,COD,Delivered
ORD008557,2024-11-25,CUST1156,PROD0071,SELL055,1,0.0,UPI,Shipped
ORD008558,2024-05-21,CUST0627,PROD0041,SELL055,3,0.05,COD,Shipped
ORD008559,2024-04-01,CUST0383,PROD0132,SELL055,1,0.15,Debit Card,Delivered
ORD008560,2024-04-30,CUST0385,PROD0096,SELL047,3,0.05,UPI,Delivered
ORD008561,2025-12-26,CUST0708,PROD0104,SELL044,3,0.05,COD,Returned
ORD008562,2025-03-04,CUST0318,PROD0002,SELL058,2,0.1,Debit Card,Delivered
ORD008563,2024-09-14,CUST0239,PROD0019,SELL063,3,0.25,UPI,Delivered
ORD008564,2024-11-24,CUST0610,PROD0041,SELL041,2,0.1,Net Banking,Delivered
ORD008565,2024-05-06,CUST1064,PROD0014,SELL066,2,0.15,Credit Card,Shipped
ORD008566,2025-02-21,CUST0927,PROD0015,SELL013,4,0.15,UPI,Delivered
ORD008567,2024-11-07,CUST0295,PROD0078,SELL078,4,0.0,Credit Card,Shipped
ORD008568,2025-08-06,CUST0733,PROD0131,SELL025,4,0.15,UPI,Shipped
ORD008569,2024-01-16,CUST0816,PROD0141,SELL062,4,0.0,Credit Card,Delivered
ORD008570,2025-11-12,CUST0780,PROD0160,SELL049,2,0.1,UPI,Delivered
ORD008571,2024-02-14,CUST0930,PROD0029,SELL020,1,0.1,Credit Card,Delivered
ORD008572,2024-11-01,CUST0105,PROD0014,SELL079,2,0.0,COD,Delivered
ORD008573,2024-09-05,CUST0428,PROD0041,SELL011,2,0.1,UPI,Returned
ORD008574,2025-06-08,CUST0421,PROD0049,SELL031,1,0.05,UPI,Shipped
ORD008575,2025-04-26,CUST0201,PROD0090,SELL079,3,0.2,UPI,Cancelled
ORD008576,2024-05-23,CUST0877,PROD0129,SELL041,1,0.05,Credit Card,Delivered
ORD008577,2024-12-24,CUST0131,PROD0089,SELL018,3,0.0,Net Banking,Delivered
ORD008578,2025-01-25,CUST0710,PROD0017,SELL034,3,0.0,COD,Returned
ORD008579,2024-12-05,CUST0847,PROD0068,SELL038,2,0.15,Credit Card,Delivered
ORD008580,2024-01-16,CUST0807,PROD0064,SELL055,3,0.05,Net Banking,Delivered
ORD008581,2024-05-10,CUST0879,PROD0128,SELL070,1,0.0,Debit Card,Delivered
ORD008582,2025-01-03,CUST0759,PROD0172,SELL059,4,0.15,COD,Cancelled
ORD008583,2024-07-09,CUST0051,PROD0085,SELL039,3,0.1,Net Banking,Cancelled
ORD008584,2025-02-02,CUST0851,PROD0072,SELL036,4,0.15,Debit Card,Delivered
ORD008585,2024-04-29,CUST0676,PROD0046,SELL016,3,0.1,Net Banking,Delivered
ORD008586,2025-06-21,CUST0282,PROD0019,SELL057,4,0.1,Credit Card,Delivered
ORD008587,2024-05-17,CUST0254,PROD0155,SELL079,2,0.1,UPI,Delivered
ORD008588,2025-04-19,CUST0004,PROD0056,SELL051,2,0.05,Net Banking,Delivered
ORD008589,2025-09-03,CUST0699,PROD0062,SELL028,2,0.25,COD,Cancelled
ORD008590,2024-09-18,CUST1150,PROD0100,SELL050,4,0.15,Credit Card,Delivered
ORD008591,2024-04-11,CUST0987,PROD0109,SELL060,2,0.1,COD,Shipped
ORD008592,2024-01-05,CUST0307,PROD0105,SELL011,1,0.2,UPI,Shipped
ORD008593,2024-09-20,CUST0510,PROD0049,SELL013,2,0.1,Net Banking,Cancelled
ORD008594,2024-03-25,CUST0986,PROD0001,SELL037,3,0.15,Net Banking,Delivered
ORD008595,2025-10-06,CUST0463,PROD0043,SELL052,2,0.05,COD,Cancelled
ORD008596,2025-12-12,CUST1122,PROD0107,SELL078,4,0.1,UPI,Delivered
ORD008597,2025-12-17,CUST0892,PROD0092,SELL067,4,0.2,Debit Card,Delivered
ORD008598,2025-11-05,CUST0778,PROD0135,SELL034,1,0.0,COD,Cancelled
ORD008599,2025-03-04,CUST0677,PROD0035,SELL020,4,0.2,COD,Returned
ORD008600,2024-08-25,CUST0440,PROD0103,SELL020,2,0.1,Net Banking,Cancelled
ORD008601,2024-11-22,CUST0940,PROD0103,SELL074,4,0.1,Debit Card,Returned
ORD008602,2024-07-08,CUST1145,PROD0024,SELL062,3,0.0,COD,Shipped
ORD008603,2025-09-06,CUST0091,PROD0147,SELL045,1,0.1,Debit Card,Shipped
ORD008604,2024-11-15,CUST0227,PROD0087,SELL038,2,0.05,Net Banking,Delivered
ORD008605,2024-10-08,CUST0221,PROD0164,SELL017,1,0.15,Credit Card,Delivered
ORD008606,2025-05-19,CUST0004,PROD0061,SELL020,4,0.1,Credit Card,Cancelled
ORD008607,2024-09-30,CUST0805,PROD0055,SELL033,1,0.0,Credit Card,Delivered
ORD008608,2024-09-17,CUST0207,PROD0085,SELL076,1,0.05,Credit Card,Delivered
ORD008609,2024-06-15,CUST1020,PROD0178,SELL005,3,0.2,Credit Card,Delivered
ORD008610,2024-02-19,CUST0567,PROD0168,SELL049,2,0.0,UPI,Shipped
ORD008611,2024-01-28,CUST0082,PROD0104,SELL008,3,0.05,UPI,Delivered
ORD008612,2024-10-21,CUST0903,PROD0169,SELL031,2,0.2,Net Banking,Cancelled
ORD008613,2025-12-28,CUST0365,PROD0154,SELL059,1,0.25,Net Banking,Delivered
ORD008614,2024-07-09,CUST1112,PROD0063,SELL023,1,0.1,COD,Delivered
ORD008615,2025-04-13,CUST0450,PROD0150,SELL057,1,0.15,Credit Card,Delivered
ORD008616,2024-08-25,CUST0951,PROD0135,SELL034,1,0.25,COD,Delivered
ORD008617,2024-08-09,CUST1142,PROD0155,SELL038,3,0.0,Debit Card,Delivered
ORD008618,2024-04-29,CUST0673,PROD0113,SELL067,1,0.05,Net Banking,Delivered
ORD008619,2025-02-15,CUST1199,PROD0141,SELL037,3,0.05,COD,Delivered
ORD008620,2025-04-26,CUST0255,PROD0074,SELL063,3,0.1,COD,Cancelled
ORD008621,2024-09-12,CUST0962,PROD0140,SELL015,4,0.05,Credit Card,Shipped
ORD008622,2025-01-19,CUST0644,PROD0027,SELL033,1,0.1,UPI,Cancelled
ORD008623,2024-12-14,CUST0050,PROD0067,SELL023,4,0.05,Debit Card,Returned
ORD008624,2024-07-17,CUST0100,PROD0141,SELL024,3,0.15,Net Banking,Shipped
ORD008625,2025-05-20,CUST0246,PROD0089,SELL026,3,0.2,COD,Shipped
ORD008626,2025-02-08,CUST0150,PROD0020,SELL018,2,0.25,UPI,Delivered
ORD008627,2024-02-18,CUST0144,PROD0096,SELL069,4,0.1,UPI,Cancelled
ORD008628,2024-12-26,CUST0671,PROD0009,SELL060,1,0.1,UPI,Cancelled
ORD008629,2024-10-11,CUST0679,PROD0160,SELL039,3,0.0,Credit Card,Delivered
ORD008630,2025-08-04,CUST1134,PROD0141,SELL008,2,0.25,Net Banking,Delivered
ORD008631,2024-08-12,CUST0289,PROD0146,SELL066,3,0.2,Debit Card,Delivered
ORD008632,2025-11-29,CUST0913,PROD0083,SELL011,2,0.2,COD,Delivered
ORD008633,2025-03-25,CUST0774,PROD0133,SELL051,4,0.05,Credit Card,Shipped
ORD008634,2024-04-05,CUST0829,PROD0160,SELL007,4,0.1,Debit Card,Delivered
ORD008635,2024-10-21,CUST0171,PROD0166,SELL018,1,0.0,Credit Card,Delivered
ORD008636,2025-10-08,CUST0655,PROD0150,SELL019,1,0.05,COD,Returned
ORD008637,2024-07-05,CUST1070,PROD0114,SELL073,1,0.1,Debit Card,Shipped
ORD008638,2025-05-30,CUST1045,PROD0026,SELL030,3,0.05,UPI,Delivered
ORD008639,2025-07-26,CUST0190,PROD0168,SELL050,4,0.05,COD,Delivered
ORD008640,2025-05-21,CUST0211,PROD0159,SELL058,2,0.05,COD,Returned
ORD008641,2024-03-07,CUST0041,PROD0114,SELL022,2,0.0,Credit Card,Delivered
ORD008642,2024-09-30,CUST0804,PROD0173,SELL073,3,0.0,Debit Card,Returned
ORD008643,2024-09-11,CUST0496,PROD0152,SELL075,2,0.0,Net Banking,Delivered
ORD008644,2024-09-08,CUST0472,PROD0144,SELL072,2,0.0,Debit Card,Returned
ORD008645,2025-10-04,CUST0340,PROD0032,SELL066,3,0.0,COD,Delivered
ORD008646,2024-01-05,CUST0895,PROD0113,SELL023,2,0.0,Debit Card,Shipped
ORD008647,2025-01-29,CUST1159,PROD0143,SELL004,2,0.15,COD,Returned
ORD008648,2025-12-18,CUST0666,PROD0017,SELL060,3,0.15,COD,Cancelled
ORD008649,2025-10-01,CUST0235,PROD0047,SELL009,3,0.15,Credit Card,Cancelled
ORD008650,2025-03-19,CUST0154,PROD0174,SELL003,2,0.15,UPI,Delivered
ORD008651,2025-12-30,CUST1061,PROD0015,SELL031,2,0.15,COD,Returned
ORD008652,2024-10-21,CUST0432,PROD0154,SELL073,4,0.1,UPI,Shipped
ORD008653,2025-03-22,CUST1150,PROD0086,SELL017,2,0.15,UPI,Delivered
ORD008654,2025-02-01,CUST1027,PROD0033,SELL041,4,0.1,UPI,Delivered
ORD008655,2024-02-04,CUST0670,PROD0002,SELL019,1,0.1,Debit Card,Cancelled
ORD008656,2024-01-30,CUST0168,PROD0079,SELL040,4,0.15,COD,Cancelled
ORD008657,2025-10-17,CUST0499,PROD0085,SELL047,4,0.1,Net Banking,Delivered
ORD008658,2024-05-06,CUST0075,PROD0027,SELL057,2,0.1,UPI,Shipped
ORD008659,2024-09-16,CUST0428,PROD0098,SELL015,3,0.05,UPI,Delivered
ORD008660,2025-03-31,CUST0323,PROD0112,SELL048,1,0.05,UPI,Delivered
ORD008661,2025-02-24,CUST1144,PROD0143,SELL034,1,0.0,Net Banking,Delivered
ORD008662,2025-01-10,CUST0911,PROD0071,SELL029,2,0.2,Net Banking,Delivered
ORD008663,2025-12-16,CUST0890,PROD0179,SELL024,3,0.1,Net Banking,Returned
ORD008664,2025-07-29,CUST0559,PROD0141,SELL070,4,0.0,Debit Card,Delivered
ORD008665,2025-11-19,CUST1188,PROD0044,SELL078,1,0.05,Debit Card,Shipped
ORD008666,2025-04-26,CUST0881,PROD0121,SELL064,3,0.25,UPI,Cancelled
ORD008667,2025-12-16,CUST0811,PROD0077,SELL070,3,0.05,COD,Shipped
ORD008668,2025-03-15,CUST0781,PROD0005,SELL042,3,0.1,Credit Card,Delivered
ORD008669,2025-01-31,CUST0825,PROD0031,SELL048,2,0.05,Credit Card,Returned
ORD008670,2025-08-18,CUST0741,PROD0118,SELL068,4,0.1,Debit Card,Cancelled
ORD008671,2025-09-27,CUST1102,PROD0008,SELL026,2,0.1,Net Banking,Delivered
ORD008672,2024-02-19,CUST0361,PROD0058,SELL002,3,0.1,Credit Card,Shipped
ORD008673,2025-10-27,CUST1038,PROD0125,SELL060,1,0.0,COD,Delivered
ORD008674,2025-05-20,CUST1052,PROD0130,SELL044,2,0.15,COD,Delivered
ORD008675,2025-10-18,CUST0590,PROD0053,SELL059,3,0.05,COD,Delivered
ORD008676,2025-06-07,CUST0315,PROD0092,SELL004,1,0.1,Credit Card,Shipped
ORD008677,2025-11-08,CUST0109,PROD0055,SELL059,2,0.1,Net Banking,Delivered
ORD008678,2024-07-20,CUST0733,PROD0022,SELL012,4,0.1,Net Banking,Delivered
ORD008679,2024-05-17,CUST0116,PROD0041,SELL023,3,0.05,Debit Card,Delivered
ORD008680,2024-05-23,CUST1054,PROD0062,SELL033,3,0.0,Debit Card,Cancelled
ORD008681,2024-07-03,CUST0893,PROD0177,SELL051,1,0.0,Debit Card,Returned
ORD008682,2024-06-05,CUST0378,PROD0145,SELL040,1,0.2,Net Banking,Delivered
ORD008683,2024-11-18,CUST0449,PROD0010,SELL031,4,0.2,Credit Card,Shipped
ORD008684,2024-05-24,CUST0897,PROD0131,SELL041,4,0.15,COD,Delivered
ORD008685,2024-04-25,CUST0232,PROD0065,SELL065,2,0.05,UPI,Returned
ORD008686,2025-01-17,CUST0548,PROD0117,SELL010,2,0.0,Net Banking,Returned
ORD008687,2025-08-02,CUST0148,PROD0149,SELL047,3,0.1,Net Banking,Delivered
ORD008688,2024-04-09,CUST0305,PROD0045,SELL062,1,0.15,Credit Card,Shipped
ORD008689,2025-01-08,CUST0975,PROD0174,SELL065,1,0.05,UPI,Returned
ORD008690,2025-04-26,CUST0866,PROD0011,SELL006,2,0.05,Debit Card,Returned
ORD008691,2025-05-30,CUST0303,PROD0118,SELL002,1,0.05,Net Banking,Cancelled
ORD008692,2024-03-17,CUST0715,PROD0051,SELL074,2,0.1,Net Banking,Delivered
ORD008693,2025-06-20,CUST0038,PROD0165,SELL022,1,0.2,Credit Card,Delivered
ORD008694,2024-01-20,CUST1195,PROD0117,SELL066,3,0.15,Credit Card,Cancelled
ORD008695,2024-06-22,CUST0021,PROD0039,SELL042,4,0.1,UPI,Shipped
ORD008696,2024-08-21,CUST0252,PROD0148,SELL029,2,0.05,UPI,Cancelled
ORD008697,2025-09-15,CUST0337,PROD0039,SELL007,4,0.1,COD,Cancelled
ORD008698,2024-05-20,CUST0106,PROD0049,SELL066,4,0.15,UPI,Returned
ORD008699,2025-07-25,CUST1193,PROD0121,SELL067,2,0.05,COD,Delivered
ORD008700,2025-12-23,CUST1155,PROD0063,SELL038,4,0.15,Credit Card,Delivered
ORD008701,2025-12-02,CUST0393,PROD0142,SELL037,2,0.05,Net Banking,Delivered
ORD008702,2024-08-09,CUST0818,PROD0157,SELL061,2,0.25,UPI,Delivered
ORD008703,2024-03-10,CUST0093,PROD0149,SELL063,2,0.25,UPI,Cancelled
ORD008704,2024-06-11,CUST0098,PROD0095,SELL076,2,0.25,COD,Delivered
ORD008705,2025-07-16,CUST0814,PROD0157,SELL041,4,0.15,UPI,Delivered
ORD008706,2024-05-23,CUST0179,PROD0064,SELL080,2,0.15,Net Banking,Delivered
ORD008707,2025-04-16,CUST0205,PROD0010,SELL065,2,0.0,Credit Card,Returned
ORD008708,2024-09-30,CUST0438,PROD0080,SELL008,4,0.1,UPI,Returned
ORD008709,2025-07-14,CUST0625,PROD0106,SELL058,4,0.1,Net Banking,Delivered
ORD008710,2025-03-18,CUST0501,PROD0082,SELL022,3,0.1,Net Banking,Cancelled
ORD008711,2025-03-04,CUST0682,PROD0156,SELL076,2,0.15,UPI,Returned
ORD008712,2025-07-25,CUST0328,PROD0060,SELL043,2,0.1,Net Banking,Shipped
ORD008713,2025-11-29,CUST0665,PROD0054,SELL050,2,0.0,Net Banking,Shipped
ORD008714,2024-09-23,CUST0355,PROD0066,SELL004,1,0.2,Net Banking,Returned
ORD008715,2025-01-21,CUST0359,PROD0058,SELL066,3,0.15,UPI,Delivered
ORD008716,2025-04-02,CUST1185,PROD0167,SELL057,2,0.1,UPI,Cancelled
ORD008717,2025-08-24,CUST0057,PROD0120,SELL040,1,0.05,Net Banking,Cancelled
ORD008718,2024-12-18,CUST0619,PROD0011,SELL062,2,0.1,COD,Delivered
ORD008719,2024-09-30,CUST0749,PROD0076,SELL013,3,0.1,Debit Card,Delivered
ORD008720,2025-09-10,CUST0471,PROD0115,SELL067,4,0.1,COD,Cancelled
ORD008721,2025-11-27,CUST0196,PROD0033,SELL027,2,0.2,Net Banking,Delivered
ORD008722,2025-02-19,CUST1167,PROD0092,SELL031,3,0.2,COD,Delivered
ORD008723,2024-03-16,CUST0744,PROD0003,SELL045,2,0.2,Net Banking,Shipped
ORD008724,2024-07-30,CUST0895,PROD0082,SELL067,4,0.2,UPI,Cancelled
ORD008725,2024-12-04,CUST0579,PROD0030,SELL076,3,0.1,Credit Card,Shipped
ORD008726,2025-05-29,CUST0463,PROD0074,SELL042,1,0.2,Debit Card,Delivered
ORD008727,2025-05-04,CUST0737,PROD0140,SELL009,1,0.0,Credit Card,Returned
ORD008728,2025-08-22,CUST0151,PROD0145,SELL032,1,0.0,COD,Delivered
ORD008729,2024-01-22,CUST0014,PROD0092,SELL026,3,0.1,Credit Card,Shipped
ORD008730,2024-12-06,CUST1185,PROD0159,SELL043,2,0.2,UPI,Returned
ORD008731,2025-05-27,CUST0318,PROD0118,SELL080,2,0.25,Net Banking,Cancelled
ORD008732,2025-12-22,CUST0539,PROD0161,SELL036,4,0.05,Credit Card,Cancelled
ORD008733,2024-04-14,CUST0195,PROD0148,SELL039,3,0.05,Credit Card,Cancelled
ORD008734,2025-10-04,CUST0515,PROD0172,SELL015,3,0.0,Credit Card,Returned
ORD008735,2024-01-06,CUST0380,PROD0144,SELL069,1,0.1,UPI,Delivered
ORD008736,2024-05-23,CUST0513,PROD0170,SELL075,2,0.1,Credit Card,Delivered
ORD008737,2025-09-11,CUST0162,PROD0046,SELL054,2,0.1,Net Banking,Shipped
ORD008738,2025-07-29,CUST0072,PROD0034,SELL078,1,0.15,COD,Shipped
ORD008739,2025-12-12,CUST0309,PROD0063,SELL014,1,0.25,Credit Card,Delivered
ORD008740,2025-03-15,CUST0194,PROD0113,SELL080,2,0.05,UPI,Delivered
ORD008741,2025-03-26,CUST1175,PROD0091,SELL002,2,0.15,Net Banking,Returned
ORD008742,2025-01-25,CUST0247,PROD0047,SELL039,1,0.05,Debit Card,Delivered
ORD008743,2025-01-09,CUST0459,PROD0027,SELL055,2,0.0,UPI,Delivered
ORD008744,2025-01-10,CUST0489,PROD0012,SELL021,1,0.15,Net Banking,Delivered
ORD008745,2024-08-01,CUST1111,PROD0016,SELL071,2,0.05,Credit Card,Shipped
ORD008746,2025-09-15,CUST0125,PROD0040,SELL056,4,0.15,COD,Returned
ORD008747,2024-09-17,CUST0912,PROD0061,SELL052,1,0.15,Credit Card,Shipped
ORD008748,2025-03-22,CUST1037,PROD0150,SELL057,4,0.05,Credit Card,Shipped
ORD008749,2025-05-04,CUST0286,PROD0069,SELL056,4,0.1,Net Banking,Shipped
ORD008750,2025-01-28,CUST1065,PROD0080,SELL069,2,0.0,Debit Card,Delivered
ORD008751,2025-03-22,CUST0382,PROD0001,SELL015,2,0.1,Credit Card,Returned
ORD008752,2024-02-05,CUST0646,PROD0137,SELL056,2,0.0,UPI,Cancelled
ORD008753,2024-08-18,CUST0865,PROD0113,SELL071,2,0.1,Net Banking,Returned
ORD008754,2024-11-23,CUST1102,PROD0096,SELL047,1,0.15,COD,Cancelled
ORD008755,2024-10-15,CUST0867,PROD0052,SELL064,1,0.0,Net Banking,Delivered
ORD008756,2025-10-25,CUST0670,PROD0006,SELL037,2,0.2,COD,Delivered
ORD008757,2025-10-17,CUST0077,PROD0043,SELL041,2,0.15,Debit Card,Shipped
ORD008758,2025-06-04,CUST0569,PROD0112,SELL033,3,0.1,COD,Delivered
ORD008759,2024-09-14,CUST0100,PROD0157,SELL066,1,0.15,Net Banking,Shipped
ORD008760,2024-02-07,CUST0475,PROD0131,SELL029,2,0.1,UPI,Delivered
ORD008761,2025-07-06,CUST0684,PROD0022,SELL079,2,0.1,UPI,Returned
ORD008762,2025-10-08,CUST1132,PROD0119,SELL075,1,0.0,COD,Delivered
ORD008763,2024-12-23,CUST0935,PROD0121,SELL049,4,0.1,Credit Card,Cancelled
ORD008764,2025-08-27,CUST0547,PROD0049,SELL045,1,0.05,COD,Cancelled
ORD008765,2025-11-11,CUST0666,PROD0025,SELL037,3,0.25,Credit Card,Cancelled
ORD008766,2025-02-03,CUST0807,PROD0051,SELL033,4,0.05,Credit Card,Shipped
ORD008767,2024-06-02,CUST0866,PROD0112,SELL053,3,0.2,Credit Card,Delivered
ORD008768,2024-01-17,CUST1107,PROD0110,SELL047,1,0.15,COD,Shipped
ORD008769,2025-07-07,CUST0059,PROD0028,SELL035,1,0.1,COD,Delivered
ORD008770,2025-02-15,CUST0173,PROD0081,SELL034,3,0.1,COD,Returned
ORD008771,2024-04-22,CUST0643,PROD0023,SELL014,4,0.15,Credit Card,Delivered
ORD008772,2024-02-09,CUST0988,PROD0160,SELL014,4,0.1,UPI,Returned
ORD008773,2025-12-09,CUST0139,PROD0075,SELL046,3,0.2,UPI,Returned
ORD008774,2024-08-22,CUST0597,PROD0038,SELL037,1,0.1,Net Banking,Delivered
ORD008775,2024-08-27,CUST0945,PROD0069,SELL056,4,0.1,Debit Card,Delivered
ORD008776,2025-04-04,CUST1079,PROD0096,SELL048,3,0.25,COD,Delivered
ORD008777,2024-09-23,CUST0162,PROD0142,SELL066,1,0.2,UPI,Delivered
ORD008778,2025-10-29,CUST0972,PROD0137,SELL061,2,0.15,Debit Card,Delivered
ORD008779,2025-05-12,CUST0510,PROD0035,SELL067,1,0.15,Net Banking,Cancelled
ORD008780,2024-09-18,CUST0031,PROD0119,SELL080,1,0.2,UPI,Cancelled
ORD008781,2024-07-13,CUST0013,PROD0064,SELL034,4,0.15,COD,Delivered
ORD008782,2025-09-20,CUST1160,PROD0104,SELL050,3,0.0,Credit Card,Shipped
ORD008783,2025-03-08,CUST1039,PROD0056,SELL040,3,0.1,Credit Card,Delivered
ORD008784,2025-11-02,CUST0298,PROD0082,SELL073,3,0.0,Net Banking,Delivered
ORD008785,2024-09-09,CUST0252,PROD0030,SELL074,1,0.0,Net Banking,Delivered
ORD008786,2024-01-16,CUST0562,PROD0066,SELL074,2,0.1,Credit Card,Returned
ORD008787,2025-10-19,CUST1057,PROD0150,SELL079,2,0.05,Net Banking,Returned
ORD008788,2024-06-24,CUST0577,PROD0044,SELL002,3,0.0,Net Banking,Shipped
ORD008789,2025-09-10,CUST1127,PROD0173,SELL007,2,0.0,UPI,Shipped
ORD008790,2025-06-02,CUST0363,PROD0126,SELL048,2,0.1,Credit Card,Returned
ORD008791,2024-06-18,CUST0309,PROD0041,SELL056,1,0.25,COD,Cancelled
ORD008792,2025-07-07,CUST1136,PROD0121,SELL052,3,0.0,Credit Card,Delivered
ORD008793,2024-02-29,CUST1183,PROD0087,SELL039,4,0.05,UPI,Shipped
ORD008794,2024-10-13,CUST0553,PROD0126,SELL058,1,0.05,Net Banking,Cancelled
ORD008795,2024-09-17,CUST0785,PROD0164,SELL010,4,0.1,UPI,Delivered
ORD008796,2025-04-25,CUST0181,PROD0146,SELL028,4,0.1,Credit Card,Returned
ORD008797,2025-01-25,CUST0215,PROD0158,SELL046,2,0.0,COD,Returned
ORD008798,2025-03-23,CUST1067,PROD0146,SELL028,3,0.2,Net Banking,Shipped
ORD008799,2024-12-14,CUST0708,PROD0047,SELL008,2,0.1,UPI,Returned
ORD008800,2025-06-24,CUST0981,PROD0089,SELL019,4,0.1,COD,Shipped
ORD008801,2024-04-27,CUST0208,PROD0116,SELL034,1,0.05,Net Banking,Shipped
ORD008802,2025-06-09,CUST0083,PROD0011,SELL056,4,0.1,Credit Card,Cancelled
ORD008803,2024-02-06,CUST0148,PROD0135,SELL005,1,0.1,Credit Card,Delivered
ORD008804,2024-03-03,CUST0521,PROD0004,SELL012,2,0.0,COD,Returned
ORD008805,2025-06-12,CUST0858,PROD0156,SELL073,3,0.0,Debit Card,Delivered
ORD008806,2024-04-25,CUST0179,PROD0117,SELL008,4,0.1,Debit Card,Delivered
ORD008807,2025-07-16,CUST0100,PROD0011,SELL012,3,0.15,UPI,Cancelled
ORD008808,2024-04-07,CUST0166,PROD0041,SELL011,3,0.1,Debit Card,Delivered
ORD008809,2024-04-17,CUST0011,PROD0150,SELL075,1,0.15,UPI,Shipped
ORD008810,2025-11-12,CUST0097,PROD0102,SELL036,1,0.2,COD,Returned
ORD008811,2024-05-09,CUST0637,PROD0075,SELL049,3,0.1,UPI,Shipped
ORD008812,2025-10-29,CUST0309,PROD0073,SELL020,1,0.2,Debit Card,Shipped
ORD008813,2024-09-11,CUST0988,PROD0167,SELL011,4,0.0,Debit Card,Shipped
ORD008814,2025-08-05,CUST0579,PROD0179,SELL060,4,0.25,COD,Delivered
ORD008815,2025-11-17,CUST0726,PROD0018,SELL002,2,0.2,COD,Delivered
ORD008816,2024-03-26,CUST0422,PROD0005,SELL057,4,0.0,Credit Card,Delivered
ORD008817,2024-08-29,CUST0698,PROD0110,SELL065,3,0.0,UPI,Shipped
ORD008818,2025-02-23,CUST0500,PROD0060,SELL072,2,0.2,Debit Card,Delivered
ORD008819,2025-09-24,CUST0719,PROD0006,SELL059,1,0.2,UPI,Delivered
ORD008820,2024-05-16,CUST1137,PROD0026,SELL024,4,0.25,COD,Cancelled
ORD008821,2024-05-16,CUST0165,PROD0092,SELL016,3,0.1,COD,Shipped
ORD008822,2024-09-26,CUST0668,PROD0068,SELL032,3,0.05,COD,Delivered
ORD008823,2024-05-29,CUST0733,PROD0107,SELL037,1,0.15,Debit Card,Returned
ORD008824,2024-07-14,CUST1056,PROD0005,SELL007,4,0.1,Net Banking,Returned
ORD008825,2024-04-04,CUST0590,PROD0102,SELL065,4,0.0,Debit Card,Returned
ORD008826,2025-08-28,CUST0101,PROD0147,SELL013,1,0.1,UPI,Delivered
ORD008827,2025-08-05,CUST0391,PROD0100,SELL023,4,0.1,Debit Card,Delivered
ORD008828,2024-04-15,CUST0941,PROD0098,SELL025,2,0.25,COD,Delivered
ORD008829,2025-01-27,CUST0102,PROD0175,SELL023,2,0.15,UPI,Shipped
ORD008830,2025-04-17,CUST0561,PROD0039,SELL059,3,0.15,Net Banking,Delivered
ORD008831,2025-04-03,CUST0287,PROD0119,SELL036,2,0.15,Net Banking,Delivered
ORD008832,2025-12-20,CUST0203,PROD0018,SELL074,3,0.05,UPI,Delivered
ORD008833,2025-04-13,CUST0406,PROD0162,SELL075,4,0.15,Credit Card,Delivered
ORD008834,2025-05-17,CUST0858,PROD0139,SELL018,2,0.05,Net Banking,Returned
ORD008835,2024-01-25,CUST0065,PROD0109,SELL069,4,0.15,Debit Card,Delivered
ORD008836,2024-02-27,CUST0683,PROD0145,SELL042,4,0.0,Credit Card,Delivered
ORD008837,2025-03-28,CUST0314,PROD0109,SELL012,3,0.15,COD,Cancelled
ORD008838,2025-10-25,CUST0186,PROD0139,SELL032,3,0.2,Debit Card,Returned
ORD008839,2024-10-18,CUST0581,PROD0091,SELL045,4,0.15,Debit Card,Cancelled
ORD008840,2025-04-15,CUST0525,PROD0154,SELL052,2,0.05,Net Banking,Shipped
ORD008841,2024-06-02,CUST0342,PROD0166,SELL080,3,0.2,Credit Card,Cancelled
ORD008842,2024-11-29,CUST0188,PROD0137,SELL038,1,0.15,COD,Shipped
ORD008843,2025-07-03,CUST0047,PROD0158,SELL002,2,0.1,Credit Card,Delivered
ORD008844,2025-04-27,CUST0201,PROD0178,SELL035,3,0.1,Credit Card,Delivered
ORD008845,2024-03-24,CUST1050,PROD0167,SELL064,1,0.1,UPI,Delivered
ORD008846,2025-10-04,CUST0220,PROD0034,SELL008,3,0.15,Debit Card,Delivered
ORD008847,2025-11-08,CUST1109,PROD0034,SELL014,4,0.05,Debit Card,Delivered
ORD008848,2024-12-14,CUST0745,PROD0008,SELL055,3,0.1,Net Banking,Cancelled
ORD008849,2024-09-06,CUST0557,PROD0155,SELL034,4,0.1,Debit Card,Returned
ORD008850,2025-01-23,CUST0475,PROD0075,SELL054,1,0.1,Credit Card,Shipped
ORD008851,2025-08-08,CUST0139,PROD0070,SELL001,3,0.2,Net Banking,Delivered
ORD008852,2024-11-26,CUST0453,PROD0084,SELL012,2,0.2,Net Banking,Delivered
ORD008853,2024-01-23,CUST0064,PROD0007,SELL005,1,0.0,Credit Card,Returned
ORD008854,2024-02-23,CUST0942,PROD0141,SELL056,1,0.15,UPI,Shipped
ORD008855,2025-08-16,CUST0040,PROD0115,SELL016,3,0.1,COD,Delivered
ORD008856,2025-07-29,CUST0387,PROD0144,SELL057,2,0.2,Net Banking,Delivered
ORD008857,2025-07-18,CUST0634,PROD0011,SELL041,4,0.1,UPI,Cancelled
ORD008858,2024-04-02,CUST0585,PROD0180,SELL035,4,0.15,Net Banking,Delivered
ORD008859,2024-05-04,CUST0638,PROD0146,SELL032,4,0.15,Net Banking,Delivered
ORD008860,2024-10-15,CUST1190,PROD0135,SELL049,2,0.15,COD,Returned
ORD008861,2024-06-17,CUST1025,PROD0096,SELL030,3,0.0,Credit Card,Returned
ORD008862,2024-10-09,CUST0219,PROD0037,SELL010,2,0.0,Net Banking,Delivered
ORD008863,2025-02-12,CUST0716,PROD0177,SELL047,4,0.0,COD,Cancelled
ORD008864,2024-07-23,CUST1118,PROD0027,SELL048,3,0.0,Net Banking,Delivered
ORD008865,2024-03-31,CUST0227,PROD0037,SELL050,2,0.15,Debit Card,Returned
ORD008866,2024-10-21,CUST0793,PROD0027,SELL014,1,0.05,COD,Returned
ORD008867,2025-06-12,CUST0481,PROD0127,SELL036,1,0.15,Net Banking,Returned
ORD008868,2025-03-27,CUST1188,PROD0107,SELL051,4,0.05,Credit Card,Cancelled
ORD008869,2024-08-22,CUST1099,PROD0089,SELL039,1,0.05,COD,Delivered
ORD008870,2024-08-15,CUST0732,PROD0001,SELL038,4,0.1,Credit Card,Shipped
ORD008871,2025-03-02,CUST0768,PROD0065,SELL022,4,0.05,Debit Card,Delivered
ORD008872,2024-05-06,CUST1111,PROD0162,SELL054,4,0.1,UPI,Shipped
ORD008873,2025-09-01,CUST1110,PROD0161,SELL046,4,0.0,UPI,Delivered
ORD008874,2025-09-27,CUST0223,PROD0043,SELL037,3,0.05,COD,Returned
ORD008875,2024-01-19,CUST0960,PROD0061,SELL032,1,0.25,Credit Card,Shipped
ORD008876,2025-12-10,CUST0508,PROD0005,SELL062,4,0.0,UPI,Delivered
ORD008877,2024-01-18,CUST0521,PROD0032,SELL021,3,0.1,Net Banking,Cancelled
ORD008878,2024-12-01,CUST1192,PROD0110,SELL074,1,0.0,Credit Card,Delivered
ORD008879,2025-05-02,CUST1141,PROD0139,SELL037,2,0.1,COD,Delivered
ORD008880,2024-08-27,CUST1161,PROD0128,SELL048,1,0.1,UPI,Delivered
ORD008881,2024-05-28,CUST0723,PROD0140,SELL019,2,0.1,UPI,Cancelled
ORD008882,2024-02-04,CUST0110,PROD0097,SELL014,1,0.2,Debit Card,Shipped
ORD008883,2025-06-15,CUST0155,PROD0141,SELL001,2,0.1,UPI,Cancelled
ORD008884,2024-01-27,CUST1008,PROD0019,SELL047,2,0.15,Debit Card,Shipped
ORD008885,2024-12-19,CUST1098,PROD0091,SELL080,3,0.0,UPI,Shipped
ORD008886,2024-10-14,CUST0534,PROD0006,SELL007,1,0.1,Net Banking,Delivered
ORD008887,2025-12-08,CUST0247,PROD0038,SELL065,3,0.05,UPI,Shipped
ORD008888,2025-11-11,CUST0119,PROD0116,SELL001,1,0.05,Net Banking,Returned
ORD008889,2025-08-20,CUST0745,PROD0008,SELL073,1,0.0,Net Banking,Delivered
ORD008890,2025-06-18,CUST0206,PROD0046,SELL072,2,0.2,Credit Card,Returned
ORD008891,2025-01-31,CUST0273,PROD0153,SELL064,3,0.1,Credit Card,Delivered
ORD008892,2024-09-12,CUST0117,PROD0145,SELL013,4,0.1,UPI,Delivered
ORD008893,2024-05-01,CUST0671,PROD0165,SELL007,2,0.2,UPI,Cancelled
ORD008894,2025-12-08,CUST0401,PROD0029,SELL062,4,0.05,COD,Delivered
ORD008895,2024-10-08,CUST0926,PROD0132,SELL003,3,0.05,Credit Card,Cancelled
ORD008896,2024-11-09,CUST0663,PROD0177,SELL067,4,0.15,Credit Card,Shipped
ORD008897,2024-04-13,CUST0974,PROD0067,SELL071,2,0.1,Debit Card,Delivered
ORD008898,2024-07-21,CUST0485,PROD0044,SELL043,2,0.0,Debit Card,Delivered
ORD008899,2025-04-08,CUST0769,PROD0179,SELL045,4,0.0,Net Banking,Shipped
ORD008900,2024-11-07,CUST0104,PROD0100,SELL016,3,0.1,Credit Card,Returned
ORD008901,2025-03-04,CUST1109,PROD0085,SELL079,2,0.0,Credit Card,Delivered
ORD008902,2024-06-03,CUST0639,PROD0177,SELL079,3,0.05,UPI,Cancelled
ORD008903,2024-02-29,CUST0420,PROD0004,SELL072,3,0.1,Net Banking,Cancelled
ORD008904,2025-10-09,CUST0325,PROD0058,SELL023,3,0.25,COD,Returned
ORD008905,2024-11-11,CUST0524,PROD0047,SELL069,4,0.0,Credit Card,Delivered
ORD008906,2024-09-21,CUST0445,PROD0113,SELL072,1,0.15,UPI,Delivered
ORD008907,2024-07-28,CUST1071,PROD0132,SELL015,2,0.0,COD,Delivered
ORD008908,2025-04-25,CUST1000,PROD0087,SELL035,2,0.05,COD,Delivered
ORD008909,2025-02-15,CUST0700,PROD0020,SELL078,2,0.2,UPI,Delivered
ORD008910,2024-10-11,CUST0188,PROD0133,SELL080,2,0.05,Debit Card,Delivered
ORD008911,2025-11-11,CUST1100,PROD0092,SELL074,3,0.2,Net Banking,Cancelled
ORD008912,2025-10-21,CUST0191,PROD0005,SELL038,1,0.15,Net Banking,Delivered
ORD008913,2024-05-25,CUST0999,PROD0158,SELL057,3,0.0,Debit Card,Shipped
ORD008914,2025-04-14,CUST0820,PROD0053,SELL034,4,0.15,UPI,Delivered
ORD008915,2025-12-08,CUST0732,PROD0163,SELL054,2,0.1,Debit Card,Cancelled
ORD008916,2024-12-22,CUST1080,PROD0040,SELL076,4,0.0,UPI,Returned
ORD008917,2024-01-23,CUST0436,PROD0176,SELL015,3,0.15,Credit Card,Returned
ORD008918,2024-04-06,CUST0517,PROD0057,SELL051,4,0.0,Credit Card,Delivered
ORD008919,2025-05-03,CUST0971,PROD0140,SELL064,2,0.05,Debit Card,Delivered
ORD008920,2025-10-21,CUST0211,PROD0049,SELL044,2,0.2,UPI,Delivered
ORD008921,2024-04-03,CUST1091,PROD0148,SELL027,1,0.1,UPI,Delivered
ORD008922,2025-02-03,CUST0852,PROD0007,SELL036,4,0.05,Net Banking,Delivered
ORD008923,2024-12-29,CUST0876,PROD0034,SELL071,4,0.15,Debit Card,Returned
ORD008924,2024-07-27,CUST1133,PROD0152,SELL071,3,0.2,COD,Returned
ORD008925,2025-04-06,CUST0203,PROD0117,SELL067,3,0.05,Credit Card,Delivered
ORD008926,2025-10-03,CUST1027,PROD0063,SELL079,3,0.2,COD,Returned
ORD008927,2024-06-23,CUST0337,PROD0042,SELL026,1,0.25,Credit Card,Delivered
ORD008928,2024-02-09,CUST1105,PROD0170,SELL003,2,0.05,Debit Card,Shipped
ORD008929,2024-09-19,CUST0742,PROD0012,SELL047,3,0.1,Credit Card,Returned
ORD008930,2024-08-17,CUST1002,PROD0171,SELL005,1,0.0,UPI,Delivered
ORD008931,2025-06-15,CUST0595,PROD0162,SELL063,4,0.15,Net Banking,Cancelled
ORD008932,2025-01-27,CUST0732,PROD0158,SELL055,3,0.1,Net Banking,Shipped
ORD008933,2024-01-14,CUST0018,PROD0040,SELL021,2,0.1,Net Banking,Delivered
ORD008934,2024-09-05,CUST0225,PROD0080,SELL033,1,0.15,Debit Card,Delivered
ORD008935,2025-06-21,CUST0384,PROD0007,SELL046,3,0.1,COD,Delivered
ORD008936,2024-12-14,CUST0505,PROD0074,SELL063,1,0.15,COD,Delivered
ORD008937,2025-02-15,CUST0775,PROD0122,SELL045,2,0.0,Debit Card,Delivered
ORD008938,2024-07-12,CUST0501,PROD0037,SELL020,1,0.2,Net Banking,Shipped
ORD008939,2024-08-21,CUST0873,PROD0073,SELL023,3,0.15,COD,Delivered
ORD008940,2024-04-05,CUST0316,PROD0016,SELL036,3,0.15,Credit Card,Cancelled
ORD008941,2024-02-29,CUST1075,PROD0085,SELL068,2,0.1,Credit Card,Cancelled
ORD008942,2024-01-27,CUST0846,PROD0154,SELL014,1,0.05,Debit Card,Delivered
ORD008943,2025-04-01,CUST0666,PROD0086,SELL051,2,0.15,Net Banking,Cancelled
ORD008944,2024-04-25,CUST0607,PROD0071,SELL061,3,0.05,Credit Card,Shipped
ORD008945,2025-02-23,CUST0350,PROD0039,SELL029,4,0.05,Net Banking,Returned
ORD008946,2025-11-27,CUST0491,PROD0015,SELL033,2,0.1,COD,Delivered
ORD008947,2025-05-24,CUST0287,PROD0133,SELL040,2,0.15,Debit Card,Delivered
ORD008948,2025-02-24,CUST1198,PROD0138,SELL037,1,0.15,UPI,Delivered
ORD008949,2024-03-26,CUST0614,PROD0062,SELL042,1,0.2,Credit Card,Returned
ORD008950,2024-12-23,CUST0564,PROD0060,SELL078,2,0.1,UPI,Delivered
ORD008951,2025-10-13,CUST0822,PROD0161,SELL027,3,0.0,UPI,Returned
ORD008952,2024-10-07,CUST0352,PROD0103,SELL035,2,0.05,UPI,Delivered
ORD008953,2025-08-26,CUST0116,PROD0131,SELL041,2,0.15,Debit Card,Delivered
ORD008954,2025-06-01,CUST0340,PROD0119,SELL068,2,0.15,COD,Delivered
ORD008955,2024-07-14,CUST1175,PROD0082,SELL032,3,0.1,Credit Card,Shipped
ORD008956,2024-04-13,CUST0591,PROD0041,SELL010,2,0.0,Net Banking,Delivered
ORD008957,2024-01-13,CUST1087,PROD0155,SELL002,4,0.1,Net Banking,Delivered
ORD008958,2024-07-20,CUST0843,PROD0180,SELL007,2,0.2,Net Banking,Cancelled
ORD008959,2024-08-31,CUST0641,PROD0151,SELL023,4,0.15,Debit Card,Shipped
ORD008960,2025-04-24,CUST0508,PROD0121,SELL040,1,0.25,UPI,Delivered
ORD008961,2025-02-22,CUST0162,PROD0144,SELL037,2,0.1,COD,Delivered
ORD008962,2024-12-16,CUST0094,PROD0116,SELL022,4,0.1,Net Banking,Cancelled
ORD008963,2025-06-12,CUST1054,PROD0009,SELL039,2,0.1,COD,Cancelled
ORD008964,2025-07-16,CUST1192,PROD0063,SELL066,3,0.2,Net Banking,Shipped
ORD008965,2025-06-05,CUST0269,PROD0121,SELL031,4,0.15,Credit Card,Cancelled
ORD008966,2025-10-17,CUST1139,PROD0029,SELL017,3,0.1,UPI,Delivered
ORD008967,2024-09-19,CUST0874,PROD0115,SELL020,4,0.05,COD,Delivered
ORD008968,2025-08-24,CUST0067,PROD0100,SELL077,3,0.1,Net Banking,Delivered
ORD008969,2024-11-03,CUST0032,PROD0059,SELL045,1,0.0,Net Banking,Delivered
ORD008970,2024-05-14,CUST0616,PROD0048,SELL070,1,0.0,UPI,Returned
ORD008971,2024-04-16,CUST0865,PROD0177,SELL026,2,0.15,COD,Delivered
ORD008972,2024-03-07,CUST0528,PROD0024,SELL039,3,0.05,COD,Delivered
ORD008973,2025-11-29,CUST0170,PROD0030,SELL064,3,0.1,Credit Card,Returned
ORD008974,2024-05-03,CUST0681,PROD0159,SELL003,1,0.15,Debit Card,Delivered
ORD008975,2025-09-02,CUST0219,PROD0161,SELL045,4,0.1,Credit Card,Delivered
ORD008976,2025-07-26,CUST0638,PROD0060,SELL022,4,0.0,COD,Shipped
ORD008977,2024-11-17,CUST1124,PROD0096,SELL055,4,0.15,UPI,Delivered
ORD008978,2025-10-30,CUST0714,PROD0032,SELL012,2,0.0,UPI,Shipped
ORD008979,2025-10-25,CUST1029,PROD0057,SELL004,1,0.05,UPI,Shipped
ORD008980,2025-11-07,CUST0691,PROD0030,SELL077,4,0.05,Debit Card,Delivered
ORD008981,2024-12-29,CUST0210,PROD0022,SELL036,2,0.05,Credit Card,Cancelled
ORD008982,2024-08-05,CUST1178,PROD0043,SELL064,3,0.05,Net Banking,Cancelled
ORD008983,2024-02-02,CUST0818,PROD0048,SELL069,2,0.2,Debit Card,Delivered
ORD008984,2025-09-06,CUST0876,PROD0087,SELL057,1,0.0,Net Banking,Delivered
ORD008985,2025-09-30,CUST0817,PROD0016,SELL031,4,0.15,Net Banking,Returned
ORD008986,2025-01-26,CUST0451,PROD0145,SELL074,2,0.05,UPI,Returned
ORD008987,2024-02-21,CUST0580,PROD0174,SELL068,2,0.0,Debit Card,Shipped
ORD008988,2025-08-24,CUST0437,PROD0026,SELL046,2,0.1,COD,Delivered
ORD008989,2024-08-06,CUST0823,PROD0121,SELL007,3,0.1,Credit Card,Returned
ORD008990,2025-02-04,CUST0029,PROD0106,SELL040,4,0.25,UPI,Returned
ORD008991,2025-04-27,CUST0348,PROD0011,SELL066,4,0.15,COD,Returned
ORD008992,2024-04-16,CUST0780,PROD0123,SELL007,4,0.05,Debit Card,Delivered
ORD008993,2024-02-15,CUST0975,PROD0044,SELL038,1,0.2,Net Banking,Delivered
ORD008994,2024-02-27,CUST0880,PROD0130,SELL029,3,0.1,Debit Card,Shipped
ORD008995,2025-12-02,CUST0185,PROD0158,SELL049,2,0.0,COD,Delivered
ORD008996,2025-11-30,CUST0895,PROD0095,SELL046,4,0.1,Debit Card,Delivered
ORD008997,2024-11-08,CUST0714,PROD0153,SELL077,2,0.15,UPI,Delivered
ORD008998,2024-11-07,CUST0090,PROD0061,SELL034,2,0.25,Net Banking,Cancelled
ORD008999,2024-10-24,CUST0760,PROD0109,SELL067,3,0.15,Credit Card,Delivered
ORD009000,2024-09-13,CUST0347,PROD0117,SELL059,1,0.0,Net Banking,Delivered
ORD009001,2025-02-01,CUST0894,PROD0150,SELL075,3,0.2,Debit Card,Delivered
ORD009002,2024-09-17,CUST0802,PROD0161,SELL003,4,0.0,UPI,Shipped
ORD009003,2025-03-26,CUST0668,PROD0010,SELL055,1,0.15,Net Banking,Delivered
ORD009004,2024-10-04,CUST1006,PROD0050,SELL060,2,0.05,Net Banking,Delivered
ORD009005,2025-04-05,CUST1095,PROD0161,SELL012,2,0.2,Net Banking,Returned
ORD009006,2025-11-21,CUST0406,PROD0021,SELL058,2,0.2,Debit Card,Cancelled
ORD009007,2024-05-30,CUST0742,PROD0139,SELL060,4,0.2,UPI,Delivered
ORD009008,2024-02-15,CUST0599,PROD0071,SELL027,4,0.0,UPI,Cancelled
ORD009009,2025-01-19,CUST1031,PROD0036,SELL066,4,0.0,UPI,Delivered
ORD009010,2024-03-28,CUST1000,PROD0043,SELL020,1,0.0,Net Banking,Shipped
ORD009011,2024-06-18,CUST0967,PROD0037,SELL022,2,0.15,Credit Card,Returned
ORD009012,2025-07-31,CUST0330,PROD0112,SELL059,4,0.1,Debit Card,Delivered
ORD009013,2024-11-01,CUST0490,PROD0083,SELL032,3,0.05,Credit Card,Delivered
ORD009014,2025-02-05,CUST0754,PROD0111,SELL017,4,0.15,UPI,Returned
ORD009015,2025-07-21,CUST0642,PROD0009,SELL068,2,0.1,Net Banking,Returned
ORD009016,2024-04-03,CUST0931,PROD0103,SELL049,2,0.15,UPI,Shipped
ORD009017,2024-12-15,CUST0154,PROD0061,SELL014,1,0.1,Credit Card,Shipped
ORD009018,2024-01-26,CUST0478,PROD0004,SELL059,3,0.0,Credit Card,Returned
ORD009019,2024-12-30,CUST0327,PROD0143,SELL013,2,0.1,UPI,Cancelled
ORD009020,2024-06-12,CUST0466,PROD0085,SELL042,4,0.05,Debit Card,Shipped
ORD009021,2025-10-28,CUST0278,PROD0173,SELL050,4,0.05,Net Banking,Delivered
ORD009022,2024-07-09,CUST0185,PROD0102,SELL016,4,0.05,Debit Card,Cancelled
ORD009023,2024-05-26,CUST0367,PROD0081,SELL057,1,0.0,UPI,Shipped
ORD009024,2024-01-11,CUST0490,PROD0157,SELL009,3,0.1,Debit Card,Shipped
ORD009025,2024-04-07,CUST0115,PROD0004,SELL062,3,0.15,COD,Delivered
ORD009026,2024-06-06,CUST0951,PROD0074,SELL079,2,0.1,Net Banking,Shipped
ORD009027,2024-06-15,CUST0825,PROD0032,SELL002,3,0.1,Credit Card,Delivered
ORD009028,2025-06-23,CUST0624,PROD0153,SELL070,4,0.15,UPI,Delivered
ORD009029,2025-10-10,CUST0495,PROD0038,SELL014,3,0.15,UPI,Shipped
ORD009030,2025-09-17,CUST0997,PROD0177,SELL005,3,0.0,UPI,Returned
ORD009031,2025-11-30,CUST0824,PROD0033,SELL007,4,0.05,UPI,Delivered
ORD009032,2025-10-18,CUST0264,PROD0096,SELL013,2,0.15,UPI,Delivered
ORD009033,2024-11-28,CUST0950,PROD0010,SELL045,1,0.15,Net Banking,Returned
ORD009034,2024-10-12,CUST0197,PROD0042,SELL062,4,0.15,Net Banking,Cancelled
ORD009035,2025-04-19,CUST0417,PROD0035,SELL050,4,0.1,UPI,Delivered
ORD009036,2024-08-21,CUST1196,PROD0073,SELL019,4,0.0,Credit Card,Returned
ORD009037,2025-03-17,CUST1184,PROD0132,SELL012,3,0.1,UPI,Delivered
ORD009038,2025-12-31,CUST0504,PROD0094,SELL062,2,0.15,Credit Card,Delivered
ORD009039,2024-05-24,CUST0762,PROD0095,SELL004,1,0.15,UPI,Delivered
ORD009040,2025-07-16,CUST0771,PROD0047,SELL055,4,0.15,UPI,Delivered
ORD009041,2025-11-14,CUST1014,PROD0061,SELL071,1,0.0,Net Banking,Returned
ORD009042,2025-01-27,CUST0220,PROD0167,SELL042,2,0.2,COD,Shipped
ORD009043,2024-09-17,CUST0937,PROD0061,SELL049,3,0.1,Credit Card,Shipped
ORD009044,2024-07-05,CUST0493,PROD0160,SELL068,4,0.15,COD,Delivered
ORD009045,2024-05-02,CUST0837,PROD0017,SELL024,3,0.15,UPI,Cancelled
ORD009046,2024-08-22,CUST0404,PROD0111,SELL080,2,0.1,COD,Delivered
ORD009047,2025-06-29,CUST0639,PROD0047,SELL071,4,0.0,Credit Card,Delivered
ORD009048,2025-01-11,CUST0166,PROD0073,SELL014,3,0.05,Net Banking,Delivered
ORD009049,2024-06-10,CUST0382,PROD0152,SELL062,4,0.0,Net Banking,Delivered
ORD009050,2025-01-31,CUST0315,PROD0020,SELL077,1,0.2,COD,Shipped
ORD009051,2025-08-14,CUST0701,PROD0045,SELL026,3,0.1,UPI,Delivered
ORD009052,2024-01-10,CUST1107,PROD0125,SELL071,3,0.2,Debit Card,Delivered
ORD009053,2024-01-16,CUST0929,PROD0019,SELL018,3,0.0,Net Banking,Cancelled
ORD009054,2025-12-02,CUST0998,PROD0020,SELL061,3,0.2,UPI,Cancelled
ORD009055,2025-06-30,CUST0339,PROD0159,SELL040,1,0.15,Credit Card,Shipped
ORD009056,2025-02-24,CUST0124,PROD0112,SELL020,3,0.05,Credit Card,Delivered
ORD009057,2025-10-24,CUST0314,PROD0048,SELL037,1,0.1,COD,Shipped
ORD009058,2025-03-06,CUST0487,PROD0012,SELL009,2,0.2,UPI,Delivered
ORD009059,2025-01-15,CUST0344,PROD0070,SELL010,4,0.05,Credit Card,Delivered
ORD009060,2024-06-03,CUST0915,PROD0078,SELL056,1,0.25,Credit Card,Delivered
ORD009061,2025-08-15,CUST0912,PROD0138,SELL046,4,0.2,COD,Delivered
ORD009062,2025-07-13,CUST0667,PROD0020,SELL072,2,0.1,Debit Card,Returned
ORD009063,2024-08-04,CUST0426,PROD0126,SELL033,2,0.1,COD,Delivered
ORD009064,2025-06-22,CUST0728,PROD0057,SELL062,1,0.15,UPI,Delivered
ORD009065,2025-06-15,CUST0931,PROD0027,SELL019,1,0.15,Credit Card,Delivered
ORD009066,2024-03-10,CUST0511,PROD0066,SELL047,3,0.2,UPI,Delivered
ORD009067,2024-04-27,CUST0812,PROD0017,SELL035,2,0.15,Net Banking,Shipped
ORD009068,2025-03-10,CUST0784,PROD0135,SELL072,1,0.1,Credit Card,Delivered
ORD009069,2025-03-31,CUST0153,PROD0161,SELL014,3,0.15,Debit Card,Shipped
ORD009070,2025-04-26,CUST0144,PROD0147,SELL029,3,0.1,COD,Cancelled
ORD009071,2024-09-29,CUST0630,PROD0156,SELL008,3,0.1,Net Banking,Delivered
ORD009072,2025-09-02,CUST0187,PROD0153,SELL026,2,0.05,UPI,Returned
ORD009073,2024-11-21,CUST0407,PROD0173,SELL022,3,0.1,Credit Card,Shipped
ORD009074,2024-05-30,CUST0570,PROD0098,SELL014,2,0.0,Credit Card,Returned
ORD009075,2024-03-25,CUST0979,PROD0117,SELL039,4,0.05,Credit Card,Delivered
ORD009076,2025-10-03,CUST0663,PROD0018,SELL073,4,0.05,UPI,Returned
ORD009077,2025-05-31,CUST1118,PROD0075,SELL061,1,0.25,Credit Card,Delivered
ORD009078,2024-12-03,CUST0599,PROD0069,SELL042,1,0.2,UPI,Delivered
ORD009079,2024-06-01,CUST0482,PROD0117,SELL055,1,0.0,Debit Card,Delivered
ORD009080,2024-03-11,CUST0250,PROD0063,SELL071,3,0.15,Credit Card,Delivered
ORD009081,2024-04-21,CUST0788,PROD0035,SELL022,1,0.15,COD,Shipped
ORD009082,2024-03-18,CUST0709,PROD0029,SELL052,4,0.15,UPI,Delivered
ORD009083,2025-01-21,CUST0441,PROD0034,SELL060,4,0.2,Debit Card,Delivered
ORD009084,2024-05-24,CUST0131,PROD0025,SELL067,2,0.25,UPI,Cancelled
ORD009085,2024-04-03,CUST0962,PROD0119,SELL023,2,0.15,UPI,Delivered
ORD009086,2024-07-25,CUST0013,PROD0115,SELL037,2,0.2,Debit Card,Shipped
ORD009087,2025-05-26,CUST0735,PROD0067,SELL012,4,0.05,Net Banking,Delivered
ORD009088,2024-12-28,CUST0132,PROD0006,SELL001,1,0.1,Net Banking,Delivered
ORD009089,2024-04-22,CUST0845,PROD0075,SELL044,1,0.25,Debit Card,Shipped
ORD009090,2025-07-01,CUST0884,PROD0121,SELL078,3,0.1,UPI,Delivered
ORD009091,2024-12-23,CUST0744,PROD0084,SELL033,1,0.1,Credit Card,Delivered
ORD009092,2024-05-16,CUST0716,PROD0069,SELL001,4,0.1,Credit Card,Delivered
ORD009093,2025-05-20,CUST0072,PROD0072,SELL047,2,0.0,UPI,Cancelled
ORD009094,2025-12-26,CUST0513,PROD0108,SELL060,2,0.2,UPI,Delivered
ORD009095,2025-01-29,CUST0180,PROD0110,SELL018,4,0.0,Debit Card,Cancelled
ORD009096,2024-04-28,CUST0898,PROD0059,SELL058,3,0.05,UPI,Cancelled
ORD009097,2024-08-14,CUST1194,PROD0074,SELL052,4,0.15,UPI,Returned
ORD009098,2025-03-14,CUST0518,PROD0040,SELL051,3,0.0,Net Banking,Cancelled
ORD009099,2025-12-31,CUST1147,PROD0031,SELL068,1,0.05,COD,Delivered
ORD009100,2025-11-10,CUST0541,PROD0080,SELL067,2,0.15,Credit Card,Cancelled
ORD009101,2025-11-13,CUST0222,PROD0116,SELL063,2,0.1,Credit Card,Delivered
ORD009102,2025-08-31,CUST1108,PROD0084,SELL034,1,0.15,COD,Delivered
ORD009103,2025-02-24,CUST0873,PROD0033,SELL014,2,0.1,Credit Card,Shipped
ORD009104,2025-04-18,CUST0901,PROD0022,SELL029,1,0.05,Credit Card,Delivered
ORD009105,2025-06-20,CUST0790,PROD0078,SELL022,1,0.0,Debit Card,Delivered
ORD009106,2025-06-07,CUST0440,PROD0099,SELL020,1,0.05,Credit Card,Delivered
ORD009107,2025-04-11,CUST1144,PROD0171,SELL021,3,0.15,Debit Card,Shipped
ORD009108,2024-04-08,CUST0446,PROD0097,SELL071,4,0.0,Net Banking,Shipped
ORD009109,2025-10-05,CUST0310,PROD0065,SELL062,3,0.25,Net Banking,Delivered
ORD009110,2024-01-08,CUST1021,PROD0085,SELL020,4,0.1,COD,Shipped
ORD009111,2024-11-07,CUST0623,PROD0134,SELL012,2,0.1,UPI,Shipped
ORD009112,2024-11-13,CUST1072,PROD0139,SELL080,3,0.0,Debit Card,Delivered
ORD009113,2025-12-29,CUST0911,PROD0159,SELL049,4,0.05,Debit Card,Delivered
ORD009114,2024-03-06,CUST0332,PROD0033,SELL008,4,0.2,UPI,Delivered
ORD009115,2024-12-13,CUST0343,PROD0177,SELL058,1,0.1,UPI,Returned
ORD009116,2024-09-18,CUST0940,PROD0114,SELL009,2,0.1,Debit Card,Returned
ORD009117,2024-03-12,CUST0855,PROD0075,SELL076,2,0.15,Debit Card,Delivered
ORD009118,2024-06-12,CUST0262,PROD0029,SELL061,1,0.15,UPI,Delivered
ORD009119,2024-11-04,CUST0136,PROD0115,SELL047,2,0.2,Debit Card,Shipped
ORD009120,2025-10-31,CUST0958,PROD0089,SELL009,2,0.2,Credit Card,Delivered
ORD009121,2024-10-10,CUST1176,PROD0172,SELL004,3,0.1,Net Banking,Shipped
ORD009122,2025-10-05,CUST1139,PROD0046,SELL034,1,0.05,Debit Card,Shipped
ORD009123,2025-06-20,CUST0005,PROD0056,SELL030,2,0.05,Credit Card,Cancelled
ORD009124,2025-08-21,CUST0717,PROD0130,SELL059,1,0.1,COD,Shipped
ORD009125,2025-09-16,CUST1190,PROD0132,SELL008,1,0.2,Net Banking,Returned
ORD009126,2025-06-05,CUST0650,PROD0007,SELL057,3,0.0,COD,Shipped
ORD009127,2025-06-20,CUST0218,PROD0034,SELL014,3,0.2,UPI,Delivered
ORD009128,2024-04-22,CUST0594,PROD0096,SELL027,3,0.1,Credit Card,Returned
ORD009129,2025-06-08,CUST0544,PROD0131,SELL021,3,0.0,Credit Card,Returned
ORD009130,2024-02-05,CUST0615,PROD0110,SELL071,1,0.1,Credit Card,Shipped
ORD009131,2025-06-23,CUST0712,PROD0076,SELL028,3,0.1,Debit Card,Delivered
ORD009132,2025-04-22,CUST0429,PROD0122,SELL042,2,0.1,Credit Card,Delivered
ORD009133,2025-07-07,CUST0961,PROD0057,SELL051,3,0.0,Credit Card,Delivered
ORD009134,2025-04-14,CUST0150,PROD0078,SELL017,3,0.25,Debit Card,Cancelled
ORD009135,2024-09-26,CUST0456,PROD0110,SELL027,1,0.05,Credit Card,Delivered
ORD009136,2024-09-27,CUST1058,PROD0175,SELL016,3,0.25,COD,Delivered
ORD009137,2025-03-11,CUST0001,PROD0137,SELL008,3,0.05,COD,Returned
ORD009138,2024-12-11,CUST0021,PROD0005,SELL073,3,0.05,Net Banking,Delivered
ORD009139,2024-09-05,CUST1003,PROD0098,SELL036,3,0.05,UPI,Delivered
ORD009140,2024-12-23,CUST0803,PROD0048,SELL055,1,0.1,UPI,Delivered
ORD009141,2025-01-27,CUST0672,PROD0007,SELL030,3,0.1,Debit Card,Cancelled
ORD009142,2024-06-24,CUST0274,PROD0033,SELL059,1,0.1,Debit Card,Delivered
ORD009143,2025-04-11,CUST0141,PROD0077,SELL018,4,0.05,UPI,Cancelled
ORD009144,2024-08-17,CUST0719,PROD0071,SELL077,2,0.1,UPI,Shipped
ORD009145,2024-07-14,CUST0558,PROD0025,SELL064,2,0.0,COD,Delivered
ORD009146,2024-11-01,CUST0925,PROD0104,SELL011,4,0.1,Net Banking,Delivered
ORD009147,2024-03-16,CUST0152,PROD0164,SELL068,4,0.25,Credit Card,Delivered
ORD009148,2025-03-16,CUST0073,PROD0127,SELL074,4,0.1,UPI,Delivered
ORD009149,2025-06-20,CUST1070,PROD0160,SELL046,2,0.1,Credit Card,Returned
ORD009150,2025-11-29,CUST1088,PROD0032,SELL035,3,0.2,UPI,Delivered
ORD009151,2024-07-26,CUST0741,PROD0020,SELL034,3,0.05,COD,Cancelled
ORD009152,2025-01-28,CUST0084,PROD0126,SELL017,2,0.15,COD,Delivered
ORD009153,2025-01-03,CUST0874,PROD0049,SELL044,4,0.15,Net Banking,Shipped
ORD009154,2025-06-18,CUST0688,PROD0137,SELL070,4,0.15,COD,Delivered
ORD009155,2025-04-01,CUST0869,PROD0146,SELL050,3,0.15,COD,Delivered
ORD009156,2025-08-12,CUST0612,PROD0016,SELL069,4,0.25,COD,Delivered
ORD009157,2025-09-13,CUST0585,PROD0051,SELL001,2,0.15,UPI,Shipped
ORD009158,2024-03-23,CUST1145,PROD0074,SELL075,3,0.05,UPI,Returned
ORD009159,2024-09-16,CUST0673,PROD0093,SELL014,3,0.15,Credit Card,Delivered
ORD009160,2025-04-22,CUST0619,PROD0128,SELL013,2,0.05,COD,Delivered
ORD009161,2025-02-01,CUST0450,PROD0026,SELL002,4,0.0,Debit Card,Delivered
ORD009162,2024-12-18,CUST0046,PROD0081,SELL027,1,0.05,COD,Shipped
ORD009163,2024-05-06,CUST0228,PROD0107,SELL039,4,0.05,Credit Card,Delivered
ORD009164,2025-02-22,CUST1193,PROD0075,SELL012,2,0.15,Debit Card,Delivered
ORD009165,2025-06-25,CUST0326,PROD0095,SELL031,1,0.15,COD,Shipped
ORD009166,2024-01-29,CUST0386,PROD0049,SELL011,2,0.0,Net Banking,Delivered
ORD009167,2025-03-08,CUST1036,PROD0175,SELL077,4,0.05,Net Banking,Returned
ORD009168,2025-10-24,CUST0794,PROD0090,SELL031,3,0.15,Debit Card,Cancelled
ORD009169,2025-02-23,CUST0500,PROD0068,SELL012,3,0.1,UPI,Shipped
ORD009170,2025-11-27,CUST0012,PROD0133,SELL035,2,0.1,Debit Card,Returned
ORD009171,2024-09-14,CUST0904,PROD0010,SELL032,3,0.05,Debit Card,Cancelled
ORD009172,2024-01-03,CUST0312,PROD0091,SELL060,4,0.1,Net Banking,Delivered
ORD009173,2025-05-13,CUST0154,PROD0110,SELL063,3,0.1,UPI,Delivered
ORD009174,2024-06-04,CUST0671,PROD0078,SELL070,1,0.05,Credit Card,Delivered
ORD009175,2024-01-08,CUST0438,PROD0128,SELL028,2,0.1,UPI,Returned
ORD009176,2024-05-11,CUST0441,PROD0021,SELL043,2,0.1,Credit Card,Delivered
ORD009177,2025-11-13,CUST0208,PROD0020,SELL073,3,0.0,COD,Returned
ORD009178,2025-07-25,CUST0745,PROD0083,SELL006,3,0.05,COD,Shipped
ORD009179,2024-07-20,CUST0550,PROD0002,SELL017,2,0.15,Debit Card,Delivered
ORD009180,2025-03-13,CUST0050,PROD0038,SELL027,3,0.2,Net Banking,Delivered
ORD009181,2024-09-05,CUST0068,PROD0072,SELL020,4,0.0,COD,Returned
ORD009182,2024-05-09,CUST0458,PROD0022,SELL062,2,0.05,UPI,Returned
ORD009183,2025-12-23,CUST0791,PROD0084,SELL006,3,0.15,Credit Card,Delivered
ORD009184,2025-08-18,CUST0266,PROD0163,SELL013,3,0.15,UPI,Cancelled
ORD009185,2024-09-22,CUST1186,PROD0131,SELL012,3,0.15,Credit Card,Cancelled
ORD009186,2024-09-15,CUST0829,PROD0026,SELL054,3,0.15,UPI,Delivered
ORD009187,2025-08-19,CUST0197,PROD0060,SELL027,1,0.25,COD,Returned
ORD009188,2024-12-02,CUST0380,PROD0069,SELL060,1,0.1,Net Banking,Delivered
ORD009189,2024-10-02,CUST0810,PROD0065,SELL032,1,0.2,Net Banking,Delivered
ORD009190,2024-10-10,CUST0856,PROD0004,SELL056,3,0.15,Debit Card,Delivered
ORD009191,2024-11-22,CUST1032,PROD0140,SELL032,3,0.1,UPI,Returned
ORD009192,2025-01-16,CUST0450,PROD0150,SELL075,1,0.15,Net Banking,Delivered
ORD009193,2024-01-30,CUST0116,PROD0170,SELL068,2,0.15,UPI,Delivered
ORD009194,2024-12-16,CUST0528,PROD0058,SELL043,4,0.05,Debit Card,Delivered
ORD009195,2024-11-17,CUST0729,PROD0134,SELL050,3,0.05,UPI,Returned
ORD009196,2024-07-19,CUST0021,PROD0011,SELL032,2,0.05,Debit Card,Delivered
ORD009197,2024-09-16,CUST0660,PROD0053,SELL022,4,0.15,COD,Delivered
ORD009198,2024-11-06,CUST0356,PROD0137,SELL058,1,0.15,Credit Card,Cancelled
ORD009199,2024-09-24,CUST0404,PROD0068,SELL025,3,0.05,Credit Card,Delivered
ORD009200,2025-10-25,CUST0524,PROD0049,SELL065,2,0.15,Debit Card,Delivered
ORD009201,2025-01-21,CUST0624,PROD0172,SELL044,3,0.0,Credit Card,Delivered
ORD009202,2025-01-02,CUST0721,PROD0152,SELL069,2,0.15,Credit Card,Delivered
ORD009203,2024-07-11,CUST0460,PROD0115,SELL062,2,0.15,UPI,Delivered
ORD009204,2025-10-31,CUST1006,PROD0158,SELL077,1,0.0,Net Banking,Delivered
ORD009205,2024-01-17,CUST0450,PROD0046,SELL040,2,0.1,UPI,Shipped
ORD009206,2025-02-06,CUST0731,PROD0063,SELL031,3,0.05,Debit Card,Shipped
ORD009207,2024-05-03,CUST0120,PROD0054,SELL036,4,0.15,Net Banking,Cancelled
ORD009208,2025-07-16,CUST0977,PROD0022,SELL078,4,0.25,Net Banking,Shipped
ORD009209,2024-10-03,CUST0956,PROD0058,SELL069,1,0.15,Debit Card,Returned
ORD009210,2024-08-02,CUST1154,PROD0098,SELL028,3,0.05,UPI,Delivered
ORD009211,2024-02-12,CUST0338,PROD0121,SELL058,2,0.15,COD,Cancelled
ORD009212,2025-07-31,CUST0280,PROD0059,SELL005,2,0.15,COD,Delivered
ORD009213,2024-10-16,CUST0095,PROD0131,SELL058,3,0.0,Debit Card,Shipped
ORD009214,2024-07-12,CUST1011,PROD0031,SELL003,1,0.2,Debit Card,Delivered
ORD009215,2025-09-09,CUST0119,PROD0146,SELL006,1,0.05,COD,Returned
ORD009216,2024-01-15,CUST0402,PROD0096,SELL026,4,0.05,Net Banking,Delivered
ORD009217,2024-12-08,CUST0660,PROD0151,SELL045,3,0.15,Net Banking,Delivered
ORD009218,2024-04-27,CUST1150,PROD0136,SELL035,1,0.1,UPI,Cancelled
ORD009219,2024-04-02,CUST0183,PROD0015,SELL055,1,0.15,UPI,Cancelled
ORD009220,2024-01-16,CUST1005,PROD0021,SELL050,4,0.1,Credit Card,Shipped
ORD009221,2024-05-16,CUST0815,PROD0163,SELL018,1,0.1,UPI,Shipped
ORD009222,2025-11-23,CUST0217,PROD0083,SELL010,3,0.05,COD,Delivered
ORD009223,2024-11-21,CUST0861,PROD0040,SELL024,3,0.05,UPI,Delivered
ORD009224,2025-12-31,CUST0032,PROD0106,SELL010,2,0.1,Debit Card,Returned
ORD009225,2024-07-14,CUST0099,PROD0070,SELL016,4,0.05,COD,Shipped
ORD009226,2025-07-11,CUST1032,PROD0007,SELL060,4,0.1,UPI,Returned
ORD009227,2024-03-06,CUST0709,PROD0019,SELL038,4,0.05,UPI,Delivered
ORD009228,2024-03-20,CUST0597,PROD0145,SELL028,3,0.1,COD,Returned
ORD009229,2024-01-12,CUST1043,PROD0119,SELL071,4,0.15,UPI,Cancelled
ORD009230,2025-10-19,CUST0279,PROD0097,SELL042,3,0.15,Credit Card,Cancelled
ORD009231,2025-05-05,CUST0365,PROD0176,SELL024,4,0.1,Net Banking,Shipped
ORD009232,2025-06-27,CUST0639,PROD0154,SELL061,3,0.0,COD,Shipped
ORD009233,2025-11-08,CUST1170,PROD0032,SELL028,3,0.1,Credit Card,Cancelled
ORD009234,2024-08-30,CUST0106,PROD0082,SELL009,4,0.0,COD,Delivered
ORD009235,2025-06-12,CUST0493,PROD0008,SELL077,3,0.1,Net Banking,Returned
ORD009236,2025-01-02,CUST0958,PROD0097,SELL016,4,0.1,COD,Delivered
ORD009237,2025-01-31,CUST1178,PROD0055,SELL005,1,0.2,UPI,Delivered
ORD009238,2025-04-28,CUST0969,PROD0171,SELL059,4,0.15,Debit Card,Delivered
ORD009239,2024-12-09,CUST0106,PROD0016,SELL039,2,0.05,Net Banking,Shipped
ORD009240,2024-01-18,CUST0568,PROD0174,SELL043,1,0.05,Net Banking,Delivered
ORD009241,2024-02-24,CUST1070,PROD0177,SELL002,4,0.0,Debit Card,Delivered
ORD009242,2025-01-01,CUST0483,PROD0146,SELL049,3,0.15,COD,Delivered
ORD009243,2025-02-20,CUST0601,PROD0087,SELL026,2,0.1,COD,Returned
ORD009244,2025-06-19,CUST0408,PROD0124,SELL016,2,0.05,Credit Card,Cancelled
ORD009245,2025-02-22,CUST0721,PROD0125,SELL080,4,0.1,Debit Card,Delivered
ORD009246,2024-05-17,CUST1159,PROD0088,SELL058,2,0.15,Net Banking,Returned
ORD009247,2024-09-25,CUST0948,PROD0099,SELL071,1,0.05,COD,Delivered
ORD009248,2024-11-20,CUST0824,PROD0001,SELL049,3,0.0,Credit Card,Delivered
ORD009249,2025-12-20,CUST0507,PROD0048,SELL038,3,0.05,COD,Delivered
ORD009250,2025-01-24,CUST0717,PROD0149,SELL065,1,0.15,Credit Card,Returned
ORD009251,2025-04-09,CUST0644,PROD0134,SELL065,4,0.05,COD,Returned
ORD009252,2025-06-21,CUST1082,PROD0086,SELL011,3,0.05,Debit Card,Delivered
ORD009253,2024-09-21,CUST0549,PROD0150,SELL016,3,0.15,UPI,Returned
ORD009254,2025-12-06,CUST0734,PROD0162,SELL052,2,0.1,COD,Delivered
ORD009255,2025-05-08,CUST1130,PROD0040,SELL065,3,0.2,COD,Delivered
ORD009256,2025-09-12,CUST0438,PROD0165,SELL004,4,0.05,Net Banking,Returned
ORD009257,2025-07-01,CUST0793,PROD0017,SELL027,4,0.0,Credit Card,Delivered
ORD009258,2025-03-30,CUST0404,PROD0012,SELL014,4,0.0,Debit Card,Cancelled
ORD009259,2024-01-23,CUST0758,PROD0146,SELL047,4,0.25,Net Banking,Delivered
ORD009260,2025-03-02,CUST0303,PROD0174,SELL053,4,0.1,Debit Card,Returned
ORD009261,2024-04-04,CUST0337,PROD0146,SELL041,4,0.1,Net Banking,Cancelled
ORD009262,2025-03-16,CUST0513,PROD0136,SELL077,3,0.0,UPI,Delivered
ORD009263,2025-05-27,CUST1144,PROD0003,SELL023,3,0.0,Credit Card,Returned
ORD009264,2025-02-02,CUST0938,PROD0136,SELL066,3,0.1,Net Banking,Returned
ORD009265,2024-08-13,CUST0061,PROD0095,SELL080,3,0.1,Debit Card,Delivered
ORD009266,2024-02-13,CUST0349,PROD0113,SELL032,1,0.25,Net Banking,Delivered
ORD009267,2025-05-05,CUST1091,PROD0080,SELL046,4,0.0,Debit Card,Delivered
ORD009268,2025-05-25,CUST0458,PROD0043,SELL004,2,0.05,UPI,Delivered
ORD009269,2024-12-15,CUST0168,PROD0015,SELL053,1,0.15,Net Banking,Delivered
ORD009270,2025-06-07,CUST0457,PROD0070,SELL004,1,0.05,Debit Card,Delivered
ORD009271,2025-07-23,CUST0419,PROD0180,SELL031,3,0.05,Debit Card,Shipped
ORD009272,2025-01-09,CUST0787,PROD0027,SELL077,1,0.2,Credit Card,Shipped
ORD009273,2024-02-04,CUST0264,PROD0087,SELL005,3,0.1,Net Banking,Shipped
ORD009274,2025-09-28,CUST0372,PROD0084,SELL079,4,0.15,Debit Card,Delivered
ORD009275,2024-12-07,CUST0221,PROD0100,SELL006,1,0.2,Credit Card,Cancelled
ORD009276,2025-05-06,CUST1159,PROD0166,SELL058,3,0.1,Net Banking,Returned
ORD009277,2025-10-27,CUST0860,PROD0120,SELL003,2,0.15,COD,Delivered
ORD009278,2024-09-22,CUST0631,PROD0118,SELL033,1,0.25,Net Banking,Delivered
ORD009279,2025-03-30,CUST1049,PROD0149,SELL036,2,0.15,COD,Shipped
ORD009280,2024-01-15,CUST0468,PROD0174,SELL054,4,0.0,UPI,Shipped
ORD009281,2025-10-08,CUST0794,PROD0097,SELL021,4,0.1,Debit Card,Delivered
ORD009282,2024-02-13,CUST1084,PROD0019,SELL010,1,0.2,Credit Card,Shipped
ORD009283,2025-01-30,CUST0507,PROD0144,SELL080,1,0.1,Debit Card,Delivered
ORD009284,2024-09-14,CUST0651,PROD0139,SELL070,1,0.05,Net Banking,Delivered
ORD009285,2024-01-27,CUST0520,PROD0093,SELL040,1,0.25,COD,Delivered
ORD009286,2024-12-03,CUST0956,PROD0140,SELL023,1,0.05,COD,Returned
ORD009287,2025-11-14,CUST1032,PROD0176,SELL006,3,0.05,Debit Card,Shipped
ORD009288,2024-05-01,CUST0973,PROD0048,SELL057,3,0.1,Credit Card,Delivered
ORD009289,2024-08-01,CUST0201,PROD0088,SELL046,4,0.15,Net Banking,Delivered
ORD009290,2024-05-18,CUST0979,PROD0168,SELL064,4,0.15,Net Banking,Delivered
ORD009291,2024-04-01,CUST0727,PROD0160,SELL058,4,0.15,COD,Returned
ORD009292,2024-06-17,CUST0679,PROD0028,SELL001,3,0.0,Credit Card,Delivered
ORD009293,2025-02-22,CUST0004,PROD0131,SELL045,1,0.1,COD,Delivered
ORD009294,2025-07-24,CUST0926,PROD0075,SELL023,3,0.05,UPI,Delivered
ORD009295,2025-05-19,CUST0306,PROD0062,SELL061,3,0.15,Debit Card,Delivered
ORD009296,2025-07-17,CUST0067,PROD0023,SELL009,2,0.25,Net Banking,Returned
ORD009297,2025-06-07,CUST0891,PROD0139,SELL034,2,0.0,Credit Card,Delivered
ORD009298,2024-10-06,CUST0450,PROD0114,SELL062,3,0.0,Net Banking,Delivered
ORD009299,2025-10-20,CUST0884,PROD0042,SELL055,4,0.2,Credit Card,Delivered
ORD009300,2024-05-05,CUST0795,PROD0089,SELL012,4,0.05,UPI,Delivered
ORD009301,2025-05-26,CUST0370,PROD0065,SELL013,2,0.15,COD,Delivered
ORD009302,2024-03-22,CUST0531,PROD0083,SELL068,3,0.15,COD,Delivered
ORD009303,2025-07-13,CUST0960,PROD0131,SELL001,4,0.1,Credit Card,Returned
ORD009304,2024-03-04,CUST0012,PROD0172,SELL043,3,0.2,UPI,Delivered
ORD009305,2024-06-07,CUST1013,PROD0070,SELL077,1,0.2,Credit Card,Delivered
ORD009306,2024-10-13,CUST0445,PROD0098,SELL026,4,0.15,UPI,Returned
ORD009307,2025-05-22,CUST0920,PROD0150,SELL016,1,0.2,UPI,Shipped
ORD009308,2024-02-03,CUST0586,PROD0109,SELL056,3,0.1,Credit Card,Delivered
ORD009309,2024-07-07,CUST0527,PROD0027,SELL044,3,0.0,Debit Card,Cancelled
ORD009310,2024-08-31,CUST0045,PROD0060,SELL075,4,0.15,Debit Card,Delivered
ORD009311,2025-06-18,CUST0357,PROD0179,SELL038,4,0.15,Net Banking,Delivered
ORD009312,2025-12-03,CUST0025,PROD0013,SELL034,4,0.15,Net Banking,Delivered
ORD009313,2025-03-24,CUST0532,PROD0086,SELL002,2,0.2,COD,Delivered
ORD009314,2025-01-05,CUST0844,PROD0045,SELL052,2,0.2,Credit Card,Delivered
ORD009315,2024-09-02,CUST0384,PROD0174,SELL005,4,0.0,UPI,Delivered
ORD009316,2025-08-24,CUST1005,PROD0162,SELL066,2,0.0,Credit Card,Delivered
ORD009317,2024-03-19,CUST0306,PROD0175,SELL038,4,0.15,Net Banking,Returned
ORD009318,2024-04-04,CUST1001,PROD0061,SELL066,4,0.05,Debit Card,Returned
ORD009319,2024-05-27,CUST1089,PROD0017,SELL058,3,0.25,Net Banking,Shipped
ORD009320,2024-07-14,CUST0086,PROD0061,SELL060,3,0.05,Net Banking,Returned
ORD009321,2024-12-03,CUST1125,PROD0105,SELL046,3,0.0,COD,Delivered
ORD009322,2025-11-22,CUST0227,PROD0112,SELL041,3,0.25,COD,Delivered
ORD009323,2025-04-20,CUST0881,PROD0067,SELL053,4,0.2,UPI,Delivered
ORD009324,2024-10-07,CUST0285,PROD0110,SELL024,1,0.05,UPI,Shipped
ORD009325,2024-06-03,CUST0648,PROD0179,SELL062,3,0.05,Debit Card,Shipped
ORD009326,2025-04-18,CUST0655,PROD0067,SELL035,1,0.05,COD,Shipped
ORD009327,2024-07-04,CUST0587,PROD0109,SELL071,3,0.05,UPI,Shipped
ORD009328,2025-12-14,CUST0324,PROD0092,SELL037,1,0.15,Debit Card,Returned
ORD009329,2024-12-15,CUST0805,PROD0007,SELL027,3,0.05,UPI,Delivered
ORD009330,2025-02-06,CUST0719,PROD0081,SELL001,3,0.15,Debit Card,Returned
ORD009331,2025-10-22,CUST0791,PROD0038,SELL055,4,0.15,Net Banking,Delivered
ORD009332,2024-08-11,CUST0008,PROD0128,SELL064,1,0.1,Credit Card,Delivered
ORD009333,2024-12-10,CUST0409,PROD0075,SELL074,3,0.1,Credit Card,Returned
ORD009334,2025-01-23,CUST0060,PROD0164,SELL064,2,0.1,COD,Shipped
ORD009335,2024-07-17,CUST0287,PROD0087,SELL066,3,0.2,UPI,Delivered
ORD009336,2024-02-09,CUST0371,PROD0047,SELL021,1,0.05,Debit Card,Shipped
ORD009337,2024-07-26,CUST0383,PROD0145,SELL053,2,0.2,COD,Shipped
ORD009338,2024-03-23,CUST0648,PROD0001,SELL077,4,0.1,UPI,Shipped
ORD009339,2025-05-08,CUST0172,PROD0050,SELL048,4,0.2,COD,Cancelled
ORD009340,2024-01-06,CUST0748,PROD0173,SELL044,1,0.05,Net Banking,Delivered
ORD009341,2024-08-19,CUST0483,PROD0180,SELL026,1,0.1,Net Banking,Shipped
ORD009342,2025-10-08,CUST1000,PROD0053,SELL038,3,0.15,Debit Card,Delivered
ORD009343,2025-02-19,CUST1157,PROD0045,SELL034,3,0.1,Net Banking,Delivered
ORD009344,2025-05-05,CUST0434,PROD0038,SELL035,2,0.2,Net Banking,Cancelled
ORD009345,2025-05-03,CUST0506,PROD0064,SELL046,3,0.2,Credit Card,Shipped
ORD009346,2024-08-06,CUST0486,PROD0069,SELL005,1,0.05,COD,Delivered
ORD009347,2025-04-07,CUST0482,PROD0033,SELL003,4,0.0,UPI,Delivered
ORD009348,2024-06-10,CUST0706,PROD0034,SELL007,1,0.2,COD,Delivered
ORD009349,2025-04-09,CUST1001,PROD0150,SELL067,2,0.25,Credit Card,Shipped
ORD009350,2025-05-14,CUST1156,PROD0142,SELL005,2,0.15,UPI,Delivered
ORD009351,2025-10-02,CUST0534,PROD0059,SELL010,2,0.15,Credit Card,Cancelled
ORD009352,2025-11-03,CUST0769,PROD0134,SELL019,2,0.0,Debit Card,Returned
ORD009353,2024-01-18,CUST0531,PROD0116,SELL008,2,0.25,UPI,Delivered
ORD009354,2024-08-06,CUST0773,PROD0051,SELL037,1,0.15,Credit Card,Cancelled
ORD009355,2025-02-03,CUST0873,PROD0119,SELL035,4,0.0,COD,Returned
ORD009356,2024-08-23,CUST0303,PROD0020,SELL075,3,0.05,Credit Card,Cancelled
ORD009357,2025-03-28,CUST0531,PROD0074,SELL058,3,0.05,Net Banking,Delivered
ORD009358,2025-09-16,CUST1159,PROD0058,SELL020,2,0.2,Debit Card,Delivered
ORD009359,2024-07-07,CUST0272,PROD0119,SELL068,3,0.1,Net Banking,Delivered
ORD009360,2025-10-15,CUST1073,PROD0175,SELL027,3,0.15,Debit Card,Delivered
ORD009361,2025-10-06,CUST0595,PROD0103,SELL003,2,0.1,Net Banking,Delivered
ORD009362,2025-10-30,CUST0777,PROD0081,SELL002,1,0.0,Credit Card,Delivered
ORD009363,2024-02-23,CUST0791,PROD0015,SELL039,2,0.1,Net Banking,Delivered
ORD009364,2024-08-02,CUST1042,PROD0093,SELL069,2,0.15,Credit Card,Delivered
ORD009365,2024-03-31,CUST0724,PROD0074,SELL005,2,0.1,Debit Card,Returned
ORD009366,2024-03-28,CUST0531,PROD0060,SELL006,4,0.05,UPI,Cancelled
ORD009367,2024-02-08,CUST1098,PROD0075,SELL031,2,0.05,Credit Card,Delivered
ORD009368,2024-11-17,CUST0300,PROD0120,SELL017,3,0.05,Net Banking,Shipped
ORD009369,2024-03-04,CUST0332,PROD0153,SELL079,2,0.1,UPI,Shipped
ORD009370,2024-08-04,CUST0005,PROD0002,SELL068,1,0.0,Debit Card,Shipped
ORD009371,2025-12-18,CUST1047,PROD0103,SELL017,2,0.1,Debit Card,Delivered
ORD009372,2025-10-08,CUST0114,PROD0169,SELL080,2,0.25,COD,Cancelled
ORD009373,2025-11-16,CUST0101,PROD0033,SELL043,2,0.1,Net Banking,Shipped
ORD009374,2024-01-27,CUST0426,PROD0019,SELL018,2,0.05,Net Banking,Cancelled
ORD009375,2025-04-28,CUST0564,PROD0050,SELL066,2,0.0,UPI,Shipped
ORD009376,2025-04-08,CUST1169,PROD0125,SELL012,2,0.0,Net Banking,Delivered
ORD009377,2024-04-07,CUST1145,PROD0025,SELL060,1,0.05,Net Banking,Cancelled
ORD009378,2025-10-24,CUST0019,PROD0143,SELL048,2,0.1,Debit Card,Cancelled
ORD009379,2024-10-22,CUST0442,PROD0043,SELL004,2,0.15,Net Banking,Returned
ORD009380,2025-12-14,CUST0112,PROD0103,SELL053,1,0.15,COD,Shipped
ORD009381,2024-03-24,CUST0803,PROD0055,SELL026,1,0.15,COD,Cancelled
ORD009382,2025-04-20,CUST0403,PROD0180,SELL055,1,0.05,Credit Card,Delivered
ORD009383,2024-04-05,CUST0698,PROD0094,SELL062,4,0.15,Credit Card,Cancelled
ORD009384,2025-11-25,CUST0965,PROD0092,SELL055,1,0.15,Credit Card,Cancelled
ORD009385,2025-03-20,CUST0266,PROD0153,SELL021,3,0.25,COD,Shipped
ORD009386,2024-02-25,CUST0767,PROD0033,SELL015,2,0.1,COD,Shipped
ORD009387,2024-06-06,CUST0275,PROD0154,SELL024,1,0.15,COD,Delivered
ORD009388,2024-09-19,CUST0636,PROD0169,SELL015,1,0.05,Credit Card,Delivered
ORD009389,2024-01-10,CUST0700,PROD0084,SELL005,3,0.15,Debit Card,Cancelled
ORD009390,2024-01-07,CUST0241,PROD0061,SELL055,1,0.05,Credit Card,Delivered
ORD009391,2025-11-07,CUST0250,PROD0083,SELL011,2,0.0,Credit Card,Shipped
ORD009392,2025-12-18,CUST0422,PROD0017,SELL010,4,0.2,Net Banking,Delivered
ORD009393,2025-01-26,CUST0791,PROD0169,SELL034,4,0.05,Credit Card,Delivered
ORD009394,2025-10-21,CUST0892,PROD0045,SELL044,2,0.05,Debit Card,Delivered
ORD009395,2025-04-23,CUST1166,PROD0142,SELL055,3,0.05,UPI,Shipped
ORD009396,2024-01-21,CUST0125,PROD0164,SELL076,4,0.1,COD,Delivered
ORD009397,2025-06-06,CUST1033,PROD0057,SELL021,2,0.15,Net Banking,Delivered
ORD009398,2024-01-14,CUST0862,PROD0032,SELL009,4,0.2,UPI,Returned
ORD009399,2025-08-19,CUST0413,PROD0140,SELL079,4,0.15,Credit Card,Shipped
ORD009400,2024-09-25,CUST1035,PROD0011,SELL004,3,0.1,COD,Returned
ORD009401,2024-04-13,CUST1022,PROD0168,SELL074,4,0.2,Debit Card,Shipped
ORD009402,2024-07-07,CUST0222,PROD0144,SELL014,2,0.05,COD,Delivered
ORD009403,2025-05-14,CUST0954,PROD0103,SELL065,1,0.1,Net Banking,Returned
ORD009404,2025-09-11,CUST0947,PROD0060,SELL048,2,0.0,Credit Card,Delivered
ORD009405,2025-02-21,CUST0713,PROD0173,SELL054,4,0.1,COD,Delivered
ORD009406,2024-04-27,CUST0829,PROD0166,SELL011,2,0.15,UPI,Cancelled
ORD009407,2025-10-20,CUST0503,PROD0068,SELL015,2,0.1,COD,Delivered
ORD009408,2025-07-31,CUST0483,PROD0157,SELL016,3,0.0,COD,Returned
ORD009409,2024-10-26,CUST0123,PROD0002,SELL060,2,0.1,UPI,Delivered
ORD009410,2025-02-09,CUST0089,PROD0013,SELL074,4,0.1,Net Banking,Returned
ORD009411,2025-12-05,CUST0887,PROD0080,SELL008,1,0.1,Credit Card,Returned
ORD009412,2024-10-02,CUST0190,PROD0022,SELL043,1,0.05,COD,Returned
ORD009413,2024-01-19,CUST0334,PROD0140,SELL042,2,0.1,COD,Cancelled
ORD009414,2024-04-16,CUST0926,PROD0033,SELL005,1,0.15,Debit Card,Delivered
ORD009415,2025-03-14,CUST0525,PROD0011,SELL073,2,0.05,COD,Delivered
ORD009416,2025-12-30,CUST0141,PROD0053,SELL073,3,0.15,COD,Shipped
ORD009417,2025-06-24,CUST1148,PROD0034,SELL067,4,0.05,Debit Card,Cancelled
ORD009418,2025-03-27,CUST0140,PROD0159,SELL075,4,0.15,COD,Delivered
ORD009419,2024-08-24,CUST0465,PROD0036,SELL025,3,0.05,Credit Card,Delivered
ORD009420,2024-11-17,CUST1066,PROD0143,SELL022,2,0.05,Credit Card,Returned
ORD009421,2024-01-29,CUST0784,PROD0025,SELL013,3,0.0,Debit Card,Returned
ORD009422,2024-09-28,CUST0045,PROD0050,SELL071,2,0.1,Net Banking,Returned
ORD009423,2025-03-31,CUST1036,PROD0123,SELL006,4,0.15,COD,Cancelled
ORD009424,2025-10-24,CUST0860,PROD0110,SELL080,3,0.15,Debit Card,Delivered
ORD009425,2025-11-05,CUST0196,PROD0127,SELL016,2,0.15,UPI,Shipped
ORD009426,2025-08-23,CUST0149,PROD0177,SELL047,4,0.25,COD,Cancelled
ORD009427,2024-01-16,CUST0011,PROD0158,SELL062,2,0.0,UPI,Shipped
ORD009428,2025-08-15,CUST0269,PROD0110,SELL074,4,0.1,UPI,Delivered
ORD009429,2024-06-08,CUST0765,PROD0037,SELL028,1,0.2,COD,Delivered
ORD009430,2025-03-26,CUST0286,PROD0081,SELL006,2,0.0,UPI,Shipped
ORD009431,2025-11-22,CUST1098,PROD0150,SELL035,4,0.2,Debit Card,Returned
ORD009432,2025-10-11,CUST0016,PROD0104,SELL023,4,0.15,Credit Card,Delivered
ORD009433,2025-04-30,CUST0879,PROD0076,SELL022,3,0.15,Net Banking,Delivered
ORD009434,2024-08-06,CUST1124,PROD0079,SELL036,4,0.2,Credit Card,Delivered
ORD009435,2025-01-15,CUST0407,PROD0135,SELL077,3,0.1,UPI,Returned
ORD009436,2025-05-29,CUST0692,PROD0012,SELL030,2,0.1,Debit Card,Shipped
ORD009437,2025-01-10,CUST1063,PROD0109,SELL002,1,0.15,UPI,Cancelled
ORD009438,2024-10-22,CUST0692,PROD0054,SELL007,4,0.2,COD,Cancelled
ORD009439,2024-10-21,CUST0983,PROD0008,SELL053,4,0.0,COD,Delivered
ORD009440,2025-03-14,CUST0932,PROD0068,SELL077,1,0.15,Credit Card,Delivered
ORD009441,2024-01-27,CUST0622,PROD0132,SELL006,2,0.05,COD,Delivered
ORD009442,2025-12-30,CUST1034,PROD0155,SELL013,3,0.1,Debit Card,Delivered
ORD009443,2024-03-15,CUST0221,PROD0030,SELL023,1,0.1,UPI,Returned
ORD009444,2025-12-20,CUST0178,PROD0035,SELL006,3,0.2,COD,Returned
ORD009445,2024-01-26,CUST0460,PROD0049,SELL044,3,0.15,COD,Returned
ORD009446,2025-01-09,CUST0992,PROD0072,SELL059,4,0.0,COD,Cancelled
ORD009447,2024-11-01,CUST0872,PROD0134,SELL036,1,0.05,Net Banking,Delivered
ORD009448,2025-02-23,CUST0818,PROD0134,SELL002,3,0.15,Credit Card,Delivered
ORD009449,2024-11-12,CUST0921,PROD0061,SELL033,4,0.15,Credit Card,Cancelled
ORD009450,2025-10-17,CUST0935,PROD0094,SELL069,4,0.1,COD,Delivered
ORD009451,2024-01-13,CUST0493,PROD0180,SELL039,2,0.0,COD,Delivered
ORD009452,2025-12-21,CUST0123,PROD0036,SELL075,1,0.1,Debit Card,Shipped
ORD009453,2025-05-18,CUST0737,PROD0024,SELL048,3,0.1,Debit Card,Shipped
ORD009454,2025-07-23,CUST0898,PROD0047,SELL069,3,0.15,COD,Cancelled
ORD009455,2024-04-12,CUST0684,PROD0088,SELL061,4,0.0,COD,Delivered
ORD009456,2024-02-17,CUST0589,PROD0050,SELL058,2,0.2,Debit Card,Returned
ORD009457,2024-10-17,CUST0049,PROD0136,SELL059,2,0.15,Debit Card,Delivered
ORD009458,2024-08-23,CUST0646,PROD0159,SELL053,1,0.2,Credit Card,Delivered
ORD009459,2025-07-26,CUST0175,PROD0094,SELL008,1,0.15,Debit Card,Cancelled
ORD009460,2025-10-17,CUST0303,PROD0014,SELL075,3,0.2,Credit Card,Cancelled
ORD009461,2024-11-08,CUST0469,PROD0108,SELL055,2,0.05,Net Banking,Delivered
ORD009462,2025-07-15,CUST0207,PROD0037,SELL039,1,0.0,UPI,Delivered
ORD009463,2024-02-13,CUST0510,PROD0156,SELL001,4,0.0,UPI,Delivered
ORD009464,2025-06-26,CUST0525,PROD0049,SELL064,4,0.2,Net Banking,Delivered
ORD009465,2024-03-13,CUST0153,PROD0118,SELL080,3,0.15,UPI,Returned
ORD009466,2025-05-03,CUST0807,PROD0101,SELL070,3,0.15,COD,Delivered
ORD009467,2024-10-06,CUST0399,PROD0112,SELL027,3,0.0,UPI,Delivered
ORD009468,2024-10-30,CUST0839,PROD0133,SELL076,1,0.0,UPI,Cancelled
ORD009469,2024-07-21,CUST0091,PROD0131,SELL004,2,0.15,Debit Card,Delivered
ORD009470,2024-10-21,CUST0086,PROD0090,SELL077,3,0.0,UPI,Delivered
ORD009471,2025-10-01,CUST0942,PROD0093,SELL068,4,0.05,Debit Card,Returned
ORD009472,2025-08-14,CUST0411,PROD0060,SELL016,4,0.1,Credit Card,Delivered
ORD009473,2024-09-05,CUST0971,PROD0167,SELL073,3,0.25,COD,Cancelled
ORD009474,2024-08-02,CUST1147,PROD0155,SELL039,4,0.1,Credit Card,Cancelled
ORD009475,2025-01-07,CUST1083,PROD0161,SELL064,3,0.05,UPI,Delivered
ORD009476,2025-05-15,CUST0360,PROD0114,SELL007,1,0.0,Debit Card,Delivered
ORD009477,2024-05-13,CUST0475,PROD0142,SELL060,1,0.05,UPI,Cancelled
ORD009478,2025-06-14,CUST0719,PROD0001,SELL033,2,0.2,Debit Card,Delivered
ORD009479,2025-11-24,CUST0919,PROD0138,SELL007,2,0.15,Debit Card,Shipped
ORD009480,2025-09-09,CUST1190,PROD0013,SELL067,3,0.2,Net Banking,Shipped
ORD009481,2025-02-04,CUST1103,PROD0054,SELL001,3,0.05,Credit Card,Shipped
ORD009482,2024-08-21,CUST1107,PROD0030,SELL011,4,0.2,Credit Card,Delivered
ORD009483,2024-08-24,CUST0966,PROD0137,SELL017,2,0.15,Credit Card,Returned
ORD009484,2025-06-26,CUST0364,PROD0161,SELL061,2,0.05,Credit Card,Shipped
ORD009485,2024-11-28,CUST0814,PROD0142,SELL034,1,0.15,UPI,Delivered
ORD009486,2024-03-18,CUST0002,PROD0071,SELL062,1,0.05,Net Banking,Shipped
ORD009487,2025-05-10,CUST0908,PROD0169,SELL010,3,0.15,Debit Card,Returned
ORD009488,2024-04-10,CUST0992,PROD0113,SELL070,3,0.0,Net Banking,Delivered
ORD009489,2025-12-22,CUST0565,PROD0083,SELL023,4,0.2,COD,Returned
ORD009490,2024-11-01,CUST1120,PROD0120,SELL006,1,0.15,Debit Card,Cancelled
ORD009491,2024-09-07,CUST1009,PROD0073,SELL038,2,0.05,UPI,Shipped
ORD009492,2024-02-10,CUST0561,PROD0005,SELL056,2,0.05,Debit Card,Delivered
ORD009493,2024-05-02,CUST0638,PROD0044,SELL051,1,0.0,Net Banking,Delivered
ORD009494,2025-11-23,CUST0891,PROD0003,SELL015,2,0.1,UPI,Shipped
ORD009495,2025-01-27,CUST0317,PROD0057,SELL057,4,0.0,UPI,Shipped
ORD009496,2025-10-21,CUST0670,PROD0155,SELL063,4,0.1,Debit Card,Delivered
ORD009497,2025-11-29,CUST1083,PROD0093,SELL062,4,0.1,COD,Shipped
ORD009498,2024-02-05,CUST0689,PROD0149,SELL034,4,0.15,Net Banking,Delivered
ORD009499,2024-10-05,CUST0695,PROD0099,SELL026,1,0.1,Net Banking,Cancelled
ORD009500,2025-09-04,CUST0041,PROD0064,SELL063,3,0.1,Credit Card,Shipped
ORD009501,2024-12-28,CUST0682,PROD0007,SELL063,2,0.2,COD,Cancelled
ORD009502,2025-01-06,CUST0912,PROD0066,SELL060,1,0.05,UPI,Delivered
ORD009503,2025-02-20,CUST0264,PROD0159,SELL042,3,0.05,UPI,Delivered
ORD009504,2025-05-28,CUST1037,PROD0087,SELL068,3,0.25,Net Banking,Delivered
ORD009505,2025-11-17,CUST0672,PROD0025,SELL018,2,0.2,Credit Card,Delivered
ORD009506,2025-10-10,CUST0654,PROD0013,SELL080,2,0.05,Net Banking,Shipped
ORD009507,2025-04-01,CUST0297,PROD0146,SELL018,1,0.15,Net Banking,Cancelled
ORD009508,2025-02-25,CUST1114,PROD0119,SELL005,3,0.05,Credit Card,Delivered
ORD009509,2024-09-20,CUST0224,PROD0038,SELL012,1,0.2,Net Banking,Delivered
ORD009510,2024-03-26,CUST0335,PROD0147,SELL016,2,0.25,COD,Returned
ORD009511,2025-06-02,CUST0393,PROD0092,SELL001,1,0.1,COD,Delivered
ORD009512,2024-01-02,CUST0882,PROD0124,SELL045,2,0.1,COD,Returned
ORD009513,2025-05-25,CUST0384,PROD0129,SELL044,2,0.1,Credit Card,Returned
ORD009514,2024-12-29,CUST0070,PROD0141,SELL004,4,0.05,Debit Card,Cancelled
ORD009515,2025-07-28,CUST1089,PROD0159,SELL029,1,0.0,UPI,Cancelled
ORD009516,2025-11-24,CUST1063,PROD0121,SELL017,3,0.05,UPI,Returned
ORD009517,2025-02-08,CUST0043,PROD0115,SELL006,3,0.15,COD,Delivered
ORD009518,2025-02-22,CUST0346,PROD0085,SELL002,4,0.2,COD,Cancelled
ORD009519,2024-12-22,CUST0898,PROD0012,SELL049,4,0.1,UPI,Delivered
ORD009520,2024-09-29,CUST0443,PROD0161,SELL001,1,0.0,Net Banking,Shipped
ORD009521,2024-03-05,CUST1024,PROD0164,SELL004,3,0.2,Net Banking,Delivered
ORD009522,2024-01-23,CUST0824,PROD0031,SELL022,4,0.2,COD,Delivered
ORD009523,2025-06-12,CUST1140,PROD0071,SELL054,4,0.05,Debit Card,Delivered
ORD009524,2025-10-30,CUST0265,PROD0142,SELL054,2,0.15,UPI,Returned
ORD009525,2024-02-09,CUST0776,PROD0152,SELL017,2,0.0,Debit Card,Delivered
ORD009526,2024-08-27,CUST1131,PROD0142,SELL051,1,0.1,UPI,Shipped
ORD009527,2025-03-20,CUST0249,PROD0160,SELL054,2,0.05,Debit Card,Delivered
ORD009528,2025-05-30,CUST0317,PROD0034,SELL061,4,0.05,Net Banking,Delivered
ORD009529,2025-06-21,CUST0481,PROD0163,SELL045,1,0.0,Credit Card,Delivered
ORD009530,2025-05-22,CUST1094,PROD0153,SELL035,3,0.1,Debit Card,Returned
ORD009531,2024-03-02,CUST0273,PROD0084,SELL068,3,0.05,Net Banking,Delivered
ORD009532,2024-07-04,CUST1058,PROD0060,SELL020,1,0.0,Debit Card,Delivered
ORD009533,2024-12-09,CUST0784,PROD0096,SELL008,3,0.1,UPI,Cancelled
ORD009534,2024-02-16,CUST0864,PROD0090,SELL012,1,0.1,COD,Delivered
ORD009535,2024-09-07,CUST0398,PROD0159,SELL029,4,0.1,Credit Card,Delivered
ORD009536,2024-10-08,CUST1076,PROD0048,SELL011,3,0.15,Net Banking,Delivered
ORD009537,2025-12-15,CUST0835,PROD0045,SELL005,1,0.0,Credit Card,Delivered
ORD009538,2024-08-19,CUST0076,PROD0086,SELL059,2,0.05,UPI,Delivered
ORD009539,2025-12-11,CUST0479,PROD0154,SELL011,1,0.0,Debit Card,Delivered
ORD009540,2025-05-26,CUST1096,PROD0105,SELL078,3,0.2,UPI,Shipped
ORD009541,2025-05-21,CUST0922,PROD0108,SELL070,2,0.1,Debit Card,Cancelled
ORD009542,2025-08-22,CUST0941,PROD0106,SELL006,1,0.1,Debit Card,Delivered
ORD009543,2025-09-07,CUST0642,PROD0099,SELL075,2,0.0,UPI,Shipped
ORD009544,2024-06-11,CUST0511,PROD0075,SELL075,2,0.05,Debit Card,Cancelled
ORD009545,2024-11-03,CUST0869,PROD0010,SELL014,1,0.05,Net Banking,Cancelled
ORD009546,2025-01-21,CUST1103,PROD0013,SELL018,4,0.15,Net Banking,Delivered
ORD009547,2025-12-15,CUST0179,PROD0086,SELL027,1,0.0,Credit Card,Delivered
ORD009548,2024-01-30,CUST0266,PROD0092,SELL022,3,0.0,Credit Card,Returned
ORD009549,2024-12-14,CUST1067,PROD0035,SELL021,3,0.1,UPI,Delivered
ORD009550,2024-06-05,CUST0295,PROD0078,SELL021,3,0.05,Debit Card,Delivered
ORD009551,2024-05-31,CUST1123,PROD0075,SELL057,1,0.0,UPI,Delivered
ORD009552,2025-07-10,CUST0964,PROD0140,SELL076,1,0.15,Credit Card,Shipped
ORD009553,2024-05-27,CUST0512,PROD0118,SELL055,3,0.05,Net Banking,Shipped
ORD009554,2025-08-02,CUST0114,PROD0010,SELL064,3,0.2,UPI,Delivered
ORD009555,2025-12-27,CUST0666,PROD0100,SELL018,3,0.0,Credit Card,Returned
ORD009556,2025-07-21,CUST0303,PROD0163,SELL055,4,0.1,Credit Card,Returned
ORD009557,2024-05-04,CUST0892,PROD0119,SELL020,3,0.05,UPI,Shipped
ORD009558,2024-04-14,CUST0298,PROD0110,SELL057,4,0.1,COD,Cancelled
ORD009559,2024-11-15,CUST0443,PROD0016,SELL050,2,0.1,Credit Card,Shipped
ORD009560,2025-02-06,CUST0358,PROD0083,SELL039,2,0.15,Debit Card,Returned
ORD009561,2025-07-22,CUST0816,PROD0059,SELL077,1,0.25,UPI,Delivered
ORD009562,2024-11-04,CUST0820,PROD0088,SELL042,3,0.05,UPI,Cancelled
ORD009563,2024-05-02,CUST0885,PROD0022,SELL072,3,0.25,Debit Card,Delivered
ORD009564,2025-12-25,CUST1116,PROD0113,SELL025,3,0.1,Net Banking,Delivered
ORD009565,2025-10-23,CUST0983,PROD0029,SELL068,1,0.1,UPI,Delivered
ORD009566,2025-04-23,CUST1138,PROD0060,SELL035,3,0.1,Net Banking,Delivered
ORD009567,2025-05-23,CUST0404,PROD0097,SELL036,2,0.1,UPI,Shipped
ORD009568,2025-11-14,CUST0180,PROD0037,SELL076,3,0.0,Net Banking,Delivered
ORD009569,2024-12-13,CUST0394,PROD0174,SELL057,2,0.0,COD,Delivered
ORD009570,2024-04-16,CUST0830,PROD0033,SELL074,4,0.05,UPI,Delivered
ORD009571,2025-03-18,CUST0167,PROD0137,SELL055,3,0.0,UPI,Delivered
ORD009572,2024-11-25,CUST0893,PROD0005,SELL045,4,0.05,Credit Card,Delivered
ORD009573,2025-08-07,CUST0891,PROD0102,SELL008,1,0.15,COD,Delivered
ORD009574,2025-07-18,CUST0491,PROD0074,SELL059,2,0.15,Credit Card,Delivered
ORD009575,2024-12-10,CUST0913,PROD0046,SELL011,2,0.1,Net Banking,Delivered
ORD009576,2024-09-25,CUST0526,PROD0014,SELL005,3,0.15,Net Banking,Cancelled
ORD009577,2024-11-04,CUST0764,PROD0009,SELL028,3,0.2,Net Banking,Shipped
ORD009578,2025-04-07,CUST1079,PROD0141,SELL055,1,0.15,COD,Shipped
ORD009579,2025-04-10,CUST0498,PROD0106,SELL001,3,0.0,Debit Card,Delivered
ORD009580,2025-01-09,CUST0353,PROD0129,SELL028,4,0.1,UPI,Shipped
ORD009581,2025-01-23,CUST0719,PROD0123,SELL032,3,0.15,Debit Card,Delivered
ORD009582,2025-12-26,CUST0965,PROD0076,SELL047,1,0.0,COD,Returned
ORD009583,2024-07-04,CUST0270,PROD0177,SELL037,3,0.05,COD,Shipped
ORD009584,2024-05-07,CUST0545,PROD0139,SELL017,3,0.25,Debit Card,Returned
ORD009585,2025-08-07,CUST0319,PROD0005,SELL031,2,0.0,Credit Card,Cancelled
ORD009586,2025-11-14,CUST0707,PROD0044,SELL080,4,0.05,COD,Delivered
ORD009587,2025-03-20,CUST0021,PROD0056,SELL026,3,0.25,COD,Shipped
ORD009588,2024-10-20,CUST0598,PROD0075,SELL027,1,0.1,COD,Delivered
ORD009589,2024-09-11,CUST0019,PROD0094,SELL060,3,0.0,UPI,Returned
ORD009590,2024-12-08,CUST0274,PROD0139,SELL066,1,0.15,COD,Delivered
ORD009591,2024-02-08,CUST0806,PROD0086,SELL059,3,0.05,UPI,Delivered
ORD009592,2025-01-21,CUST0808,PROD0121,SELL074,3,0.15,Credit Card,Shipped
ORD009593,2024-07-16,CUST0963,PROD0135,SELL047,3,0.15,Credit Card,Cancelled
ORD009594,2024-07-12,CUST1155,PROD0040,SELL005,4,0.05,Debit Card,Delivered
ORD009595,2025-02-13,CUST0159,PROD0053,SELL037,4,0.05,Credit Card,Cancelled
ORD009596,2025-12-05,CUST0025,PROD0072,SELL013,4,0.2,Credit Card,Shipped
ORD009597,2024-05-30,CUST0226,PROD0012,SELL064,3,0.05,Net Banking,Delivered
ORD009598,2025-10-28,CUST0374,PROD0165,SELL077,3,0.0,Net Banking,Cancelled
ORD009599,2025-01-14,CUST0692,PROD0174,SELL004,4,0.05,Credit Card,Shipped
ORD009600,2025-12-12,CUST0023,PROD0047,SELL015,4,0.0,Credit Card,Shipped
ORD009601,2024-10-06,CUST0805,PROD0126,SELL010,1,0.15,Net Banking,Shipped
ORD009602,2025-12-29,CUST0638,PROD0106,SELL033,3,0.0,Credit Card,Delivered
ORD009603,2025-04-27,CUST1010,PROD0055,SELL044,1,0.25,Credit Card,Delivered
ORD009604,2025-05-04,CUST0016,PROD0044,SELL035,2,0.1,Net Banking,Cancelled
ORD009605,2025-02-15,CUST0847,PROD0096,SELL043,3,0.25,COD,Delivered
ORD009606,2024-11-26,CUST0456,PROD0061,SELL029,4,0.1,COD,Delivered
ORD009607,2025-01-18,CUST0902,PROD0123,SELL033,2,0.1,Net Banking,Delivered
ORD009608,2025-09-13,CUST0331,PROD0130,SELL067,4,0.2,COD,Delivered
ORD009609,2025-08-02,CUST0236,PROD0180,SELL069,4,0.1,COD,Shipped
ORD009610,2024-01-18,CUST0013,PROD0067,SELL029,1,0.1,Net Banking,Returned
ORD009611,2025-05-22,CUST0603,PROD0068,SELL007,2,0.2,COD,Shipped
ORD009612,2025-09-01,CUST0196,PROD0032,SELL041,4,0.1,Credit Card,Returned
ORD009613,2025-06-27,CUST0996,PROD0040,SELL073,2,0.1,Net Banking,Delivered
ORD009614,2024-12-29,CUST0308,PROD0026,SELL030,4,0.05,Net Banking,Delivered
ORD009615,2024-09-02,CUST0473,PROD0097,SELL001,3,0.1,COD,Delivered
ORD009616,2025-05-07,CUST0208,PROD0023,SELL057,3,0.15,UPI,Shipped
ORD009617,2025-04-30,CUST0902,PROD0042,SELL048,2,0.1,Credit Card,Cancelled
ORD009618,2024-09-30,CUST0893,PROD0006,SELL016,3,0.0,COD,Delivered
ORD009619,2024-10-24,CUST0478,PROD0037,SELL024,3,0.0,COD,Cancelled
ORD009620,2024-09-26,CUST0076,PROD0075,SELL021,2,0.1,Net Banking,Delivered
ORD009621,2024-02-02,CUST0214,PROD0008,SELL042,1,0.1,Debit Card,Delivered
ORD009622,2024-01-24,CUST0730,PROD0014,SELL054,2,0.0,Net Banking,Shipped
ORD009623,2024-03-01,CUST0603,PROD0031,SELL034,4,0.1,Net Banking,Delivered
ORD009624,2024-11-05,CUST0942,PROD0094,SELL007,1,0.0,UPI,Returned
ORD009625,2025-01-08,CUST0988,PROD0094,SELL038,2,0.1,Credit Card,Shipped
ORD009626,2024-10-25,CUST0783,PROD0084,SELL043,2,0.1,COD,Delivered
ORD009627,2025-11-29,CUST0113,PROD0055,SELL042,1,0.2,Net Banking,Shipped
ORD009628,2024-06-13,CUST0991,PROD0027,SELL066,2,0.0,Credit Card,Shipped
ORD009629,2024-10-14,CUST0114,PROD0052,SELL041,4,0.15,Net Banking,Delivered
ORD009630,2024-06-29,CUST1028,PROD0115,SELL049,2,0.05,Net Banking,Delivered
ORD009631,2024-08-07,CUST0706,PROD0103,SELL079,4,0.05,Credit Card,Delivered
ORD009632,2025-03-03,CUST0555,PROD0178,SELL079,1,0.1,UPI,Delivered
ORD009633,2024-08-14,CUST0450,PROD0170,SELL021,3,0.0,Debit Card,Delivered
ORD009634,2024-08-20,CUST0229,PROD0121,SELL003,3,0.0,Debit Card,Shipped
ORD009635,2025-05-05,CUST0481,PROD0082,SELL070,4,0.1,COD,Cancelled
ORD009636,2025-08-29,CUST0797,PROD0091,SELL052,2,0.05,Credit Card,Returned
ORD009637,2024-06-04,CUST0853,PROD0170,SELL058,3,0.2,UPI,Returned
ORD009638,2024-03-22,CUST0194,PROD0054,SELL011,2,0.15,UPI,Shipped
ORD009639,2024-06-24,CUST0354,PROD0113,SELL002,4,0.05,COD,Cancelled
ORD009640,2025-02-26,CUST0287,PROD0028,SELL055,1,0.05,UPI,Shipped
ORD009641,2025-12-02,CUST0458,PROD0118,SELL041,1,0.1,COD,Delivered
ORD009642,2024-04-26,CUST1099,PROD0058,SELL003,2,0.05,Debit Card,Shipped
ORD009643,2024-02-01,CUST0975,PROD0171,SELL069,3,0.05,Net Banking,Delivered
ORD009644,2025-01-21,CUST0804,PROD0069,SELL077,2,0.1,UPI,Shipped
ORD009645,2025-12-25,CUST0070,PROD0047,SELL062,1,0.05,Net Banking,Delivered
ORD009646,2025-02-07,CUST0986,PROD0070,SELL042,1,0.0,Credit Card,Delivered
ORD009647,2025-11-06,CUST0452,PROD0023,SELL003,4,0.25,Credit Card,Delivered
ORD009648,2025-04-14,CUST0213,PROD0090,SELL060,4,0.1,Credit Card,Returned
ORD009649,2024-01-24,CUST0845,PROD0027,SELL033,2,0.05,Debit Card,Delivered
ORD009650,2024-11-08,CUST0224,PROD0072,SELL032,1,0.1,UPI,Returned
ORD009651,2025-07-16,CUST0950,PROD0114,SELL065,4,0.2,UPI,Delivered
ORD009652,2025-01-07,CUST1119,PROD0001,SELL010,1,0.05,UPI,Cancelled
ORD009653,2024-05-22,CUST0988,PROD0077,SELL046,1,0.15,Debit Card,Returned
ORD009654,2024-05-12,CUST0457,PROD0023,SELL006,4,0.05,UPI,Cancelled
ORD009655,2025-04-30,CUST0552,PROD0139,SELL045,3,0.0,Net Banking,Delivered
ORD009656,2024-12-04,CUST0307,PROD0159,SELL002,3,0.0,COD,Delivered
ORD009657,2025-02-23,CUST0559,PROD0111,SELL038,2,0.05,Credit Card,Delivered
ORD009658,2024-09-29,CUST0333,PROD0086,SELL078,1,0.0,Net Banking,Shipped
ORD009659,2024-09-04,CUST0157,PROD0173,SELL002,2,0.05,Debit Card,Cancelled
ORD009660,2025-05-01,CUST0415,PROD0122,SELL003,2,0.25,Net Banking,Shipped
ORD009661,2024-01-06,CUST0160,PROD0136,SELL037,3,0.2,Net Banking,Shipped
ORD009662,2024-11-13,CUST0358,PROD0054,SELL051,4,0.05,Debit Card,Delivered
ORD009663,2024-09-27,CUST0616,PROD0020,SELL020,3,0.2,UPI,Delivered
ORD009664,2025-07-23,CUST0268,PROD0042,SELL001,3,0.05,Credit Card,Delivered
ORD009665,2025-06-16,CUST0940,PROD0028,SELL019,3,0.15,UPI,Cancelled
ORD009666,2024-11-07,CUST0037,PROD0008,SELL012,4,0.1,Debit Card,Delivered
ORD009667,2024-07-11,CUST0088,PROD0022,SELL068,3,0.0,Debit Card,Returned
ORD009668,2024-06-21,CUST0073,PROD0153,SELL046,1,0.05,COD,Delivered
ORD009669,2024-06-03,CUST1182,PROD0169,SELL042,2,0.1,UPI,Delivered
ORD009670,2024-07-19,CUST0590,PROD0026,SELL026,1,0.15,Net Banking,Delivered
ORD009671,2025-07-09,CUST0396,PROD0046,SELL014,4,0.25,Net Banking,Delivered
ORD009672,2024-02-03,CUST0896,PROD0011,SELL053,4,0.05,Credit Card,Cancelled
ORD009673,2024-01-20,CUST0796,PROD0033,SELL056,1,0.05,COD,Cancelled
ORD009674,2025-01-29,CUST0079,PROD0120,SELL016,2,0.15,Debit Card,Delivered
ORD009675,2024-06-12,CUST0751,PROD0178,SELL005,3,0.0,UPI,Delivered
ORD009676,2025-08-30,CUST0203,PROD0022,SELL019,4,0.2,Credit Card,Delivered
ORD009677,2025-07-03,CUST0463,PROD0060,SELL042,4,0.0,UPI,Shipped
ORD009678,2025-07-16,CUST0746,PROD0085,SELL044,3,0.25,Net Banking,Delivered
ORD009679,2024-11-30,CUST1126,PROD0002,SELL032,3,0.2,Debit Card,Cancelled
ORD009680,2024-11-16,CUST0631,PROD0041,SELL061,3,0.2,UPI,Delivered
ORD009681,2024-11-07,CUST0679,PROD0115,SELL038,2,0.15,Debit Card,Delivered
ORD009682,2024-05-23,CUST0480,PROD0162,SELL046,3,0.1,UPI,Delivered
ORD009683,2025-02-18,CUST0766,PROD0121,SELL034,1,0.15,Net Banking,Delivered
ORD009684,2025-09-23,CUST0094,PROD0011,SELL018,2,0.0,Debit Card,Delivered
ORD009685,2024-07-06,CUST0086,PROD0168,SELL050,3,0.1,Debit Card,Delivered
ORD009686,2024-02-11,CUST0767,PROD0117,SELL012,3,0.1,Debit Card,Shipped
ORD009687,2025-02-16,CUST0573,PROD0070,SELL025,2,0.0,COD,Returned
ORD009688,2024-10-18,CUST0444,PROD0162,SELL052,3,0.15,Net Banking,Delivered
ORD009689,2025-08-05,CUST0333,PROD0069,SELL002,3,0.15,COD,Delivered
ORD009690,2025-09-18,CUST0659,PROD0043,SELL022,2,0.1,UPI,Shipped
ORD009691,2025-11-25,CUST0030,PROD0082,SELL045,2,0.2,UPI,Cancelled
ORD009692,2024-10-14,CUST0076,PROD0128,SELL042,3,0.25,UPI,Delivered
ORD009693,2025-10-21,CUST0895,PROD0090,SELL044,1,0.0,Net Banking,Shipped
ORD009694,2024-03-27,CUST0842,PROD0015,SELL066,3,0.0,Credit Card,Returned
ORD009695,2024-09-29,CUST0075,PROD0032,SELL035,2,0.15,Credit Card,Delivered
ORD009696,2024-07-13,CUST0811,PROD0094,SELL047,1,0.15,Net Banking,Shipped
ORD009697,2025-11-05,CUST1090,PROD0121,SELL002,1,0.0,Credit Card,Cancelled
ORD009698,2025-03-14,CUST0629,PROD0099,SELL039,4,0.1,Credit Card,Delivered
ORD009699,2024-09-24,CUST0245,PROD0063,SELL044,4,0.0,Net Banking,Delivered
ORD009700,2024-04-21,CUST1069,PROD0038,SELL072,1,0.15,COD,Delivered
ORD009701,2025-07-26,CUST0270,PROD0084,SELL063,2,0.2,COD,Delivered
ORD009702,2025-04-23,CUST0292,PROD0110,SELL014,3,0.1,UPI,Delivered
ORD009703,2025-09-15,CUST0224,PROD0133,SELL003,1,0.1,Debit Card,Cancelled
ORD009704,2024-11-16,CUST0862,PROD0118,SELL069,1,0.15,Credit Card,Delivered
ORD009705,2024-04-19,CUST0060,PROD0111,SELL078,4,0.15,Credit Card,Returned
ORD009706,2024-09-01,CUST0049,PROD0136,SELL017,1,0.1,Net Banking,Returned
ORD009707,2025-03-29,CUST0777,PROD0029,SELL060,1,0.15,COD,Delivered
ORD009708,2024-06-25,CUST0147,PROD0083,SELL006,4,0.1,Debit Card,Delivered
ORD009709,2024-02-21,CUST0199,PROD0162,SELL076,1,0.1,Credit Card,Delivered
ORD009710,2025-08-24,CUST0699,PROD0158,SELL008,3,0.15,Debit Card,Delivered
ORD009711,2025-01-22,CUST0210,PROD0061,SELL069,2,0.1,Credit Card,Shipped
ORD009712,2024-10-16,CUST0366,PROD0055,SELL042,4,0.0,Net Banking,Delivered
ORD009713,2025-02-08,CUST0939,PROD0111,SELL046,3,0.0,Credit Card,Cancelled
ORD009714,2025-06-23,CUST0106,PROD0149,SELL041,4,0.05,COD,Returned
ORD009715,2024-01-01,CUST0765,PROD0143,SELL039,1,0.1,Debit Card,Cancelled
ORD009716,2024-11-17,CUST0249,PROD0165,SELL073,1,0.1,Credit Card,Returned
ORD009717,2024-07-04,CUST0527,PROD0105,SELL053,2,0.1,COD,Delivered
ORD009718,2024-03-08,CUST0300,PROD0015,SELL033,2,0.1,Credit Card,Cancelled
ORD009719,2024-01-27,CUST0001,PROD0079,SELL063,3,0.0,COD,Returned
ORD009720,2024-11-18,CUST0965,PROD0162,SELL034,4,0.25,Credit Card,Delivered
ORD009721,2025-02-01,CUST0312,PROD0148,SELL067,4,0.15,Net Banking,Delivered
ORD009722,2025-01-06,CUST0659,PROD0159,SELL032,3,0.0,UPI,Delivered
ORD009723,2025-07-26,CUST0801,PROD0147,SELL074,4,0.1,UPI,Shipped
ORD009724,2024-11-30,CUST0480,PROD0157,SELL043,1,0.25,UPI,Shipped
ORD009725,2025-03-07,CUST0142,PROD0102,SELL080,2,0.1,Debit Card,Delivered
ORD009726,2025-08-19,CUST0442,PROD0063,SELL061,4,0.1,UPI,Delivered
ORD009727,2025-04-25,CUST0041,PROD0047,SELL063,2,0.1,Credit Card,Delivered
ORD009728,2025-10-27,CUST0069,PROD0028,SELL013,1,0.0,Debit Card,Delivered
ORD009729,2024-06-10,CUST0722,PROD0104,SELL023,1,0.1,Net Banking,Shipped
ORD009730,2025-07-29,CUST0083,PROD0025,SELL038,1,0.1,COD,Shipped
ORD009731,2025-05-24,CUST0191,PROD0016,SELL050,4,0.15,Debit Card,Cancelled
ORD009732,2025-03-02,CUST1119,PROD0012,SELL063,1,0.2,Net Banking,Cancelled
ORD009733,2024-01-03,CUST0704,PROD0072,SELL001,4,0.15,COD,Returned
ORD009734,2025-01-30,CUST0399,PROD0007,SELL054,3,0.1,COD,Delivered
ORD009735,2025-09-19,CUST0057,PROD0177,SELL053,1,0.0,Credit Card,Delivered
ORD009736,2025-04-16,CUST0033,PROD0059,SELL063,1,0.25,Credit Card,Delivered
ORD009737,2024-01-04,CUST1120,PROD0117,SELL031,1,0.05,Debit Card,Returned
ORD009738,2024-07-29,CUST1188,PROD0042,SELL052,3,0.2,UPI,Delivered
ORD009739,2025-02-20,CUST0365,PROD0125,SELL075,4,0.1,UPI,Delivered
ORD009740,2025-08-16,CUST0204,PROD0003,SELL036,4,0.0,Credit Card,Delivered
ORD009741,2024-11-21,CUST0218,PROD0077,SELL061,1,0.1,UPI,Shipped
ORD009742,2025-09-18,CUST0792,PROD0023,SELL050,1,0.15,Credit Card,Cancelled
ORD009743,2025-08-04,CUST0416,PROD0083,SELL006,3,0.1,UPI,Returned
ORD009744,2024-07-14,CUST0371,PROD0018,SELL028,3,0.0,Debit Card,Returned
ORD009745,2024-05-22,CUST0428,PROD0139,SELL054,1,0.0,UPI,Cancelled
ORD009746,2025-10-21,CUST0285,PROD0149,SELL002,2,0.0,Credit Card,Delivered
ORD009747,2025-03-06,CUST0234,PROD0157,SELL030,4,0.1,Debit Card,Delivered
ORD009748,2025-09-12,CUST0507,PROD0170,SELL077,1,0.1,Credit Card,Delivered
ORD009749,2025-11-05,CUST0749,PROD0074,SELL064,4,0.05,UPI,Shipped
ORD009750,2024-11-06,CUST0859,PROD0054,SELL043,1,0.15,Debit Card,Delivered
ORD009751,2024-02-03,CUST0991,PROD0122,SELL047,1,0.05,Credit Card,Delivered
ORD009752,2025-10-26,CUST0393,PROD0084,SELL046,4,0.1,Credit Card,Shipped
ORD009753,2025-03-02,CUST0222,PROD0015,SELL022,3,0.05,Credit Card,Returned
ORD009754,2024-03-29,CUST0326,PROD0086,SELL038,3,0.2,UPI,Delivered
ORD009755,2025-01-22,CUST0278,PROD0151,SELL003,3,0.15,COD,Delivered
ORD009756,2024-01-21,CUST0344,PROD0053,SELL051,3,0.1,COD,Delivered
ORD009757,2024-07-30,CUST0067,PROD0033,SELL076,3,0.05,Credit Card,Delivered
ORD009758,2024-09-11,CUST0867,PROD0126,SELL044,2,0.05,COD,Delivered
ORD009759,2024-11-28,CUST0846,PROD0061,SELL070,4,0.25,Net Banking,Shipped
ORD009760,2025-02-17,CUST0724,PROD0013,SELL023,4,0.1,Net Banking,Delivered
ORD009761,2025-09-05,CUST0517,PROD0103,SELL066,3,0.0,Credit Card,Delivered
ORD009762,2024-09-13,CUST0410,PROD0076,SELL079,2,0.1,Net Banking,Delivered
ORD009763,2025-06-21,CUST0992,PROD0028,SELL048,2,0.15,Credit Card,Delivered
ORD009764,2025-11-19,CUST0418,PROD0065,SELL022,4,0.0,Net Banking,Delivered
ORD009765,2025-07-01,CUST0255,PROD0065,SELL018,4,0.15,Credit Card,Delivered
ORD009766,2024-07-05,CUST0093,PROD0061,SELL007,1,0.0,Debit Card,Delivered
ORD009767,2025-05-10,CUST0747,PROD0002,SELL042,1,0.1,COD,Delivered
ORD009768,2024-07-24,CUST0783,PROD0076,SELL052,2,0.15,Debit Card,Returned
ORD009769,2024-12-15,CUST0292,PROD0124,SELL054,2,0.1,Net Banking,Returned
ORD009770,2025-04-09,CUST0134,PROD0076,SELL002,2,0.1,COD,Delivered
ORD009771,2024-08-02,CUST0348,PROD0133,SELL004,2,0.05,Debit Card,Delivered
ORD009772,2024-01-03,CUST1054,PROD0035,SELL027,4,0.1,COD,Delivered
ORD009773,2025-09-03,CUST0459,PROD0066,SELL005,1,0.1,UPI,Delivered
ORD009774,2025-06-15,CUST0382,PROD0124,SELL002,1,0.05,Debit Card,Shipped
ORD009775,2024-03-31,CUST1192,PROD0054,SELL058,3,0.05,Credit Card,Cancelled
ORD009776,2024-10-02,CUST0754,PROD0154,SELL007,4,0.15,UPI,Returned
ORD009777,2024-07-10,CUST0725,PROD0133,SELL011,1,0.1,Net Banking,Cancelled
ORD009778,2025-12-15,CUST1071,PROD0114,SELL003,2,0.15,COD,Delivered
ORD009779,2025-11-19,CUST0010,PROD0135,SELL007,4,0.15,COD,Delivered
ORD009780,2025-05-20,CUST0927,PROD0071,SELL020,1,0.1,Net Banking,Delivered
ORD009781,2024-11-18,CUST0947,PROD0110,SELL019,3,0.1,Debit Card,Delivered
ORD009782,2024-02-08,CUST1171,PROD0083,SELL047,1,0.0,COD,Returned
ORD009783,2024-06-29,CUST0621,PROD0008,SELL039,1,0.15,COD,Delivered
ORD009784,2024-03-08,CUST1179,PROD0101,SELL070,2,0.15,Net Banking,Delivered
ORD009785,2025-07-31,CUST0600,PROD0075,SELL078,1,0.2,Credit Card,Returned
ORD009786,2024-03-05,CUST0653,PROD0020,SELL062,1,0.05,Credit Card,Delivered
ORD009787,2025-05-10,CUST0832,PROD0178,SELL042,4,0.1,COD,Delivered
ORD009788,2025-11-27,CUST0669,PROD0167,SELL075,1,0.0,COD,Delivered
ORD009789,2024-08-13,CUST0027,PROD0180,SELL075,1,0.0,UPI,Returned
ORD009790,2025-05-15,CUST0991,PROD0020,SELL052,2,0.2,Net Banking,Cancelled
ORD009791,2025-10-04,CUST1037,PROD0063,SELL052,1,0.05,Credit Card,Delivered
ORD009792,2024-11-08,CUST0518,PROD0012,SELL072,1,0.05,Debit Card,Cancelled
ORD009793,2024-11-24,CUST0812,PROD0137,SELL020,2,0.05,Credit Card,Shipped
ORD009794,2024-05-26,CUST0797,PROD0124,SELL029,3,0.15,Credit Card,Delivered
ORD009795,2024-11-08,CUST0455,PROD0162,SELL068,2,0.0,Credit Card,Delivered
ORD009796,2025-09-30,CUST1043,PROD0046,SELL067,3,0.1,COD,Cancelled
ORD009797,2025-04-29,CUST0716,PROD0004,SELL010,1,0.05,Credit Card,Delivered
ORD009798,2024-05-27,CUST0055,PROD0153,SELL023,2,0.0,UPI,Delivered
ORD009799,2025-01-19,CUST0423,PROD0159,SELL028,3,0.05,UPI,Delivered
ORD009800,2025-05-31,CUST0479,PROD0040,SELL035,1,0.15,Net Banking,Delivered
ORD009801,2024-02-26,CUST0806,PROD0057,SELL064,3,0.15,COD,Delivered
ORD009802,2025-07-11,CUST0782,PROD0153,SELL029,2,0.1,Debit Card,Delivered
ORD009803,2024-05-27,CUST0950,PROD0017,SELL045,2,0.2,Credit Card,Delivered
ORD009804,2024-08-03,CUST0585,PROD0080,SELL029,3,0.15,Net Banking,Delivered
ORD009805,2024-10-31,CUST0829,PROD0071,SELL003,2,0.1,COD,Delivered
ORD009806,2025-01-04,CUST0785,PROD0124,SELL042,4,0.2,Credit Card,Delivered
ORD009807,2025-10-31,CUST0411,PROD0106,SELL064,2,0.05,Net Banking,Delivered
ORD009808,2024-06-12,CUST0243,PROD0058,SELL055,4,0.1,Debit Card,Cancelled
ORD009809,2024-07-06,CUST1108,PROD0020,SELL030,3,0.15,UPI,Delivered
ORD009810,2024-10-03,CUST0155,PROD0173,SELL060,3,0.1,Debit Card,Delivered
ORD009811,2025-09-18,CUST0462,PROD0150,SELL075,1,0.15,Net Banking,Delivered
ORD009812,2025-12-06,CUST1162,PROD0012,SELL055,1,0.05,COD,Delivered
ORD009813,2024-11-28,CUST1117,PROD0156,SELL075,3,0.2,Net Banking,Cancelled
ORD009814,2025-05-21,CUST0295,PROD0018,SELL019,2,0.1,Credit Card,Cancelled
ORD009815,2025-11-01,CUST1198,PROD0173,SELL070,1,0.15,COD,Delivered
ORD009816,2025-09-10,CUST0888,PROD0178,SELL021,1,0.1,Debit Card,Returned
ORD009817,2025-05-13,CUST0519,PROD0146,SELL078,4,0.15,UPI,Delivered
ORD009818,2025-01-30,CUST0447,PROD0101,SELL014,2,0.05,COD,Delivered
ORD009819,2025-12-20,CUST0223,PROD0033,SELL035,4,0.25,UPI,Shipped
ORD009820,2024-06-23,CUST0950,PROD0109,SELL057,1,0.1,UPI,Delivered
ORD009821,2024-09-22,CUST0326,PROD0068,SELL044,2,0.15,Credit Card,Delivered
ORD009822,2025-06-05,CUST0973,PROD0010,SELL026,1,0.1,UPI,Returned
ORD009823,2024-01-16,CUST0142,PROD0058,SELL020,2,0.0,Debit Card,Cancelled
ORD009824,2024-12-31,CUST0609,PROD0171,SELL039,3,0.0,COD,Delivered
ORD009825,2025-09-16,CUST0628,PROD0034,SELL004,1,0.0,UPI,Delivered
ORD009826,2024-05-09,CUST1094,PROD0138,SELL056,2,0.0,Credit Card,Delivered
ORD009827,2025-08-10,CUST1066,PROD0010,SELL050,1,0.05,Net Banking,Cancelled
ORD009828,2024-10-28,CUST1025,PROD0066,SELL074,3,0.05,COD,Shipped
ORD009829,2025-09-21,CUST1034,PROD0053,SELL017,3,0.05,UPI,Shipped
ORD009830,2025-04-09,CUST0164,PROD0135,SELL065,3,0.15,COD,Delivered
ORD009831,2024-04-24,CUST0711,PROD0132,SELL016,4,0.15,COD,Cancelled
ORD009832,2025-06-21,CUST1142,PROD0009,SELL061,1,0.1,COD,Shipped
ORD009833,2024-02-11,CUST0850,PROD0095,SELL071,3,0.05,Credit Card,Cancelled
ORD009834,2024-06-26,CUST0624,PROD0160,SELL062,2,0.0,COD,Delivered
ORD009835,2025-10-11,CUST1163,PROD0059,SELL055,1,0.1,COD,Returned
ORD009836,2025-10-02,CUST0909,PROD0116,SELL058,3,0.15,Debit Card,Shipped
ORD009837,2024-02-03,CUST0605,PROD0107,SELL007,4,0.15,Debit Card,Cancelled
ORD009838,2024-10-04,CUST0829,PROD0015,SELL045,2,0.15,Debit Card,Returned
ORD009839,2024-03-09,CUST1066,PROD0142,SELL066,4,0.1,Debit Card,Delivered
ORD009840,2024-07-17,CUST0349,PROD0123,SELL004,4,0.15,Net Banking,Shipped
ORD009841,2025-12-08,CUST0727,PROD0040,SELL076,3,0.0,Debit Card,Cancelled
ORD009842,2024-05-22,CUST0453,PROD0034,SELL034,3,0.05,COD,Shipped
ORD009843,2025-04-13,CUST0985,PROD0145,SELL070,3,0.05,Debit Card,Cancelled
ORD009844,2025-08-10,CUST0090,PROD0149,SELL075,2,0.05,UPI,Delivered
ORD009845,2025-10-05,CUST1012,PROD0059,SELL003,3,0.15,Credit Card,Delivered
ORD009846,2024-09-15,CUST0454,PROD0098,SELL068,3,0.15,Credit Card,Delivered
ORD009847,2025-05-24,CUST0565,PROD0031,SELL012,1,0.0,UPI,Delivered
ORD009848,2024-12-19,CUST0858,PROD0034,SELL045,2,0.15,Credit Card,Delivered
ORD009849,2024-03-19,CUST0537,PROD0023,SELL070,3,0.05,Net Banking,Delivered
ORD009850,2024-06-11,CUST0397,PROD0169,SELL052,4,0.05,Credit Card,Delivered
ORD009851,2025-06-30,CUST0600,PROD0065,SELL013,2,0.05,Credit Card,Delivered
ORD009852,2025-05-16,CUST1004,PROD0180,SELL050,3,0.0,COD,Cancelled
ORD009853,2025-01-15,CUST1184,PROD0007,SELL017,1,0.15,COD,Delivered
ORD009854,2025-07-24,CUST0519,PROD0026,SELL033,2,0.25,Credit Card,Shipped
ORD009855,2025-05-20,CUST0300,PROD0174,SELL060,3,0.0,Net Banking,Delivered
ORD009856,2024-09-05,CUST0414,PROD0049,SELL055,4,0.15,UPI,Cancelled
ORD009857,2024-08-02,CUST1155,PROD0101,SELL079,4,0.15,Credit Card,Delivered
ORD009858,2025-11-21,CUST0808,PROD0077,SELL041,1,0.2,COD,Delivered
ORD009859,2025-12-11,CUST0861,PROD0020,SELL065,4,0.25,Net Banking,Shipped
ORD009860,2024-01-23,CUST0982,PROD0156,SELL003,3,0.1,UPI,Shipped
ORD009861,2025-08-01,CUST1168,PROD0108,SELL045,2,0.15,COD,Shipped
ORD009862,2024-04-07,CUST0548,PROD0090,SELL051,2,0.25,COD,Delivered
ORD009863,2025-09-21,CUST0603,PROD0100,SELL035,1,0.1,Credit Card,Returned
ORD009864,2025-03-06,CUST0164,PROD0141,SELL076,3,0.15,Net Banking,Shipped
ORD009865,2025-05-17,CUST0876,PROD0087,SELL034,1,0.15,Debit Card,Returned
ORD009866,2025-05-27,CUST0912,PROD0062,SELL027,3,0.15,Debit Card,Delivered
ORD009867,2025-03-18,CUST1023,PROD0013,SELL041,3,0.0,Net Banking,Delivered
ORD009868,2024-07-02,CUST0794,PROD0003,SELL080,3,0.05,UPI,Delivered
ORD009869,2025-08-13,CUST0937,PROD0108,SELL042,1,0.1,Credit Card,Cancelled
ORD009870,2025-02-09,CUST0021,PROD0115,SELL020,3,0.0,COD,Shipped
ORD009871,2025-02-02,CUST1193,PROD0040,SELL019,3,0.25,Credit Card,Shipped
ORD009872,2024-08-20,CUST0965,PROD0009,SELL052,1,0.05,COD,Shipped
ORD009873,2024-01-08,CUST0084,PROD0160,SELL041,4,0.1,Credit Card,Delivered
ORD009874,2025-02-09,CUST0625,PROD0046,SELL005,1,0.2,Debit Card,Delivered
ORD009875,2024-09-09,CUST0149,PROD0082,SELL077,2,0.0,Debit Card,Delivered
ORD009876,2025-04-26,CUST0629,PROD0060,SELL014,4,0.2,UPI,Cancelled
ORD009877,2024-09-23,CUST0108,PROD0022,SELL040,4,0.1,Credit Card,Returned
ORD009878,2025-12-12,CUST0685,PROD0113,SELL049,2,0.15,Net Banking,Delivered
ORD009879,2025-05-12,CUST0728,PROD0089,SELL043,2,0.05,Net Banking,Shipped
ORD009880,2024-11-29,CUST0696,PROD0030,SELL021,3,0.0,Net Banking,Shipped
ORD009881,2025-06-01,CUST0564,PROD0172,SELL058,4,0.0,COD,Returned
ORD009882,2025-04-18,CUST0253,PROD0033,SELL056,2,0.25,Credit Card,Shipped
ORD009883,2025-03-29,CUST0993,PROD0042,SELL061,4,0.05,Credit Card,Delivered
ORD009884,2025-02-26,CUST1023,PROD0009,SELL026,3,0.05,Net Banking,Delivered
ORD009885,2025-11-12,CUST0668,PROD0177,SELL009,4,0.15,Credit Card,Delivered
ORD009886,2024-08-20,CUST0524,PROD0007,SELL054,4,0.25,Credit Card,Shipped
ORD009887,2024-11-12,CUST0196,PROD0048,SELL014,1,0.05,COD,Cancelled
ORD009888,2024-07-03,CUST0512,PROD0097,SELL047,1,0.1,Net Banking,Returned
ORD009889,2025-02-20,CUST0279,PROD0017,SELL044,3,0.0,Debit Card,Returned
ORD009890,2025-12-23,CUST1126,PROD0003,SELL072,2,0.15,UPI,Delivered
ORD009891,2025-03-20,CUST0430,PROD0073,SELL066,1,0.05,COD,Delivered
ORD009892,2024-05-31,CUST0832,PROD0005,SELL060,2,0.15,COD,Returned
ORD009893,2025-11-04,CUST0268,PROD0121,SELL051,2,0.15,Net Banking,Delivered
ORD009894,2025-07-31,CUST0977,PROD0019,SELL023,3,0.25,COD,Delivered
ORD009895,2024-11-17,CUST1200,PROD0135,SELL024,2,0.05,COD,Cancelled
ORD009896,2024-04-17,CUST0703,PROD0092,SELL042,2,0.0,COD,Returned
ORD009897,2024-10-21,CUST0591,PROD0014,SELL066,3,0.25,Net Banking,Returned
ORD009898,2025-08-10,CUST0617,PROD0162,SELL006,3,0.15,Net Banking,Delivered
ORD009899,2025-02-25,CUST0895,PROD0152,SELL013,3,0.1,Net Banking,Returned
ORD009900,2024-05-15,CUST0796,PROD0133,SELL034,1,0.1,COD,Returned
ORD009901,2024-04-25,CUST0244,PROD0069,SELL029,3,0.15,Net Banking,Delivered
ORD009902,2025-12-07,CUST1172,PROD0134,SELL030,2,0.0,UPI,Returned
ORD009903,2024-11-22,CUST1170,PROD0153,SELL021,2,0.05,Debit Card,Delivered
ORD009904,2025-05-16,CUST0069,PROD0142,SELL014,3,0.2,Debit Card,Returned
ORD009905,2024-09-20,CUST0501,PROD0175,SELL053,1,0.05,COD,Delivered
ORD009906,2024-03-06,CUST0462,PROD0121,SELL057,1,0.1,COD,Shipped
ORD009907,2024-10-28,CUST0596,PROD0103,SELL002,2,0.1,Debit Card,Delivered
ORD009908,2025-05-21,CUST0106,PROD0086,SELL029,3,0.15,Debit Card,Returned
ORD009909,2024-08-31,CUST1108,PROD0121,SELL042,4,0.15,Net Banking,Cancelled
ORD009910,2025-03-17,CUST1098,PROD0014,SELL019,4,0.15,Net Banking,Delivered
ORD009911,2024-11-16,CUST0392,PROD0131,SELL011,4,0.0,COD,Delivered
ORD009912,2024-09-03,CUST0191,PROD0041,SELL059,4,0.1,Debit Card,Shipped
ORD009913,2024-07-05,CUST0613,PROD0011,SELL014,2,0.2,Credit Card,Returned
ORD009914,2024-07-09,CUST0743,PROD0139,SELL045,4,0.05,Credit Card,Delivered
ORD009915,2024-07-05,CUST0174,PROD0152,SELL039,3,0.15,UPI,Delivered
ORD009916,2025-06-09,CUST0073,PROD0023,SELL033,3,0.15,Credit Card,Cancelled
ORD009917,2024-09-03,CUST0433,PROD0149,SELL047,2,0.0,Credit Card,Cancelled
ORD009918,2025-06-25,CUST0740,PROD0057,SELL011,4,0.1,UPI,Delivered
ORD009919,2024-08-15,CUST0370,PROD0031,SELL051,4,0.15,Debit Card,Delivered
ORD009920,2024-08-27,CUST0497,PROD0147,SELL034,1,0.2,COD,Shipped
ORD009921,2025-11-06,CUST0101,PROD0170,SELL077,3,0.15,Credit Card,Delivered
ORD009922,2025-10-02,CUST0737,PROD0042,SELL034,2,0.15,Debit Card,Shipped
ORD009923,2024-10-19,CUST0864,PROD0033,SELL057,1,0.1,Debit Card,Delivered
ORD009924,2024-07-15,CUST0294,PROD0139,SELL002,2,0.2,Net Banking,Cancelled
ORD009925,2025-06-07,CUST1186,PROD0102,SELL013,2,0.0,UPI,Delivered
ORD009926,2024-02-21,CUST0848,PROD0170,SELL040,4,0.1,Credit Card,Delivered
ORD009927,2024-11-29,CUST1009,PROD0073,SELL078,1,0.0,Net Banking,Returned
ORD009928,2025-03-14,CUST0651,PROD0131,SELL076,4,0.25,Net Banking,Cancelled
ORD009929,2025-05-08,CUST0562,PROD0162,SELL059,3,0.15,Net Banking,Returned
ORD009930,2024-03-19,CUST0170,PROD0002,SELL027,3,0.2,COD,Delivered
ORD009931,2024-01-03,CUST0850,PROD0027,SELL022,1,0.0,UPI,Shipped
ORD009932,2024-07-21,CUST0636,PROD0062,SELL001,1,0.1,COD,Delivered
ORD009933,2024-03-28,CUST0009,PROD0060,SELL046,1,0.15,COD,Delivered
ORD009934,2025-01-05,CUST0871,PROD0115,SELL032,4,0.15,Debit Card,Delivered
ORD009935,2025-11-03,CUST0896,PROD0180,SELL026,3,0.1,UPI,Cancelled
ORD009936,2024-07-28,CUST1171,PROD0072,SELL080,4,0.15,Debit Card,Cancelled
ORD009937,2024-11-27,CUST0693,PROD0044,SELL045,1,0.05,COD,Returned
ORD009938,2024-06-06,CUST0953,PROD0039,SELL041,3,0.1,COD,Cancelled
ORD009939,2024-02-02,CUST1025,PROD0172,SELL078,4,0.15,COD,Delivered
ORD009940,2025-05-29,CUST0576,PROD0076,SELL065,3,0.05,COD,Returned
ORD009941,2024-07-06,CUST0590,PROD0121,SELL053,3,0.1,UPI,Returned
ORD009942,2025-02-03,CUST0511,PROD0175,SELL079,3,0.15,Net Banking,Cancelled
ORD009943,2025-05-14,CUST0279,PROD0151,SELL062,3,0.1,Debit Card,Returned
ORD009944,2025-09-05,CUST1050,PROD0158,SELL020,2,0.2,UPI,Delivered
ORD009945,2024-05-15,CUST1095,PROD0042,SELL057,4,0.0,Debit Card,Cancelled
ORD009946,2025-02-28,CUST0618,PROD0018,SELL022,4,0.05,Debit Card,Shipped
ORD009947,2025-10-27,CUST0628,PROD0171,SELL016,1,0.15,Debit Card,Delivered
ORD009948,2024-12-19,CUST0653,PROD0080,SELL067,4,0.2,Net Banking,Shipped
ORD009949,2024-01-30,CUST0183,PROD0023,SELL003,4,0.05,Credit Card,Cancelled
ORD009950,2024-07-09,CUST1170,PROD0071,SELL076,1,0.05,Net Banking,Delivered
ORD009951,2025-08-03,CUST0016,PROD0156,SELL044,1,0.05,Debit Card,Cancelled
ORD009952,2025-08-02,CUST0577,PROD0016,SELL028,2,0.2,Debit Card,Cancelled
ORD009953,2024-08-17,CUST0760,PROD0070,SELL038,2,0.2,COD,Delivered
ORD009954,2024-05-23,CUST1136,PROD0073,SELL062,2,0.15,Net Banking,Delivered
ORD009955,2024-08-01,CUST0272,PROD0169,SELL049,1,0.0,COD,Cancelled
ORD009956,2024-06-26,CUST0601,PROD0093,SELL080,1,0.0,Credit Card,Cancelled
ORD009957,2025-06-25,CUST0217,PROD0030,SELL010,4,0.05,UPI,Delivered
ORD009958,2025-09-07,CUST0186,PROD0031,SELL076,2,0.0,COD,Delivered
ORD009959,2024-02-04,CUST0248,PROD0035,SELL024,2,0.1,Debit Card,Delivered
ORD009960,2025-06-25,CUST1092,PROD0105,SELL050,3,0.05,Credit Card,Shipped
ORD009961,2025-07-04,CUST0876,PROD0120,SELL018,3,0.0,Debit Card,Shipped
ORD009962,2025-03-24,CUST0236,PROD0034,SELL007,2,0.15,Net Banking,Delivered
ORD009963,2025-09-28,CUST1069,PROD0101,SELL008,4,0.1,Credit Card,Cancelled
ORD009964,2024-01-29,CUST0196,PROD0057,SELL034,2,0.15,UPI,Delivered
ORD009965,2025-05-26,CUST0383,PROD0058,SELL024,4,0.05,COD,Cancelled
ORD009966,2024-04-03,CUST1123,PROD0172,SELL047,2,0.2,COD,Delivered
ORD009967,2025-10-17,CUST0309,PROD0099,SELL059,1,0.0,Credit Card,Delivered
ORD009968,2024-12-31,CUST0857,PROD0178,SELL080,3,0.1,COD,Delivered
ORD009969,2024-03-07,CUST0821,PROD0068,SELL017,2,0.0,Net Banking,Shipped
ORD009970,2025-06-29,CUST1131,PROD0146,SELL014,1,0.05,Credit Card,Returned
ORD009971,2025-07-01,CUST0513,PROD0054,SELL036,4,0.1,UPI,Returned
ORD009972,2024-12-05,CUST0656,PROD0058,SELL050,1,0.1,Credit Card,Delivered
ORD009973,2024-08-14,CUST1135,PROD0153,SELL052,2,0.15,UPI,Delivered
ORD009974,2024-01-13,CUST1046,PROD0180,SELL033,2,0.05,UPI,Delivered
ORD009975,2025-10-25,CUST0943,PROD0155,SELL064,1,0.15,COD,Cancelled
ORD009976,2024-05-14,CUST0854,PROD0074,SELL068,4,0.05,Debit Card,Shipped
ORD009977,2025-09-08,CUST0445,PROD0138,SELL045,3,0.0,COD,Cancelled
ORD009978,2025-03-06,CUST0954,PROD0029,SELL044,2,0.0,COD,Shipped
ORD009979,2025-05-15,CUST0804,PROD0022,SELL068,4,0.2,Debit Card,Delivered
ORD009980,2025-05-22,CUST1116,PROD0002,SELL065,3,0.1,Credit Card,Delivered
ORD009981,2025-09-19,CUST1134,PROD0010,SELL041,1,0.1,Debit Card,Shipped
ORD009982,2024-01-25,CUST0046,PROD0050,SELL036,4,0.2,Credit Card,Returned
ORD009983,2025-12-25,CUST0995,PROD0145,SELL009,1,0.2,UPI,Shipped
ORD009984,2024-02-01,CUST0045,PROD0167,SELL062,3,0.15,Debit Card,Shipped
ORD009985,2025-12-31,CUST0661,PROD0098,SELL078,4,0.1,Net Banking,Delivered
ORD009986,2024-07-10,CUST0139,PROD0130,SELL064,4,0.2,Net Banking,Returned
ORD009987,2025-09-10,CUST0437,PROD0105,SELL038,4,0.0,UPI,Delivered
ORD009988,2024-03-02,CUST0479,PROD0162,SELL006,4,0.25,Credit Card,Delivered
ORD009989,2024-12-02,CUST0903,PROD0092,SELL067,3,0.0,Debit Card,Delivered
ORD009990,2025-01-31,CUST0177,PROD0082,SELL009,3,0.05,COD,Cancelled
ORD009991,2025-11-28,CUST0810,PROD0148,SELL028,2,0.2,Debit Card,Delivered
ORD009992,2024-03-31,CUST0354,PROD0085,SELL050,4,0.0,Debit Card,Shipped
ORD009993,2024-01-27,CUST0463,PROD0050,SELL055,2,0.1,Net Banking,Returned
ORD009994,2025-04-18,CUST0309,PROD0154,SELL016,4,0.1,COD,Returned
ORD009995,2024-02-05,CUST0830,PROD0112,SELL024,3,0.1,UPI,Delivered
ORD009996,2025-07-22,CUST0979,PROD0114,SELL046,4,0.15,Debit Card,Returned
ORD009997,2024-01-29,CUST0458,PROD0150,SELL032,2,0.15,UPI,Cancelled
ORD009998,2025-12-10,CUST0726,PROD0072,SELL003,1,0.2,UPI,Cancelled
ORD009999,2025-01-24,CUST0927,PROD0046,SELL059,1,0.2,Debit Card,Returned
ORD010000,2025-11-24,CUST0518,PROD0158,SELL009,1,0.1,COD,Returned
ORD010001,2024-04-02,CUST0958,PROD0020,SELL064,4,0.15,COD,Delivered
ORD010002,2024-07-18,CUST0208,PROD0006,SELL035,2,0.1,Debit Card,Delivered
ORD010003,2024-11-28,CUST0640,PROD0081,SELL048,2,0.1,Credit Card,Delivered
ORD010004,2024-01-22,CUST1047,PROD0123,SELL008,1,0.0,COD,Returned
ORD010005,2024-03-16,CUST0373,PROD0053,SELL070,3,0.2,Debit Card,Shipped
ORD010006,2024-08-28,CUST1198,PROD0087,SELL004,1,0.05,UPI,Delivered
ORD010007,2025-06-22,CUST0797,PROD0081,SELL036,2,0.05,COD,Shipped
ORD010008,2025-06-01,CUST1072,PROD0062,SELL006,1,0.05,Credit Card,Delivered
ORD010009,2024-03-04,CUST0494,PROD0007,SELL001,3,0.1,Net Banking,Delivered
ORD010010,2024-02-13,CUST1013,PROD0120,SELL073,2,0.2,Debit Card,Cancelled
ORD010011,2025-04-24,CUST1033,PROD0082,SELL005,2,0.0,Debit Card,Shipped
ORD010012,2024-09-19,CUST1160,PROD0083,SELL008,4,0.0,Credit Card,Delivered
ORD010013,2025-08-02,CUST1048,PROD0146,SELL011,2,0.1,Net Banking,Cancelled
ORD010014,2024-08-05,CUST0580,PROD0049,SELL023,1,0.0,Credit Card,Returned
ORD010015,2024-09-22,CUST0618,PROD0080,SELL042,4,0.15,UPI,Returned
ORD010016,2024-06-09,CUST0981,PROD0145,SELL051,1,0.0,Credit Card,Returned
ORD010017,2024-07-13,CUST0636,PROD0067,SELL037,2,0.1,Net Banking,Cancelled
ORD010018,2025-05-31,CUST0812,PROD0164,SELL073,2,0.2,UPI,Shipped
ORD010019,2024-12-10,CUST0211,PROD0002,SELL061,1,0.05,UPI,Delivered
ORD010020,2025-04-26,CUST0372,PROD0171,SELL066,3,0.05,UPI,Delivered
ORD010021,2024-02-27,CUST0781,PROD0145,SELL013,2,0.15,COD,Delivered
ORD010022,2025-01-26,CUST0908,PROD0121,SELL078,4,0.05,Debit Card,Returned
ORD010023,2024-12-01,CUST0919,PROD0174,SELL065,3,0.05,COD,Delivered
ORD010024,2025-10-27,CUST0776,PROD0103,SELL040,2,0.2,UPI,Delivered
ORD010025,2024-11-05,CUST0040,PROD0028,SELL080,2,0.1,Debit Card,Shipped
ORD010026,2024-03-16,CUST0137,PROD0044,SELL014,3,0.15,Net Banking,Delivered
ORD010027,2025-05-24,CUST1080,PROD0022,SELL070,3,0.2,Credit Card,Returned
ORD010028,2024-04-19,CUST0089,PROD0060,SELL075,4,0.0,COD,Delivered
ORD010029,2025-10-26,CUST0056,PROD0079,SELL044,3,0.1,Debit Card,Cancelled
ORD010030,2024-10-07,CUST0169,PROD0043,SELL026,1,0.05,UPI,Delivered
ORD010031,2025-07-27,CUST0043,PROD0095,SELL038,2,0.25,Net Banking,Cancelled
ORD010032,2025-04-24,CUST0435,PROD0036,SELL066,2,0.2,Debit Card,Returned
ORD010033,2024-12-05,CUST1005,PROD0062,SELL080,4,0.0,UPI,Shipped
ORD010034,2025-03-02,CUST0322,PROD0144,SELL062,3,0.2,COD,Shipped
ORD010035,2024-05-13,CUST1021,PROD0029,SELL036,3,0.15,Debit Card,Delivered
ORD010036,2024-02-24,CUST0614,PROD0015,SELL049,3,0.15,Credit Card,Delivered
ORD010037,2025-07-14,CUST0048,PROD0128,SELL077,3,0.1,Net Banking,Delivered
ORD010038,2025-12-01,CUST0007,PROD0030,SELL059,1,0.1,Net Banking,Shipped
ORD010039,2025-09-22,CUST0582,PROD0109,SELL054,2,0.15,Credit Card,Cancelled
ORD010040,2024-08-11,CUST0689,PROD0114,SELL055,2,0.15,UPI,Delivered
ORD010041,2024-09-18,CUST0003,PROD0014,SELL042,3,0.0,COD,Cancelled
ORD010042,2024-09-19,CUST0440,PROD0144,SELL052,3,0.15,Net Banking,Returned
ORD010043,2025-05-28,CUST0337,PROD0058,SELL024,1,0.25,UPI,Returned
ORD010044,2025-03-31,CUST0977,PROD0171,SELL006,1,0.1,Debit Card,Delivered
ORD010045,2025-08-05,CUST0574,PROD0125,SELL031,3,0.0,UPI,Returned
ORD010046,2025-11-21,CUST0664,PROD0177,SELL043,4,0.1,Credit Card,Delivered
ORD010047,2024-10-13,CUST1186,PROD0167,SELL033,2,0.1,UPI,Delivered
ORD010048,2025-04-29,CUST0940,PROD0042,SELL058,1,0.0,UPI,Delivered
ORD010049,2024-12-31,CUST0231,PROD0029,SELL072,2,0.0,Credit Card,Delivered
ORD010050,2025-11-28,CUST0578,PROD0080,SELL017,1,0.0,COD,Shipped
ORD010051,2024-09-15,CUST0781,PROD0118,SELL004,3,0.0,UPI,Cancelled
ORD010052,2024-05-17,CUST0225,PROD0084,SELL027,4,0.2,Credit Card,Shipped
ORD010053,2024-10-03,CUST1083,PROD0156,SELL023,1,0.15,Debit Card,Delivered
ORD010054,2025-03-28,CUST0540,PROD0059,SELL031,3,0.1,Net Banking,Cancelled
ORD010055,2025-11-27,CUST0164,PROD0083,SELL045,1,0.1,UPI,Cancelled
ORD010056,2025-08-28,CUST0215,PROD0090,SELL045,1,0.1,Debit Card,Delivered
ORD010057,2024-01-14,CUST0669,PROD0151,SELL042,2,0.0,Credit Card,Delivered
ORD010058,2025-01-07,CUST0394,PROD0006,SELL045,1,0.1,UPI,Shipped
ORD010059,2024-04-26,CUST0386,PROD0007,SELL065,4,0.15,Net Banking,Returned
ORD010060,2024-09-21,CUST0754,PROD0170,SELL029,1,0.15,Net Banking,Delivered
ORD010061,2025-11-21,CUST1096,PROD0087,SELL069,3,0.0,Debit Card,Shipped
ORD010062,2025-12-20,CUST0172,PROD0075,SELL069,1,0.05,UPI,Cancelled
ORD010063,2024-04-22,CUST0535,PROD0145,SELL035,4,0.15,Debit Card,Cancelled
ORD010064,2024-04-13,CUST0965,PROD0118,SELL029,1,0.1,Debit Card,Shipped
ORD010065,2025-05-24,CUST0365,PROD0043,SELL056,2,0.15,Net Banking,Delivered
ORD010066,2024-10-27,CUST0434,PROD0125,SELL034,3,0.15,Net Banking,Delivered
ORD010067,2024-11-12,CUST0945,PROD0104,SELL045,1,0.15,Net Banking,Delivered
ORD010068,2025-09-30,CUST0454,PROD0016,SELL010,4,0.1,Credit Card,Shipped
ORD010069,2025-11-03,CUST0685,PROD0089,SELL075,2,0.05,Debit Card,Cancelled
ORD010070,2025-10-20,CUST0640,PROD0155,SELL039,4,0.0,Debit Card,Cancelled
ORD010071,2025-07-26,CUST0189,PROD0139,SELL041,4,0.2,Debit Card,Returned
ORD010072,2025-12-17,CUST0713,PROD0064,SELL003,1,0.25,COD,Delivered
ORD010073,2025-06-10,CUST0034,PROD0146,SELL014,1,0.15,Net Banking,Shipped
ORD010074,2025-10-08,CUST0964,PROD0131,SELL074,3,0.15,Net Banking,Delivered
ORD010075,2025-01-30,CUST0797,PROD0096,SELL042,2,0.25,Net Banking,Shipped
ORD010076,2024-02-07,CUST0754,PROD0004,SELL034,3,0.2,Debit Card,Returned
ORD010077,2025-08-19,CUST0143,PROD0119,SELL015,4,0.15,Debit Card,Cancelled
ORD010078,2025-11-10,CUST0482,PROD0179,SELL048,1,0.05,COD,Returned
ORD010079,2024-08-16,CUST0548,PROD0055,SELL047,3,0.1,COD,Cancelled
ORD010080,2024-11-08,CUST0298,PROD0106,SELL020,4,0.15,COD,Returned
ORD010081,2025-02-22,CUST0262,PROD0141,SELL001,1,0.15,Debit Card,Returned
ORD010082,2025-04-21,CUST0942,PROD0040,SELL038,4,0.15,Credit Card,Returned
ORD010083,2025-05-08,CUST0321,PROD0157,SELL030,2,0.05,UPI,Returned
ORD010084,2024-10-15,CUST0173,PROD0006,SELL036,1,0.05,Net Banking,Returned
ORD010085,2025-09-16,CUST0645,PROD0154,SELL043,2,0.05,Credit Card,Delivered
ORD010086,2025-08-17,CUST1169,PROD0004,SELL010,2,0.2,Net Banking,Cancelled
ORD010087,2025-11-19,CUST0945,PROD0164,SELL012,3,0.05,UPI,Delivered
ORD010088,2025-02-24,CUST0884,PROD0070,SELL014,4,0.15,UPI,Delivered
ORD010089,2024-02-26,CUST0168,PROD0092,SELL051,2,0.25,UPI,Delivered
ORD010090,2025-09-10,CUST0382,PROD0026,SELL040,3,0.0,UPI,Delivered
ORD010091,2024-02-28,CUST0083,PROD0093,SELL062,3,0.05,UPI,Delivered
ORD010092,2024-05-21,CUST0603,PROD0119,SELL011,3,0.15,Debit Card,Shipped
ORD010093,2024-07-27,CUST0661,PROD0167,SELL066,4,0.0,UPI,Delivered
ORD010094,2024-05-15,CUST0844,PROD0157,SELL072,2,0.05,UPI,Delivered
ORD010095,2025-06-13,CUST1043,PROD0064,SELL050,4,0.0,COD,Delivered
ORD010096,2024-11-17,CUST0258,PROD0022,SELL001,1,0.05,COD,Returned
ORD010097,2024-06-09,CUST0848,PROD0010,SELL014,4,0.0,COD,Delivered
ORD010098,2024-01-04,CUST0801,PROD0090,SELL026,2,0.05,UPI,Returned
ORD010099,2024-06-07,CUST0718,PROD0048,SELL008,1,0.0,Debit Card,Delivered
ORD010100,2025-05-21,CUST0413,PROD0085,SELL066,4,0.1,UPI,Shipped
ORD010101,2025-08-03,CUST0232,PROD0075,SELL012,4,0.0,COD,Delivered
ORD010102,2024-08-04,CUST0365,PROD0167,SELL009,4,0.25,Debit Card,Delivered
ORD010103,2024-02-23,CUST0283,PROD0098,SELL044,1,0.0,UPI,Delivered
ORD010104,2025-02-11,CUST1129,PROD0113,SELL004,3,0.05,Debit Card,Returned
ORD010105,2025-07-26,CUST0092,PROD0168,SELL015,3,0.05,Credit Card,Delivered
ORD010106,2024-02-21,CUST0275,PROD0119,SELL024,1,0.2,Net Banking,Returned
ORD010107,2025-08-04,CUST0592,PROD0170,SELL014,4,0.05,COD,Returned
ORD010108,2024-05-04,CUST0271,PROD0167,SELL053,1,0.1,Debit Card,Delivered
ORD010109,2024-07-07,CUST0894,PROD0042,SELL010,2,0.1,Debit Card,Cancelled
ORD010110,2025-03-31,CUST1120,PROD0038,SELL053,1,0.1,Net Banking,Shipped
ORD010111,2024-02-07,CUST0659,PROD0044,SELL027,4,0.1,Net Banking,Delivered
ORD010112,2024-08-11,CUST1069,PROD0076,SELL003,2,0.0,Credit Card,Delivered
ORD010113,2024-04-11,CUST0245,PROD0135,SELL072,1,0.1,Credit Card,Delivered
ORD010114,2024-06-05,CUST1033,PROD0007,SELL052,1,0.05,Debit Card,Cancelled
ORD010115,2025-07-19,CUST0747,PROD0073,SELL013,2,0.0,COD,Delivered
ORD010116,2024-06-16,CUST1071,PROD0023,SELL079,2,0.1,Net Banking,Delivered
ORD010117,2024-02-01,CUST0143,PROD0024,SELL033,4,0.15,Credit Card,Shipped
ORD010118,2024-06-06,CUST1139,PROD0023,SELL065,1,0.2,UPI,Cancelled
ORD010119,2024-03-04,CUST0426,PROD0169,SELL001,1,0.1,UPI,Cancelled
ORD010120,2025-03-31,CUST0307,PROD0018,SELL005,1,0.05,UPI,Delivered
ORD010121,2025-12-12,CUST0823,PROD0144,SELL004,3,0.15,Debit Card,Returned
ORD010122,2024-05-02,CUST0124,PROD0129,SELL074,1,0.15,Credit Card,Delivered
ORD010123,2025-06-16,CUST0757,PROD0162,SELL021,1,0.1,Credit Card,Cancelled
ORD010124,2024-09-22,CUST0831,PROD0138,SELL057,4,0.1,Debit Card,Delivered
ORD010125,2024-02-22,CUST0773,PROD0146,SELL060,4,0.15,COD,Delivered
ORD010126,2025-05-17,CUST0267,PROD0164,SELL001,4,0.1,Credit Card,Returned
ORD010127,2024-06-02,CUST0841,PROD0004,SELL053,2,0.15,Credit Card,Shipped
ORD010128,2025-01-10,CUST1046,PROD0012,SELL035,3,0.05,Net Banking,Delivered
ORD010129,2025-01-05,CUST0483,PROD0029,SELL064,4,0.05,Credit Card,Returned
ORD010130,2025-03-12,CUST0886,PROD0091,SELL069,3,0.2,Debit Card,Cancelled
ORD010131,2024-04-08,CUST0390,PROD0111,SELL053,4,0.2,Net Banking,Delivered
ORD010132,2024-07-02,CUST1081,PROD0059,SELL043,3,0.15,Debit Card,Delivered
ORD010133,2025-06-23,CUST0384,PROD0102,SELL004,4,0.05,Credit Card,Delivered
ORD010134,2025-11-12,CUST0413,PROD0180,SELL011,1,0.15,Credit Card,Delivered
ORD010135,2024-01-09,CUST0633,PROD0049,SELL049,3,0.15,UPI,Returned
ORD010136,2024-10-29,CUST0601,PROD0124,SELL033,2,0.25,UPI,Delivered
ORD010137,2025-10-06,CUST1115,PROD0044,SELL065,1,0.0,Net Banking,Delivered
ORD010138,2024-07-28,CUST0778,PROD0117,SELL018,2,0.1,UPI,Delivered
ORD010139,2024-11-23,CUST0078,PROD0053,SELL006,1,0.05,UPI,Delivered
ORD010140,2025-10-23,CUST0484,PROD0171,SELL042,4,0.1,COD,Returned
ORD010141,2025-12-09,CUST0145,PROD0049,SELL028,4,0.0,COD,Delivered
ORD010142,2025-04-24,CUST1135,PROD0069,SELL075,2,0.05,Debit Card,Delivered
ORD010143,2025-05-22,CUST0040,PROD0157,SELL048,2,0.1,Net Banking,Cancelled
ORD010144,2025-03-24,CUST1162,PROD0080,SELL055,3,0.05,Credit Card,Cancelled
ORD010145,2024-07-26,CUST1121,PROD0020,SELL071,3,0.0,Net Banking,Cancelled
ORD010146,2025-10-10,CUST1083,PROD0023,SELL029,1,0.15,Net Banking,Returned
ORD010147,2024-01-25,CUST0265,PROD0002,SELL019,4,0.05,COD,Returned
ORD010148,2024-02-12,CUST1132,PROD0104,SELL022,4,0.0,Net Banking,Delivered
ORD010149,2025-03-15,CUST0833,PROD0155,SELL056,4,0.1,Net Banking,Delivered
ORD010150,2025-09-04,CUST0898,PROD0139,SELL008,4,0.1,COD,Shipped
ORD010151,2025-08-18,CUST0247,PROD0118,SELL041,1,0.2,Credit Card,Returned
ORD010152,2025-05-10,CUST0670,PROD0073,SELL057,2,0.15,Credit Card,Cancelled
ORD010153,2024-10-02,CUST0972,PROD0081,SELL042,1,0.05,COD,Delivered
ORD010154,2024-09-20,CUST0028,PROD0022,SELL056,3,0.15,Credit Card,Delivered
ORD010155,2024-11-07,CUST0955,PROD0104,SELL022,4,0.15,Debit Card,Delivered
ORD010156,2024-07-06,CUST0540,PROD0102,SELL021,3,0.05,COD,Cancelled
ORD010157,2024-11-02,CUST0032,PROD0118,SELL020,2,0.05,Credit Card,Delivered
ORD010158,2024-03-17,CUST0975,PROD0062,SELL041,2,0.05,Credit Card,Delivered
ORD010159,2024-08-21,CUST0595,PROD0066,SELL042,2,0.1,UPI,Delivered
ORD010160,2025-11-18,CUST0584,PROD0034,SELL056,3,0.1,Net Banking,Shipped
ORD010161,2025-05-31,CUST0187,PROD0004,SELL032,2,0.05,Net Banking,Delivered
ORD010162,2024-04-13,CUST0216,PROD0142,SELL033,3,0.1,Net Banking,Cancelled
ORD010163,2024-07-28,CUST0670,PROD0095,SELL021,2,0.1,Debit Card,Delivered
ORD010164,2024-07-08,CUST0039,PROD0040,SELL025,1,0.05,Credit Card,Shipped
ORD010165,2024-07-24,CUST0692,PROD0129,SELL001,4,0.1,UPI,Delivered
ORD010166,2025-05-20,CUST0632,PROD0008,SELL026,2,0.15,Debit Card,Returned
ORD010167,2025-10-16,CUST0793,PROD0032,SELL071,4,0.0,Debit Card,Shipped
ORD010168,2025-06-03,CUST1026,PROD0003,SELL076,1,0.15,UPI,Delivered
ORD010169,2024-12-23,CUST0652,PROD0126,SELL023,2,0.05,Debit Card,Delivered
ORD010170,2024-04-27,CUST0484,PROD0053,SELL025,1,0.1,Credit Card,Cancelled
ORD010171,2024-04-14,CUST0051,PROD0129,SELL062,4,0.25,COD,Delivered
ORD010172,2025-08-18,CUST1185,PROD0054,SELL044,4,0.1,Net Banking,Delivered
ORD010173,2025-05-10,CUST0939,PROD0041,SELL011,4,0.0,Debit Card,Delivered
ORD010174,2025-01-08,CUST0284,PROD0180,SELL047,3,0.05,Debit Card,Delivered
ORD010175,2025-02-25,CUST1073,PROD0007,SELL033,3,0.1,UPI,Delivered
ORD010176,2025-09-12,CUST0284,PROD0064,SELL066,4,0.15,Debit Card,Cancelled
ORD010177,2025-08-17,CUST0977,PROD0138,SELL077,3,0.1,COD,Delivered
ORD010178,2024-03-04,CUST0033,PROD0125,SELL067,4,0.2,COD,Returned
ORD010179,2024-10-15,CUST0619,PROD0167,SELL036,3,0.15,Debit Card,Cancelled
ORD010180,2024-02-01,CUST0237,PROD0133,SELL043,3,0.15,UPI,Delivered
ORD010181,2024-10-08,CUST0742,PROD0071,SELL010,2,0.2,Net Banking,Returned
ORD010182,2025-04-10,CUST0701,PROD0067,SELL029,2,0.2,COD,Shipped
ORD010183,2024-06-01,CUST0592,PROD0056,SELL061,2,0.0,Net Banking,Delivered
ORD010184,2024-04-19,CUST0301,PROD0125,SELL048,4,0.15,Debit Card,Cancelled
ORD010185,2024-12-24,CUST0131,PROD0024,SELL037,2,0.2,COD,Delivered
ORD010186,2025-01-18,CUST0025,PROD0009,SELL027,3,0.15,Credit Card,Returned
ORD010187,2025-06-06,CUST0436,PROD0081,SELL004,2,0.05,Credit Card,Delivered
ORD010188,2024-01-11,CUST1196,PROD0087,SELL066,4,0.15,Credit Card,Shipped
ORD010189,2024-06-30,CUST0847,PROD0046,SELL010,3,0.2,Credit Card,Returned
ORD010190,2025-07-24,CUST0297,PROD0063,SELL040,3,0.05,Credit Card,Returned
ORD010191,2025-05-13,CUST0966,PROD0088,SELL078,3,0.05,Debit Card,Shipped
ORD010192,2025-10-19,CUST0149,PROD0102,SELL042,3,0.05,Debit Card,Returned
ORD010193,2025-08-18,CUST1035,PROD0043,SELL068,1,0.15,Debit Card,Delivered
ORD010194,2025-09-05,CUST0909,PROD0098,SELL003,4,0.1,UPI,Returned
ORD010195,2025-01-08,CUST0836,PROD0135,SELL071,3,0.15,Debit Card,Delivered
ORD010196,2025-12-01,CUST0880,PROD0030,SELL004,2,0.1,Net Banking,Delivered
ORD010197,2024-10-31,CUST0524,PROD0108,SELL071,3,0.15,UPI,Delivered
ORD010198,2025-10-22,CUST0924,PROD0110,SELL077,1,0.25,Credit Card,Delivered
ORD010199,2024-10-13,CUST0202,PROD0086,SELL062,4,0.2,COD,Cancelled
ORD010200,2024-11-20,CUST0050,PROD0049,SELL046,3,0.15,UPI,Delivered
ORD010201,2025-05-16,CUST0674,PROD0034,SELL075,3,0.2,Net Banking,Cancelled
ORD010202,2024-10-18,CUST0159,PROD0097,SELL053,3,0.1,Credit Card,Delivered
ORD010203,2024-04-17,CUST0195,PROD0167,SELL052,3,0.2,COD,Delivered
ORD010204,2025-10-17,CUST0036,PROD0061,SELL001,3,0.25,Debit Card,Shipped
ORD010205,2024-11-27,CUST0304,PROD0148,SELL057,4,0.1,Credit Card,Shipped
ORD010206,2025-11-08,CUST0069,PROD0147,SELL028,1,0.1,Net Banking,Delivered
ORD010207,2024-10-18,CUST0904,PROD0098,SELL058,4,0.1,Debit Card,Delivered
ORD010208,2025-12-12,CUST0753,PROD0066,SELL006,2,0.0,Net Banking,Delivered
ORD010209,2025-03-16,CUST0081,PROD0088,SELL012,4,0.2,UPI,Delivered
ORD010210,2025-07-15,CUST0147,PROD0151,SELL066,3,0.1,Debit Card,Shipped
ORD010211,2025-07-06,CUST0348,PROD0004,SELL002,4,0.1,Credit Card,Returned
ORD010212,2024-05-27,CUST1189,PROD0167,SELL017,4,0.15,Net Banking,Cancelled
ORD010213,2025-08-19,CUST1190,PROD0033,SELL041,4,0.15,UPI,Delivered
ORD010214,2025-11-21,CUST1049,PROD0017,SELL049,4,0.1,Debit Card,Delivered
ORD010215,2025-04-28,CUST0749,PROD0163,SELL069,3,0.05,Debit Card,Delivered
ORD010216,2025-11-23,CUST0456,PROD0072,SELL045,3,0.2,UPI,Delivered
ORD010217,2025-09-10,CUST1147,PROD0149,SELL044,3,0.2,COD,Delivered
ORD010218,2025-05-01,CUST0066,PROD0148,SELL009,3,0.1,Debit Card,Delivered
ORD010219,2024-12-14,CUST0722,PROD0031,SELL060,3,0.2,COD,Delivered
ORD010220,2025-09-18,CUST0326,PROD0099,SELL053,4,0.05,Credit Card,Cancelled
ORD010221,2024-05-15,CUST0737,PROD0147,SELL001,2,0.05,UPI,Shipped
ORD010222,2025-02-14,CUST0336,PROD0134,SELL045,2,0.0,Net Banking,Delivered
ORD010223,2025-08-19,CUST1063,PROD0063,SELL074,1,0.1,Credit Card,Cancelled
ORD010224,2025-11-21,CUST0154,PROD0172,SELL001,1,0.15,UPI,Cancelled
ORD010225,2024-07-14,CUST1070,PROD0025,SELL070,4,0.15,Net Banking,Returned
ORD010226,2024-03-09,CUST0128,PROD0082,SELL010,3,0.05,Credit Card,Shipped
ORD010227,2024-08-31,CUST0431,PROD0086,SELL022,1,0.15,COD,Shipped
ORD010228,2025-09-23,CUST0148,PROD0020,SELL079,4,0.0,COD,Delivered
ORD010229,2025-01-17,CUST0029,PROD0106,SELL032,3,0.15,Net Banking,Delivered
ORD010230,2024-02-10,CUST0893,PROD0002,SELL054,2,0.2,Debit Card,Shipped
ORD010231,2024-03-28,CUST1068,PROD0172,SELL067,1,0.1,UPI,Delivered
ORD010232,2024-09-04,CUST0626,PROD0046,SELL078,4,0.15,Debit Card,Delivered
ORD010233,2024-09-07,CUST0381,PROD0070,SELL043,2,0.25,COD,Delivered
ORD010234,2024-04-08,CUST0104,PROD0175,SELL068,2,0.15,Credit Card,Delivered
ORD010235,2024-12-27,CUST0053,PROD0048,SELL050,3,0.15,Debit Card,Cancelled
ORD010236,2024-12-16,CUST0206,PROD0111,SELL052,1,0.1,COD,Shipped
ORD010237,2024-05-25,CUST0123,PROD0002,SELL017,4,0.2,UPI,Returned
ORD010238,2024-06-18,CUST0675,PROD0009,SELL043,2,0.1,Credit Card,Delivered
ORD010239,2025-04-30,CUST0546,PROD0072,SELL067,2,0.0,Debit Card,Cancelled
ORD010240,2025-11-26,CUST0696,PROD0018,SELL058,1,0.1,COD,Cancelled
ORD010241,2025-12-29,CUST0468,PROD0026,SELL013,1,0.15,Credit Card,Shipped
ORD010242,2025-02-12,CUST0712,PROD0099,SELL080,2,0.15,Net Banking,Delivered
ORD010243,2024-01-29,CUST0500,PROD0076,SELL018,2,0.2,Debit Card,Delivered
ORD010244,2025-10-18,CUST0612,PROD0157,SELL016,3,0.05,UPI,Shipped
ORD010245,2025-11-25,CUST0843,PROD0175,SELL055,3,0.1,UPI,Shipped
ORD010246,2024-07-22,CUST1129,PROD0168,SELL022,3,0.1,COD,Cancelled
ORD010247,2024-10-19,CUST0667,PROD0042,SELL080,1,0.1,Net Banking,Returned
ORD010248,2024-01-19,CUST0888,PROD0101,SELL011,4,0.1,UPI,Returned
ORD010249,2025-08-08,CUST1159,PROD0105,SELL013,4,0.1,COD,Returned
ORD010250,2025-07-21,CUST0887,PROD0081,SELL035,1,0.2,Debit Card,Cancelled
ORD010251,2024-01-16,CUST0211,PROD0028,SELL074,1,0.0,Debit Card,Delivered
ORD010252,2025-05-28,CUST0154,PROD0018,SELL060,3,0.05,Credit Card,Returned
ORD010253,2024-10-28,CUST0834,PROD0012,SELL074,1,0.05,COD,Shipped
ORD010254,2025-02-02,CUST1123,PROD0117,SELL045,2,0.05,Credit Card,Delivered
ORD010255,2024-06-08,CUST0217,PROD0143,SELL074,4,0.05,Net Banking,Returned
ORD010256,2025-08-19,CUST0756,PROD0052,SELL034,3,0.05,UPI,Shipped
ORD010257,2024-10-22,CUST0094,PROD0151,SELL072,4,0.25,COD,Shipped
ORD010258,2025-09-06,CUST1193,PROD0159,SELL044,3,0.15,Net Banking,Returned
ORD010259,2024-04-18,CUST1171,PROD0152,SELL074,3,0.1,Debit Card,Delivered
ORD010260,2025-03-05,CUST0264,PROD0109,SELL069,2,0.15,UPI,Cancelled
ORD010261,2024-08-14,CUST0551,PROD0057,SELL059,2,0.1,UPI,Cancelled
ORD010262,2025-12-07,CUST1114,PROD0091,SELL053,4,0.0,COD,Delivered
ORD010263,2025-02-11,CUST0052,PROD0091,SELL019,1,0.1,COD,Returned
ORD010264,2025-06-10,CUST0625,PROD0141,SELL054,2,0.05,Net Banking,Delivered
ORD010265,2024-03-04,CUST1050,PROD0021,SELL074,1,0.1,UPI,Delivered
ORD010266,2025-05-09,CUST0948,PROD0071,SELL039,4,0.15,Debit Card,Returned
ORD010267,2024-03-14,CUST1022,PROD0081,SELL014,1,0.15,UPI,Delivered
ORD010268,2024-09-21,CUST0051,PROD0035,SELL033,3,0.05,UPI,Shipped
ORD010269,2024-06-11,CUST0076,PROD0152,SELL063,4,0.05,Credit Card,Delivered
ORD010270,2024-01-02,CUST0320,PROD0049,SELL014,4,0.0,Credit Card,Delivered
ORD010271,2025-03-04,CUST0574,PROD0021,SELL080,3,0.2,UPI,Delivered
ORD010272,2024-06-25,CUST0020,PROD0043,SELL040,2,0.1,Net Banking,Delivered
ORD010273,2025-01-09,CUST0335,PROD0109,SELL061,4,0.0,UPI,Cancelled
ORD010274,2025-07-12,CUST0895,PROD0113,SELL003,4,0.0,Net Banking,Delivered
ORD010275,2024-05-10,CUST0097,PROD0053,SELL007,4,0.05,UPI,Cancelled
ORD010276,2025-06-02,CUST1026,PROD0123,SELL063,1,0.1,Net Banking,Delivered
ORD010277,2024-08-05,CUST0186,PROD0110,SELL061,3,0.1,COD,Delivered
ORD010278,2024-08-29,CUST0050,PROD0146,SELL035,2,0.1,COD,Cancelled
ORD010279,2025-02-25,CUST0861,PROD0099,SELL015,2,0.1,Net Banking,Cancelled
ORD010280,2025-04-02,CUST0557,PROD0111,SELL054,4,0.1,Net Banking,Delivered
ORD010281,2025-04-24,CUST1059,PROD0133,SELL046,2,0.15,UPI,Shipped
ORD010282,2024-05-22,CUST0633,PROD0044,SELL043,2,0.1,UPI,Cancelled
ORD010283,2025-02-27,CUST1040,PROD0110,SELL007,1,0.15,Net Banking,Delivered
ORD010284,2024-07-11,CUST0128,PROD0086,SELL036,2,0.1,Net Banking,Delivered
ORD010285,2024-07-21,CUST1039,PROD0052,SELL066,2,0.25,COD,Cancelled
ORD010286,2025-11-23,CUST0408,PROD0028,SELL053,3,0.15,UPI,Delivered
ORD010287,2024-03-14,CUST0891,PROD0126,SELL066,1,0.05,Net Banking,Cancelled
ORD010288,2024-10-29,CUST0788,PROD0022,SELL036,2,0.15,Credit Card,Delivered
ORD010289,2024-11-17,CUST0129,PROD0134,SELL041,2,0.25,COD,Delivered
ORD010290,2024-06-28,CUST0064,PROD0017,SELL016,3,0.1,COD,Cancelled
ORD010291,2025-07-28,CUST0586,PROD0074,SELL073,4,0.05,COD,Delivered
ORD010292,2024-12-22,CUST0641,PROD0103,SELL038,2,0.0,Credit Card,Returned
ORD010293,2025-06-09,CUST0690,PROD0143,SELL062,3,0.1,COD,Shipped
ORD010294,2024-10-09,CUST0394,PROD0130,SELL064,4,0.15,COD,Cancelled
ORD010295,2025-10-17,CUST0736,PROD0051,SELL066,2,0.2,Debit Card,Returned
ORD010296,2025-06-17,CUST0122,PROD0107,SELL013,1,0.0,UPI,Delivered
ORD010297,2024-08-31,CUST0597,PROD0180,SELL002,1,0.15,Credit Card,Returned
ORD010298,2025-12-04,CUST0113,PROD0131,SELL026,1,0.0,Credit Card,Returned
ORD010299,2025-09-24,CUST0704,PROD0136,SELL003,2,0.0,Net Banking,Shipped
ORD010300,2025-03-08,CUST0487,PROD0022,SELL024,2,0.1,UPI,Returned
ORD010301,2024-01-13,CUST0853,PROD0106,SELL045,3,0.0,COD,Returned
ORD010302,2025-03-08,CUST0657,PROD0033,SELL051,2,0.25,Credit Card,Returned
ORD010303,2025-05-20,CUST1059,PROD0063,SELL029,1,0.1,COD,Returned
ORD010304,2024-09-23,CUST1122,PROD0035,SELL008,3,0.15,UPI,Delivered
ORD010305,2024-04-15,CUST0586,PROD0031,SELL012,3,0.05,Debit Card,Shipped
ORD010306,2025-02-16,CUST0560,PROD0016,SELL045,3,0.1,Debit Card,Cancelled
ORD010307,2025-08-08,CUST0124,PROD0153,SELL012,3,0.2,COD,Cancelled
ORD010308,2024-08-21,CUST1043,PROD0154,SELL004,4,0.05,UPI,Delivered
ORD010309,2024-11-29,CUST0918,PROD0011,SELL073,4,0.05,Net Banking,Shipped
ORD010310,2024-01-01,CUST0250,PROD0073,SELL068,2,0.2,COD,Delivered
ORD010311,2025-05-29,CUST0907,PROD0039,SELL010,1,0.1,Net Banking,Returned
ORD010312,2025-09-25,CUST0272,PROD0108,SELL053,3,0.2,Debit Card,Cancelled
ORD010313,2025-07-21,CUST1138,PROD0010,SELL078,4,0.0,Debit Card,Delivered
ORD010314,2024-11-09,CUST0513,PROD0081,SELL028,3,0.15,COD,Delivered
ORD010315,2024-02-02,CUST0960,PROD0159,SELL054,2,0.15,Credit Card,Returned
ORD010316,2024-12-25,CUST0416,PROD0162,SELL026,3,0.1,Net Banking,Shipped
ORD010317,2025-11-18,CUST0944,PROD0038,SELL065,4,0.15,Net Banking,Returned
ORD010318,2024-03-02,CUST0189,PROD0054,SELL062,3,0.0,Credit Card,Delivered
ORD010319,2024-06-05,CUST1034,PROD0110,SELL054,3,0.1,Debit Card,Delivered
ORD010320,2025-09-03,CUST0208,PROD0026,SELL014,4,0.05,UPI,Shipped
ORD010321,2025-02-19,CUST0169,PROD0098,SELL036,4,0.1,Credit Card,Shipped
ORD010322,2024-05-04,CUST0455,PROD0171,SELL019,1,0.0,UPI,Cancelled
ORD010323,2024-01-18,CUST0647,PROD0019,SELL049,1,0.1,Credit Card,Delivered
ORD010324,2024-10-27,CUST0640,PROD0167,SELL069,4,0.0,Credit Card,Returned
ORD010325,2025-03-10,CUST0159,PROD0065,SELL012,4,0.2,UPI,Delivered
ORD010326,2025-09-06,CUST0141,PROD0094,SELL022,1,0.0,UPI,Shipped
ORD010327,2025-10-08,CUST0187,PROD0040,SELL007,1,0.0,COD,Delivered
ORD010328,2024-11-30,CUST0305,PROD0033,SELL038,2,0.2,COD,Delivered
ORD010329,2024-11-04,CUST0344,PROD0104,SELL050,4,0.05,UPI,Delivered
ORD010330,2025-11-11,CUST0743,PROD0038,SELL040,2,0.1,Debit Card,Shipped
ORD010331,2025-07-21,CUST0679,PROD0047,SELL041,4,0.05,UPI,Delivered
ORD010332,2024-06-02,CUST0474,PROD0157,SELL069,2,0.15,Debit Card,Returned
ORD010333,2025-05-13,CUST0372,PROD0125,SELL006,4,0.05,Net Banking,Delivered
ORD010334,2025-06-06,CUST0040,PROD0015,SELL080,3,0.15,Credit Card,Returned
ORD010335,2024-06-19,CUST0935,PROD0135,SELL017,3,0.1,Net Banking,Delivered
ORD010336,2025-12-15,CUST0225,PROD0048,SELL010,3,0.15,COD,Delivered
ORD010337,2024-08-04,CUST0264,PROD0057,SELL056,1,0.05,Debit Card,Delivered
ORD010338,2025-02-05,CUST0738,PROD0129,SELL029,1,0.1,COD,Delivered
ORD010339,2024-12-26,CUST1124,PROD0141,SELL052,3,0.0,COD,Delivered
ORD010340,2025-05-20,CUST1024,PROD0073,SELL067,3,0.05,Credit Card,Returned
ORD010341,2025-10-21,CUST0468,PROD0101,SELL078,4,0.2,UPI,Delivered
ORD010342,2024-10-14,CUST0813,PROD0129,SELL020,4,0.05,Net Banking,Cancelled
ORD010343,2024-10-08,CUST0504,PROD0139,SELL066,2,0.25,Debit Card,Delivered
ORD010344,2025-07-03,CUST0349,PROD0174,SELL058,3,0.15,Debit Card,Delivered
ORD010345,2025-11-27,CUST0252,PROD0173,SELL015,3,0.2,Net Banking,Delivered
ORD010346,2025-10-26,CUST0354,PROD0165,SELL009,4,0.0,Debit Card,Delivered
ORD010347,2025-07-04,CUST0381,PROD0135,SELL055,4,0.2,Net Banking,Cancelled
ORD010348,2025-05-28,CUST0303,PROD0009,SELL031,4,0.05,Credit Card,Delivered
ORD010349,2025-07-15,CUST1086,PROD0030,SELL067,3,0.15,UPI,Delivered
ORD010350,2025-11-15,CUST0646,PROD0042,SELL077,1,0.0,Net Banking,Delivered
ORD010351,2024-01-08,CUST0711,PROD0010,SELL013,1,0.1,COD,Shipped
ORD010352,2025-03-06,CUST0185,PROD0115,SELL047,4,0.0,UPI,Cancelled
ORD010353,2024-01-25,CUST0280,PROD0117,SELL053,3,0.05,COD,Shipped
ORD010354,2025-02-25,CUST1083,PROD0028,SELL046,3,0.0,Net Banking,Delivered
ORD010355,2024-10-15,CUST0615,PROD0004,SELL022,4,0.0,UPI,Delivered
ORD010356,2024-08-10,CUST0111,PROD0129,SELL019,2,0.1,Credit Card,Delivered
ORD010357,2025-10-13,CUST0440,PROD0006,SELL043,2,0.1,UPI,Delivered
ORD010358,2025-06-02,CUST0683,PROD0111,SELL005,4,0.25,UPI,Returned
ORD010359,2025-02-18,CUST0494,PROD0162,SELL070,1,0.1,COD,Delivered
ORD010360,2025-10-06,CUST1054,PROD0010,SELL058,4,0.05,COD,Cancelled
ORD010361,2024-03-12,CUST0642,PROD0170,SELL055,3,0.15,UPI,Delivered
ORD010362,2025-04-17,CUST0062,PROD0074,SELL059,3,0.1,Debit Card,Shipped
ORD010363,2024-04-24,CUST0362,PROD0070,SELL076,1,0.0,Debit Card,Returned
ORD010364,2024-06-19,CUST0484,PROD0092,SELL015,1,0.05,Net Banking,Shipped
ORD010365,2024-05-15,CUST0578,PROD0139,SELL029,4,0.2,UPI,Returned
ORD010366,2025-02-01,CUST1132,PROD0040,SELL054,2,0.15,Credit Card,Shipped
ORD010367,2025-04-04,CUST0738,PROD0106,SELL004,3,0.0,Credit Card,Returned
ORD010368,2025-07-06,CUST0248,PROD0077,SELL069,1,0.1,Debit Card,Delivered
ORD010369,2024-11-18,CUST0310,PROD0129,SELL071,1,0.25,Credit Card,Returned
ORD010370,2025-11-17,CUST0783,PROD0057,SELL056,1,0.15,Debit Card,Cancelled
ORD010371,2024-09-30,CUST0057,PROD0165,SELL043,3,0.0,UPI,Shipped
ORD010372,2024-04-24,CUST0738,PROD0080,SELL039,3,0.1,Credit Card,Returned
ORD010373,2024-01-27,CUST0564,PROD0179,SELL025,2,0.05,COD,Delivered
ORD010374,2024-04-03,CUST0319,PROD0007,SELL003,4,0.05,COD,Shipped
ORD010375,2024-11-21,CUST0605,PROD0068,SELL073,3,0.15,Debit Card,Shipped
ORD010376,2024-10-28,CUST0364,PROD0085,SELL038,1,0.15,Net Banking,Delivered
ORD010377,2025-09-16,CUST1096,PROD0115,SELL057,4,0.1,UPI,Cancelled
ORD010378,2024-04-01,CUST0805,PROD0151,SELL047,3,0.05,Debit Card,Cancelled
ORD010379,2024-07-10,CUST1198,PROD0125,SELL027,1,0.1,COD,Delivered
ORD010380,2025-12-17,CUST0257,PROD0143,SELL002,4,0.15,COD,Delivered
ORD010381,2024-01-21,CUST1030,PROD0084,SELL059,2,0.1,Debit Card,Delivered
ORD010382,2024-11-06,CUST1049,PROD0078,SELL078,1,0.1,Debit Card,Delivered
ORD010383,2024-05-24,CUST1064,PROD0159,SELL062,4,0.2,UPI,Returned
ORD010384,2025-01-25,CUST0511,PROD0107,SELL013,2,0.1,Net Banking,Delivered
ORD010385,2025-12-12,CUST0592,PROD0044,SELL011,1,0.15,UPI,Cancelled
ORD010386,2024-06-15,CUST0118,PROD0110,SELL013,3,0.2,COD,Delivered
ORD010387,2024-09-27,CUST0683,PROD0149,SELL074,3,0.0,Credit Card,Delivered
ORD010388,2024-11-24,CUST0014,PROD0118,SELL022,4,0.15,COD,Delivered
ORD010389,2025-08-06,CUST0315,PROD0125,SELL053,1,0.25,Net Banking,Shipped
ORD010390,2025-12-20,CUST1006,PROD0002,SELL050,2,0.15,Credit Card,Shipped
ORD010391,2024-03-11,CUST0360,PROD0127,SELL054,2,0.1,COD,Delivered
ORD010392,2024-12-23,CUST0291,PROD0061,SELL009,2,0.1,UPI,Cancelled
ORD010393,2025-07-04,CUST0171,PROD0027,SELL055,3,0.1,COD,Cancelled
ORD010394,2024-01-07,CUST1090,PROD0135,SELL020,2,0.05,COD,Delivered
ORD010395,2025-08-12,CUST0388,PROD0063,SELL066,2,0.2,Net Banking,Shipped
ORD010396,2024-06-26,CUST0496,PROD0033,SELL024,2,0.0,Debit Card,Cancelled
ORD010397,2025-01-13,CUST1055,PROD0013,SELL019,2,0.2,COD,Shipped
ORD010398,2025-12-16,CUST0731,PROD0074,SELL033,1,0.1,Debit Card,Delivered
ORD010399,2025-04-09,CUST0774,PROD0164,SELL039,4,0.0,COD,Delivered
ORD010400,2025-12-24,CUST0832,PROD0089,SELL068,3,0.2,Debit Card,Shipped
ORD010401,2025-03-17,CUST0566,PROD0164,SELL062,3,0.15,UPI,Delivered
ORD010402,2024-06-02,CUST0438,PROD0172,SELL005,1,0.05,Net Banking,Returned
ORD010403,2025-05-21,CUST0659,PROD0012,SELL053,4,0.2,Net Banking,Returned
ORD010404,2025-03-25,CUST0915,PROD0135,SELL073,1,0.05,Debit Card,Shipped
ORD010405,2024-08-15,CUST0362,PROD0085,SELL016,2,0.2,Debit Card,Shipped
ORD010406,2024-02-26,CUST0128,PROD0106,SELL048,3,0.15,Net Banking,Cancelled
ORD010407,2025-04-18,CUST0823,PROD0020,SELL028,1,0.15,Debit Card,Delivered
ORD010408,2025-02-26,CUST0548,PROD0037,SELL012,4,0.1,Net Banking,Delivered
ORD010409,2025-07-19,CUST1118,PROD0171,SELL063,1,0.1,UPI,Cancelled
ORD010410,2024-04-02,CUST0397,PROD0027,SELL029,1,0.1,UPI,Delivered
ORD010411,2025-01-28,CUST0950,PROD0007,SELL065,1,0.05,UPI,Shipped
ORD010412,2025-08-21,CUST0425,PROD0148,SELL063,1,0.2,Credit Card,Delivered
ORD010413,2025-10-13,CUST1110,PROD0161,SELL041,1,0.0,Net Banking,Delivered
ORD010414,2025-11-17,CUST0557,PROD0020,SELL050,1,0.0,Net Banking,Cancelled
ORD010415,2024-06-03,CUST0315,PROD0037,SELL011,2,0.2,Debit Card,Delivered
ORD010416,2024-05-06,CUST0925,PROD0058,SELL005,2,0.15,Credit Card,Delivered
ORD010417,2025-02-25,CUST0205,PROD0074,SELL016,3,0.2,COD,Returned
ORD010418,2024-12-04,CUST0593,PROD0071,SELL065,2,0.15,Debit Card,Delivered
ORD010419,2024-06-20,CUST0573,PROD0070,SELL062,1,0.05,COD,Delivered
ORD010420,2024-03-15,CUST0879,PROD0141,SELL021,2,0.1,Credit Card,Delivered
ORD010421,2024-04-14,CUST0519,PROD0142,SELL042,3,0.15,Debit Card,Delivered
ORD010422,2024-09-04,CUST0249,PROD0141,SELL056,3,0.05,UPI,Returned
ORD010423,2025-06-24,CUST0768,PROD0053,SELL037,1,0.0,UPI,Cancelled
ORD010424,2024-02-17,CUST0728,PROD0138,SELL041,1,0.15,COD,Cancelled
ORD010425,2024-03-17,CUST0403,PROD0038,SELL025,3,0.15,Debit Card,Delivered
ORD010426,2024-07-12,CUST0248,PROD0002,SELL076,4,0.1,Net Banking,Delivered
ORD010427,2025-09-30,CUST0621,PROD0137,SELL062,2,0.15,UPI,Delivered
ORD010428,2025-12-24,CUST0870,PROD0153,SELL024,3,0.0,UPI,Delivered
ORD010429,2024-11-17,CUST0056,PROD0025,SELL076,1,0.1,Debit Card,Cancelled
ORD010430,2024-02-02,CUST0161,PROD0018,SELL002,1,0.15,COD,Cancelled
ORD010431,2024-01-09,CUST0994,PROD0022,SELL058,1,0.2,Debit Card,Delivered
ORD010432,2025-09-19,CUST0178,PROD0070,SELL023,2,0.05,UPI,Shipped
ORD010433,2024-11-21,CUST0453,PROD0003,SELL077,3,0.15,COD,Delivered
ORD010434,2024-02-26,CUST0867,PROD0152,SELL037,2,0.0,UPI,Shipped
ORD010435,2025-09-01,CUST0411,PROD0147,SELL073,1,0.0,COD,Delivered
ORD010436,2025-01-21,CUST1110,PROD0115,SELL013,3,0.2,UPI,Delivered
ORD010437,2024-09-12,CUST1042,PROD0173,SELL021,1,0.05,UPI,Cancelled
ORD010438,2024-11-26,CUST0494,PROD0167,SELL012,1,0.15,Debit Card,Delivered
ORD010439,2024-06-13,CUST0349,PROD0169,SELL050,4,0.0,UPI,Shipped
ORD010440,2025-11-11,CUST0199,PROD0100,SELL010,1,0.0,UPI,Delivered
ORD010441,2025-07-29,CUST0364,PROD0069,SELL042,4,0.2,Net Banking,Cancelled
ORD010442,2024-05-25,CUST0118,PROD0074,SELL017,1,0.1,Debit Card,Shipped
ORD010443,2025-06-21,CUST0284,PROD0169,SELL027,4,0.25,COD,Shipped
ORD010444,2024-05-11,CUST1136,PROD0122,SELL022,1,0.1,UPI,Returned
ORD010445,2024-11-27,CUST0702,PROD0081,SELL047,1,0.1,UPI,Delivered
ORD010446,2025-07-01,CUST0501,PROD0145,SELL047,3,0.05,Credit Card,Delivered
ORD010447,2024-01-27,CUST1166,PROD0044,SELL072,4,0.25,UPI,Shipped
ORD010448,2025-06-14,CUST0593,PROD0111,SELL003,4,0.2,COD,Returned
ORD010449,2024-06-14,CUST1186,PROD0007,SELL065,2,0.15,Credit Card,Cancelled
ORD010450,2025-05-26,CUST0358,PROD0008,SELL025,1,0.0,Debit Card,Delivered
ORD010451,2024-12-30,CUST0665,PROD0094,SELL069,2,0.15,Credit Card,Delivered
ORD010452,2024-01-20,CUST0170,PROD0099,SELL011,2,0.1,COD,Delivered
ORD010453,2025-07-10,CUST1084,PROD0053,SELL053,4,0.1,COD,Delivered
ORD010454,2024-07-09,CUST0959,PROD0033,SELL032,1,0.1,Net Banking,Returned
ORD010455,2025-11-27,CUST1050,PROD0176,SELL067,4,0.0,Credit Card,Delivered
ORD010456,2025-09-05,CUST0923,PROD0142,SELL071,1,0.15,COD,Delivered
ORD010457,2024-05-20,CUST1065,PROD0119,SELL037,2,0.05,Net Banking,Delivered
ORD010458,2025-03-15,CUST0856,PROD0152,SELL018,2,0.25,Debit Card,Delivered
ORD010459,2024-09-21,CUST0705,PROD0090,SELL007,2,0.2,Credit Card,Delivered
ORD010460,2025-03-16,CUST0746,PROD0145,SELL034,4,0.05,Debit Card,Delivered
ORD010461,2025-02-11,CUST0973,PROD0020,SELL063,1,0.15,Net Banking,Delivered
ORD010462,2024-08-04,CUST0644,PROD0020,SELL002,1,0.0,UPI,Shipped
ORD010463,2025-04-21,CUST0440,PROD0113,SELL049,3,0.1,Credit Card,Shipped
ORD010464,2024-07-09,CUST0501,PROD0154,SELL049,3,0.2,Net Banking,Delivered
ORD010465,2025-10-25,CUST0859,PROD0035,SELL067,2,0.2,Net Banking,Cancelled
ORD010466,2025-11-22,CUST1138,PROD0171,SELL066,3,0.05,Credit Card,Cancelled
ORD010467,2024-05-01,CUST0393,PROD0062,SELL078,2,0.1,Net Banking,Delivered
ORD010468,2025-06-15,CUST0597,PROD0141,SELL067,2,0.15,COD,Cancelled
ORD010469,2025-11-10,CUST0011,PROD0031,SELL031,3,0.05,COD,Cancelled
ORD010470,2024-04-02,CUST0643,PROD0034,SELL025,1,0.05,Credit Card,Delivered
ORD010471,2025-06-24,CUST1170,PROD0157,SELL046,1,0.1,Credit Card,Returned
ORD010472,2025-11-16,CUST0856,PROD0024,SELL025,3,0.15,Net Banking,Cancelled
ORD010473,2024-06-13,CUST0340,PROD0037,SELL022,4,0.05,Net Banking,Delivered
ORD010474,2025-03-01,CUST0764,PROD0082,SELL016,3,0.1,Credit Card,Returned
ORD010475,2025-08-06,CUST0282,PROD0097,SELL054,2,0.1,COD,Delivered
ORD010476,2024-08-31,CUST0459,PROD0057,SELL068,2,0.15,COD,Delivered
ORD010477,2024-06-22,CUST0697,PROD0037,SELL022,4,0.0,COD,Cancelled
ORD010478,2024-10-17,CUST1111,PROD0064,SELL015,3,0.1,UPI,Delivered
ORD010479,2024-09-02,CUST0617,PROD0086,SELL048,4,0.1,Net Banking,Shipped
ORD010480,2025-06-14,CUST0349,PROD0056,SELL043,2,0.0,Credit Card,Returned
ORD010481,2024-09-28,CUST1034,PROD0032,SELL075,1,0.1,COD,Delivered
ORD010482,2024-10-02,CUST0425,PROD0070,SELL055,1,0.1,Net Banking,Returned
ORD010483,2025-11-21,CUST0177,PROD0078,SELL035,1,0.05,Credit Card,Delivered
ORD010484,2025-02-27,CUST0228,PROD0058,SELL001,4,0.15,Debit Card,Delivered
ORD010485,2025-11-10,CUST0005,PROD0097,SELL074,2,0.15,Credit Card,Returned
ORD010486,2025-06-03,CUST0886,PROD0154,SELL047,3,0.2,COD,Shipped
ORD010487,2025-10-09,CUST0991,PROD0008,SELL041,2,0.1,Debit Card,Delivered
ORD010488,2024-05-22,CUST0532,PROD0137,SELL055,1,0.1,UPI,Delivered
ORD010489,2025-11-16,CUST0585,PROD0098,SELL029,1,0.1,COD,Shipped
ORD010490,2025-11-21,CUST0017,PROD0093,SELL015,3,0.05,Credit Card,Delivered
ORD010491,2024-01-30,CUST1064,PROD0078,SELL018,4,0.1,Credit Card,Delivered
ORD010492,2024-09-17,CUST0640,PROD0163,SELL051,2,0.05,UPI,Delivered
ORD010493,2024-10-29,CUST1099,PROD0126,SELL029,1,0.05,UPI,Cancelled
ORD010494,2024-11-02,CUST0073,PROD0142,SELL031,1,0.1,Credit Card,Shipped
ORD010495,2025-07-23,CUST1074,PROD0137,SELL066,3,0.15,Credit Card,Returned
ORD010496,2025-05-25,CUST0242,PROD0092,SELL047,4,0.1,Debit Card,Delivered
ORD010497,2024-06-04,CUST0008,PROD0177,SELL057,2,0.05,COD,Shipped
ORD010498,2025-03-21,CUST0810,PROD0091,SELL022,4,0.2,Net Banking,Returned
ORD010499,2025-12-13,CUST0974,PROD0017,SELL023,4,0.15,Debit Card,Shipped
ORD010500,2024-11-17,CUST0266,PROD0015,SELL011,4,0.1,COD,Cancelled
ORD010501,2025-11-09,CUST0546,PROD0067,SELL002,4,0.15,UPI,Delivered
ORD010502,2025-04-19,CUST0527,PROD0060,SELL016,4,0.15,UPI,Cancelled
ORD010503,2025-11-07,CUST0892,PROD0118,SELL035,3,0.05,COD,Shipped
ORD010504,2025-10-21,CUST0504,PROD0008,SELL066,3,0.25,Net Banking,Shipped
ORD010505,2024-01-13,CUST0828,PROD0100,SELL043,2,0.0,Credit Card,Delivered
ORD010506,2025-08-08,CUST0579,PROD0076,SELL074,3,0.25,UPI,Shipped
ORD010507,2024-05-18,CUST0445,PROD0154,SELL030,3,0.05,UPI,Cancelled
ORD010508,2025-08-25,CUST0719,PROD0016,SELL019,1,0.1,Net Banking,Delivered
ORD010509,2025-08-13,CUST0574,PROD0087,SELL013,1,0.2,UPI,Cancelled
ORD010510,2024-07-07,CUST0301,PROD0007,SELL022,4,0.15,COD,Delivered
ORD010511,2024-02-18,CUST0777,PROD0038,SELL056,2,0.2,Credit Card,Returned
ORD010512,2024-11-02,CUST0793,PROD0094,SELL047,1,0.05,UPI,Returned
ORD010513,2024-08-09,CUST0706,PROD0009,SELL063,3,0.05,COD,Delivered
ORD010514,2025-02-08,CUST0544,PROD0174,SELL072,1,0.2,Net Banking,Delivered
ORD010515,2024-02-29,CUST0716,PROD0137,SELL004,4,0.15,Credit Card,Returned
ORD010516,2024-02-02,CUST0720,PROD0029,SELL048,1,0.05,Credit Card,Delivered
ORD010517,2024-11-15,CUST0135,PROD0111,SELL069,4,0.0,Credit Card,Shipped
ORD010518,2025-07-16,CUST0582,PROD0080,SELL080,1,0.05,Credit Card,Shipped
ORD010519,2024-08-18,CUST0129,PROD0137,SELL030,1,0.0,Credit Card,Delivered
ORD010520,2024-08-24,CUST0987,PROD0086,SELL049,4,0.05,Debit Card,Delivered
ORD010521,2024-04-29,CUST1188,PROD0166,SELL019,2,0.2,Debit Card,Delivered
ORD010522,2024-07-25,CUST0213,PROD0152,SELL026,2,0.2,UPI,Delivered
ORD010523,2024-08-06,CUST0070,PROD0070,SELL042,2,0.0,UPI,Delivered
ORD010524,2024-07-08,CUST0512,PROD0041,SELL019,4,0.05,Net Banking,Cancelled
ORD010525,2024-09-08,CUST1186,PROD0090,SELL029,2,0.25,Credit Card,Returned
ORD010526,2024-07-26,CUST0073,PROD0066,SELL073,1,0.1,Net Banking,Returned
ORD010527,2025-05-12,CUST0119,PROD0036,SELL030,3,0.15,Net Banking,Cancelled
ORD010528,2024-09-04,CUST1090,PROD0052,SELL031,1,0.0,COD,Returned
ORD010529,2025-07-05,CUST0336,PROD0121,SELL007,4,0.15,Net Banking,Delivered
ORD010530,2025-03-18,CUST0503,PROD0112,SELL073,2,0.05,Credit Card,Cancelled
ORD010531,2025-04-13,CUST0950,PROD0103,SELL053,3,0.15,Net Banking,Returned
ORD010532,2025-03-02,CUST0006,PROD0114,SELL073,1,0.15,Credit Card,Cancelled
ORD010533,2025-11-05,CUST0141,PROD0082,SELL020,1,0.2,Net Banking,Delivered
ORD010534,2024-07-05,CUST0383,PROD0123,SELL013,3,0.0,UPI,Delivered
ORD010535,2025-12-19,CUST0401,PROD0002,SELL065,2,0.25,UPI,Delivered
ORD010536,2024-05-30,CUST0657,PROD0106,SELL034,4,0.0,Credit Card,Delivered
ORD010537,2024-04-11,CUST0456,PROD0120,SELL036,1,0.05,Net Banking,Delivered
ORD010538,2025-08-27,CUST0558,PROD0165,SELL017,1,0.1,Net Banking,Delivered
ORD010539,2025-10-16,CUST0827,PROD0087,SELL006,4,0.15,UPI,Delivered
ORD010540,2024-03-08,CUST0081,PROD0074,SELL041,2,0.1,Credit Card,Cancelled
ORD010541,2025-03-14,CUST0806,PROD0013,SELL027,2,0.25,Credit Card,Delivered
ORD010542,2025-01-09,CUST0858,PROD0048,SELL049,2,0.15,Net Banking,Shipped
ORD010543,2024-06-09,CUST0185,PROD0075,SELL074,2,0.15,Net Banking,Cancelled
ORD010544,2025-01-15,CUST0765,PROD0136,SELL042,1,0.15,Debit Card,Delivered
ORD010545,2025-05-16,CUST0053,PROD0129,SELL007,3,0.1,COD,Returned
ORD010546,2025-02-23,CUST0287,PROD0039,SELL076,4,0.0,COD,Shipped
ORD010547,2025-01-14,CUST0842,PROD0043,SELL010,1,0.0,Net Banking,Shipped
ORD010548,2025-10-09,CUST0679,PROD0150,SELL044,2,0.0,UPI,Delivered
ORD010549,2024-06-13,CUST0900,PROD0134,SELL059,2,0.05,Net Banking,Returned
ORD010550,2025-04-01,CUST0836,PROD0011,SELL072,4,0.15,Net Banking,Returned
ORD010551,2024-08-19,CUST0414,PROD0123,SELL054,1,0.0,UPI,Cancelled
ORD010552,2025-12-12,CUST1025,PROD0025,SELL033,3,0.0,UPI,Cancelled
ORD010553,2024-07-02,CUST0836,PROD0121,SELL058,2,0.15,Net Banking,Delivered
ORD010554,2025-09-28,CUST0908,PROD0118,SELL054,1,0.15,Credit Card,Cancelled
ORD010555,2025-04-07,CUST1018,PROD0164,SELL018,1,0.15,Credit Card,Delivered
ORD010556,2024-06-05,CUST0574,PROD0157,SELL051,2,0.0,Net Banking,Cancelled
ORD010557,2025-07-08,CUST0129,PROD0129,SELL069,2,0.1,COD,Delivered
ORD010558,2024-06-25,CUST0795,PROD0165,SELL080,2,0.1,UPI,Cancelled
ORD010559,2024-07-10,CUST0522,PROD0066,SELL007,3,0.2,UPI,Cancelled
ORD010560,2024-09-09,CUST0407,PROD0095,SELL036,2,0.0,COD,Delivered
ORD010561,2025-05-13,CUST1091,PROD0141,SELL071,2,0.05,Net Banking,Cancelled
ORD010562,2024-10-13,CUST0859,PROD0045,SELL021,2,0.15,Debit Card,Shipped
ORD010563,2025-02-20,CUST1026,PROD0110,SELL050,1,0.1,Debit Card,Delivered
ORD010564,2025-02-08,CUST1198,PROD0141,SELL002,3,0.0,Net Banking,Returned
ORD010565,2024-05-23,CUST0551,PROD0013,SELL006,2,0.05,Net Banking,Returned
ORD010566,2024-06-18,CUST0636,PROD0003,SELL021,4,0.1,UPI,Cancelled
ORD010567,2024-08-12,CUST0925,PROD0091,SELL076,1,0.05,Net Banking,Shipped
ORD010568,2024-06-11,CUST1172,PROD0144,SELL045,4,0.05,Debit Card,Returned
ORD010569,2025-11-02,CUST0713,PROD0089,SELL053,2,0.1,Credit Card,Delivered
ORD010570,2024-10-05,CUST0387,PROD0084,SELL009,3,0.0,Net Banking,Cancelled
ORD010571,2024-10-22,CUST1077,PROD0047,SELL044,2,0.2,Debit Card,Shipped
ORD010572,2025-05-06,CUST1018,PROD0113,SELL069,4,0.05,Net Banking,Shipped
ORD010573,2025-07-30,CUST0175,PROD0156,SELL002,4,0.1,Debit Card,Returned
ORD010574,2025-05-18,CUST0368,PROD0008,SELL044,1,0.0,UPI,Delivered
ORD010575,2025-02-06,CUST0531,PROD0012,SELL063,2,0.2,Net Banking,Delivered
ORD010576,2025-12-14,CUST0648,PROD0178,SELL049,4,0.1,Net Banking,Shipped
ORD010577,2025-10-19,CUST0895,PROD0055,SELL021,3,0.05,Debit Card,Returned
ORD010578,2024-05-27,CUST0927,PROD0085,SELL039,1,0.0,Net Banking,Returned
ORD010579,2024-04-26,CUST1175,PROD0001,SELL050,3,0.0,Credit Card,Delivered
ORD010580,2024-10-14,CUST0026,PROD0143,SELL018,4,0.0,COD,Shipped
ORD010581,2025-09-02,CUST0676,PROD0032,SELL007,3,0.2,Credit Card,Delivered
ORD010582,2025-12-06,CUST0230,PROD0121,SELL029,1,0.15,UPI,Delivered
ORD010583,2025-05-28,CUST0790,PROD0073,SELL064,2,0.1,COD,Cancelled
ORD010584,2025-05-19,CUST1083,PROD0116,SELL023,3,0.1,Credit Card,Cancelled
ORD010585,2024-06-19,CUST0433,PROD0120,SELL014,2,0.2,Credit Card,Cancelled
ORD010586,2025-03-08,CUST0006,PROD0154,SELL055,4,0.1,UPI,Cancelled
ORD010587,2024-05-14,CUST0152,PROD0028,SELL075,2,0.15,Net Banking,Returned
ORD010588,2025-01-29,CUST0066,PROD0093,SELL066,2,0.05,Credit Card,Shipped
ORD010589,2024-05-21,CUST0951,PROD0104,SELL047,1,0.2,COD,Delivered
ORD010590,2024-02-25,CUST0904,PROD0008,SELL041,3,0.1,Net Banking,Cancelled
ORD010591,2025-12-08,CUST0729,PROD0129,SELL054,4,0.1,Debit Card,Shipped
ORD010592,2025-10-15,CUST0057,PROD0151,SELL068,3,0.2,Debit Card,Shipped
ORD010593,2025-05-15,CUST0982,PROD0174,SELL034,4,0.0,Debit Card,Delivered
ORD010594,2025-04-02,CUST1077,PROD0026,SELL075,1,0.0,COD,Returned
ORD010595,2024-06-24,CUST1057,PROD0121,SELL053,4,0.2,Credit Card,Returned
ORD010596,2025-02-21,CUST0802,PROD0052,SELL063,1,0.25,Net Banking,Delivered
ORD010597,2025-06-30,CUST0716,PROD0024,SELL026,1,0.2,Net Banking,Delivered
ORD010598,2025-01-29,CUST1189,PROD0115,SELL038,3,0.05,COD,Cancelled
ORD010599,2024-07-25,CUST0597,PROD0031,SELL079,4,0.0,Debit Card,Delivered
ORD010600,2024-10-13,CUST1099,PROD0124,SELL047,2,0.1,Debit Card,Delivered
ORD010601,2025-09-06,CUST0618,PROD0116,SELL060,3,0.15,UPI,Delivered
ORD010602,2024-07-05,CUST0858,PROD0087,SELL034,4,0.0,UPI,Cancelled
ORD010603,2025-12-03,CUST0105,PROD0142,SELL009,3,0.1,Credit Card,Delivered
ORD010604,2025-07-06,CUST0875,PROD0121,SELL077,3,0.1,Net Banking,Delivered
ORD010605,2025-10-12,CUST0542,PROD0080,SELL067,4,0.1,Credit Card,Delivered
ORD010606,2025-01-07,CUST0314,PROD0061,SELL026,3,0.15,Net Banking,Delivered
ORD010607,2024-06-12,CUST0657,PROD0076,SELL078,4,0.05,Debit Card,Cancelled
ORD010608,2024-01-25,CUST0472,PROD0175,SELL047,1,0.1,COD,Cancelled
ORD010609,2025-01-26,CUST0075,PROD0078,SELL029,2,0.25,Net Banking,Cancelled
ORD010610,2024-10-18,CUST1176,PROD0037,SELL049,1,0.0,COD,Returned
ORD010611,2024-03-24,CUST0885,PROD0122,SELL010,4,0.1,Credit Card,Delivered
ORD010612,2025-11-09,CUST0107,PROD0143,SELL013,3,0.2,Debit Card,Cancelled
ORD010613,2025-12-10,CUST0784,PROD0063,SELL021,2,0.1,COD,Returned
ORD010614,2024-09-30,CUST0985,PROD0011,SELL024,3,0.05,Credit Card,Delivered
ORD010615,2025-05-03,CUST0139,PROD0084,SELL007,1,0.0,Net Banking,Returned
ORD010616,2024-10-29,CUST0309,PROD0144,SELL027,4,0.05,Credit Card,Delivered
ORD010617,2024-12-29,CUST0975,PROD0170,SELL079,1,0.2,Debit Card,Delivered
ORD010618,2025-04-01,CUST0075,PROD0161,SELL050,4,0.05,COD,Delivered
ORD010619,2024-10-31,CUST1078,PROD0108,SELL073,2,0.15,UPI,Returned
ORD010620,2025-08-09,CUST1106,PROD0160,SELL051,2,0.0,Net Banking,Delivered
ORD010621,2024-05-18,CUST0891,PROD0063,SELL033,4,0.1,Debit Card,Delivered
ORD010622,2025-05-03,CUST0350,PROD0037,SELL004,3,0.1,Credit Card,Returned
ORD010623,2025-12-19,CUST0006,PROD0038,SELL069,4,0.05,Credit Card,Cancelled
ORD010624,2025-09-13,CUST0791,PROD0064,SELL019,1,0.05,COD,Returned
ORD010625,2024-02-03,CUST0160,PROD0174,SELL080,4,0.1,Credit Card,Returned
ORD010626,2024-03-24,CUST0159,PROD0177,SELL044,3,0.05,UPI,Delivered
ORD010627,2025-04-04,CUST0633,PROD0023,SELL059,3,0.0,UPI,Delivered
ORD010628,2025-11-06,CUST0887,PROD0065,SELL048,1,0.0,Net Banking,Delivered
ORD010629,2025-09-08,CUST0216,PROD0071,SELL022,3,0.15,COD,Delivered
ORD010630,2025-10-22,CUST0556,PROD0046,SELL032,3,0.05,COD,Cancelled
ORD010631,2024-04-19,CUST1156,PROD0158,SELL019,2,0.15,Credit Card,Delivered
ORD010632,2025-01-14,CUST0775,PROD0044,SELL076,2,0.1,Credit Card,Returned
ORD010633,2025-06-14,CUST0579,PROD0080,SELL002,4,0.2,COD,Delivered
ORD010634,2025-04-01,CUST0164,PROD0160,SELL063,4,0.05,Net Banking,Delivered
ORD010635,2025-07-22,CUST0124,PROD0062,SELL033,1,0.05,UPI,Delivered
ORD010636,2024-06-04,CUST0898,PROD0004,SELL074,2,0.2,COD,Delivered
ORD010637,2024-11-30,CUST0844,PROD0143,SELL060,3,0.05,Net Banking,Returned
ORD010638,2024-11-23,CUST0478,PROD0114,SELL072,3,0.1,Credit Card,Shipped
ORD010639,2025-11-18,CUST0066,PROD0100,SELL053,2,0.2,Net Banking,Delivered
ORD010640,2024-05-28,CUST1057,PROD0127,SELL035,3,0.15,Net Banking,Cancelled
ORD010641,2024-08-26,CUST0646,PROD0064,SELL059,4,0.1,Credit Card,Returned
ORD010642,2024-01-17,CUST0567,PROD0083,SELL061,1,0.05,Net Banking,Returned
ORD010643,2024-04-20,CUST0718,PROD0038,SELL043,1,0.25,Net Banking,Shipped
ORD010644,2025-12-18,CUST0855,PROD0088,SELL019,2,0.05,Net Banking,Returned
ORD010645,2025-09-11,CUST0073,PROD0114,SELL077,1,0.0,Debit Card,Delivered
ORD010646,2024-07-08,CUST0459,PROD0010,SELL073,4,0.15,Net Banking,Returned
ORD010647,2025-05-28,CUST0359,PROD0078,SELL071,2,0.15,Net Banking,Returned
ORD010648,2025-03-09,CUST0414,PROD0067,SELL071,2,0.15,Debit Card,Delivered
ORD010649,2025-10-24,CUST0227,PROD0130,SELL015,2,0.1,Credit Card,Delivered
ORD010650,2024-08-07,CUST0169,PROD0143,SELL049,3,0.05,UPI,Returned
ORD010651,2025-12-27,CUST0596,PROD0039,SELL001,1,0.15,Credit Card,Shipped
ORD010652,2024-09-27,CUST0681,PROD0021,SELL002,1,0.0,Debit Card,Shipped
ORD010653,2025-06-08,CUST0039,PROD0106,SELL012,1,0.15,UPI,Cancelled
ORD010654,2024-10-17,CUST0595,PROD0048,SELL036,1,0.05,Net Banking,Delivered
ORD010655,2025-05-05,CUST0904,PROD0023,SELL005,1,0.05,Credit Card,Delivered
ORD010656,2024-09-01,CUST0759,PROD0045,SELL045,3,0.05,Net Banking,Delivered
ORD010657,2025-09-08,CUST1003,PROD0017,SELL070,3,0.2,COD,Shipped
ORD010658,2025-04-10,CUST0360,PROD0138,SELL011,2,0.0,UPI,Cancelled
ORD010659,2024-07-30,CUST1092,PROD0086,SELL077,4,0.1,Debit Card,Delivered
ORD010660,2025-12-03,CUST0287,PROD0081,SELL057,1,0.1,Debit Card,Delivered
ORD010661,2025-06-02,CUST0816,PROD0144,SELL011,3,0.2,COD,Delivered
ORD010662,2024-11-09,CUST0317,PROD0032,SELL073,1,0.2,Credit Card,Returned
ORD010663,2024-04-09,CUST0483,PROD0097,SELL054,4,0.1,COD,Shipped
ORD010664,2025-12-12,CUST0251,PROD0012,SELL053,2,0.15,Net Banking,Cancelled
ORD010665,2025-07-05,CUST0230,PROD0134,SELL057,3,0.0,Net Banking,Delivered
ORD010666,2025-05-03,CUST0337,PROD0174,SELL077,1,0.1,Net Banking,Cancelled
ORD010667,2025-09-01,CUST0280,PROD0103,SELL077,2,0.0,Net Banking,Shipped
ORD010668,2025-03-19,CUST0520,PROD0069,SELL038,4,0.0,Credit Card,Returned
ORD010669,2024-06-18,CUST0570,PROD0013,SELL006,2,0.1,COD,Delivered
ORD010670,2024-06-22,CUST0296,PROD0159,SELL076,2,0.15,Credit Card,Returned
ORD010671,2024-02-27,CUST0492,PROD0115,SELL063,4,0.15,Debit Card,Delivered
ORD010672,2024-02-15,CUST0267,PROD0113,SELL069,4,0.0,COD,Returned
ORD010673,2025-06-16,CUST0496,PROD0135,SELL058,4,0.0,Credit Card,Returned
ORD010674,2025-09-14,CUST0144,PROD0126,SELL070,1,0.1,UPI,Returned
ORD010675,2024-04-29,CUST0996,PROD0091,SELL042,1,0.1,UPI,Cancelled
ORD010676,2025-02-23,CUST0128,PROD0071,SELL046,2,0.05,UPI,Shipped
ORD010677,2024-03-31,CUST0078,PROD0044,SELL069,2,0.15,Net Banking,Shipped
ORD010678,2024-10-29,CUST0080,PROD0038,SELL024,1,0.05,Debit Card,Delivered
ORD010679,2025-08-01,CUST0343,PROD0080,SELL018,1,0.1,Debit Card,Delivered
ORD010680,2025-08-16,CUST0585,PROD0065,SELL068,3,0.0,COD,Returned
ORD010681,2025-11-24,CUST0732,PROD0014,SELL065,3,0.05,COD,Shipped
ORD010682,2024-08-15,CUST0272,PROD0095,SELL050,4,0.05,Net Banking,Delivered
ORD010683,2025-11-24,CUST1061,PROD0056,SELL044,3,0.2,UPI,Shipped
ORD010684,2025-07-26,CUST0152,PROD0021,SELL043,2,0.15,Net Banking,Delivered
ORD010685,2024-09-04,CUST0561,PROD0065,SELL005,1,0.05,Credit Card,Delivered
ORD010686,2024-08-27,CUST0828,PROD0127,SELL065,3,0.2,COD,Shipped
ORD010687,2024-03-19,CUST0648,PROD0156,SELL031,1,0.15,Debit Card,Delivered
ORD010688,2025-11-04,CUST0617,PROD0140,SELL018,2,0.05,Net Banking,Delivered
ORD010689,2024-05-28,CUST0728,PROD0105,SELL036,4,0.0,COD,Returned
ORD010690,2024-07-14,CUST0579,PROD0137,SELL029,3,0.1,COD,Delivered
ORD010691,2024-10-28,CUST0541,PROD0060,SELL078,2,0.0,Debit Card,Delivered
ORD010692,2024-04-10,CUST0926,PROD0121,SELL045,2,0.25,Net Banking,Delivered
ORD010693,2025-08-12,CUST0683,PROD0050,SELL008,4,0.1,COD,Delivered
ORD010694,2025-05-25,CUST0085,PROD0073,SELL060,2,0.05,Net Banking,Delivered
ORD010695,2024-04-24,CUST1166,PROD0040,SELL056,3,0.1,Net Banking,Delivered
ORD010696,2024-04-29,CUST0897,PROD0011,SELL050,1,0.25,Credit Card,Delivered
ORD010697,2024-01-17,CUST0025,PROD0069,SELL005,1,0.15,UPI,Delivered
ORD010698,2025-11-24,CUST1022,PROD0155,SELL043,4,0.0,COD,Shipped
ORD010699,2024-11-14,CUST0609,PROD0065,SELL049,1,0.1,Net Banking,Returned
ORD010700,2025-04-24,CUST0721,PROD0130,SELL072,2,0.2,Net Banking,Shipped
ORD010701,2024-04-19,CUST1082,PROD0165,SELL056,1,0.0,Debit Card,Delivered
ORD010702,2024-06-17,CUST0273,PROD0167,SELL014,3,0.2,Net Banking,Delivered
ORD010703,2025-01-30,CUST0401,PROD0048,SELL054,4,0.1,Debit Card,Cancelled
ORD010704,2024-06-01,CUST0151,PROD0142,SELL077,1,0.15,Credit Card,Delivered
ORD010705,2025-03-24,CUST0989,PROD0029,SELL025,1,0.0,UPI,Returned
ORD010706,2025-11-06,CUST0781,PROD0108,SELL027,3,0.1,UPI,Delivered
ORD010707,2024-08-11,CUST0029,PROD0019,SELL027,2,0.0,Net Banking,Returned
ORD010708,2025-03-20,CUST0205,PROD0133,SELL063,2,0.15,Net Banking,Delivered
ORD010709,2025-10-31,CUST0745,PROD0155,SELL041,2,0.1,UPI,Cancelled
ORD010710,2025-10-15,CUST0131,PROD0067,SELL034,3,0.15,COD,Returned
ORD010711,2024-01-06,CUST0887,PROD0035,SELL062,3,0.1,COD,Delivered
ORD010712,2024-03-21,CUST1183,PROD0105,SELL016,1,0.05,UPI,Shipped
ORD010713,2025-12-21,CUST0791,PROD0036,SELL029,4,0.0,UPI,Delivered
ORD010714,2025-11-07,CUST1086,PROD0077,SELL039,3,0.25,Debit Card,Cancelled
ORD010715,2024-08-23,CUST0927,PROD0144,SELL076,2,0.05,Credit Card,Delivered
ORD010716,2025-01-15,CUST0430,PROD0016,SELL059,2,0.1,UPI,Delivered
ORD010717,2025-02-22,CUST0731,PROD0130,SELL055,2,0.15,UPI,Returned
ORD010718,2025-05-03,CUST0668,PROD0175,SELL024,2,0.0,Credit Card,Delivered
ORD010719,2025-07-02,CUST0492,PROD0173,SELL069,4,0.0,Net Banking,Shipped
ORD010720,2024-09-29,CUST0058,PROD0155,SELL022,3,0.15,UPI,Shipped
ORD010721,2025-10-12,CUST0083,PROD0046,SELL043,2,0.1,COD,Delivered
ORD010722,2024-02-13,CUST1166,PROD0114,SELL014,1,0.2,Net Banking,Shipped
ORD010723,2024-01-24,CUST0211,PROD0039,SELL053,4,0.25,COD,Shipped
ORD010724,2025-12-01,CUST0604,PROD0053,SELL024,4,0.15,Net Banking,Delivered
ORD010725,2024-05-09,CUST0418,PROD0052,SELL045,1,0.15,COD,Delivered
ORD010726,2025-12-28,CUST0776,PROD0052,SELL080,2,0.1,Net Banking,Delivered
ORD010727,2024-07-28,CUST0769,PROD0064,SELL038,3,0.25,COD,Shipped
ORD010728,2024-09-23,CUST0827,PROD0004,SELL017,2,0.1,Net Banking,Cancelled
ORD010729,2024-01-21,CUST1108,PROD0114,SELL016,2,0.2,COD,Shipped
ORD010730,2025-11-20,CUST0794,PROD0166,SELL019,4,0.15,Debit Card,Shipped
ORD010731,2024-09-19,CUST1006,PROD0091,SELL016,2,0.15,Debit Card,Delivered
ORD010732,2024-05-02,CUST0656,PROD0143,SELL014,4,0.1,COD,Cancelled
ORD010733,2024-12-19,CUST1008,PROD0014,SELL061,1,0.15,Net Banking,Shipped
ORD010734,2024-04-23,CUST0986,PROD0012,SELL012,3,0.2,Credit Card,Cancelled
ORD010735,2025-07-31,CUST0091,PROD0110,SELL003,3,0.15,Net Banking,Delivered
ORD010736,2024-02-23,CUST0488,PROD0057,SELL022,1,0.0,COD,Delivered
ORD010737,2024-12-30,CUST0952,PROD0081,SELL066,3,0.0,COD,Delivered
ORD010738,2024-10-13,CUST0419,PROD0090,SELL017,2,0.2,Net Banking,Returned
ORD010739,2024-01-28,CUST0720,PROD0049,SELL065,2,0.05,Credit Card,Delivered
ORD010740,2024-02-08,CUST0736,PROD0064,SELL069,2,0.05,Net Banking,Delivered
ORD010741,2025-01-14,CUST0792,PROD0095,SELL030,2,0.1,Credit Card,Delivered
ORD010742,2024-10-15,CUST0210,PROD0025,SELL079,4,0.0,COD,Shipped
ORD010743,2024-04-04,CUST0675,PROD0033,SELL031,2,0.1,Net Banking,Delivered
ORD010744,2024-04-11,CUST0344,PROD0128,SELL005,1,0.0,UPI,Shipped
ORD010745,2025-08-11,CUST0949,PROD0171,SELL007,2,0.05,Debit Card,Delivered
ORD010746,2025-06-18,CUST0933,PROD0035,SELL057,4,0.1,Debit Card,Returned
ORD010747,2025-03-20,CUST0325,PROD0038,SELL052,4,0.2,Debit Card,Cancelled
ORD010748,2025-09-01,CUST0791,PROD0066,SELL007,3,0.1,Credit Card,Shipped
ORD010749,2024-02-20,CUST0889,PROD0122,SELL014,4,0.15,COD,Delivered
ORD010750,2025-05-17,CUST0601,PROD0170,SELL002,3,0.0,Credit Card,Delivered
ORD010751,2025-07-04,CUST0123,PROD0073,SELL016,3,0.0,COD,Returned
ORD010752,2024-05-26,CUST1146,PROD0180,SELL050,1,0.05,COD,Delivered
ORD010753,2025-01-27,CUST0709,PROD0140,SELL024,4,0.15,Net Banking,Delivered
ORD010754,2025-07-14,CUST0196,PROD0132,SELL014,2,0.2,UPI,Delivered
ORD010755,2025-03-17,CUST0545,PROD0123,SELL007,2,0.2,Credit Card,Shipped
ORD010756,2024-07-01,CUST1088,PROD0149,SELL003,3,0.05,UPI,Cancelled
ORD010757,2025-04-30,CUST0589,PROD0166,SELL070,1,0.05,Credit Card,Returned
ORD010758,2025-07-09,CUST0670,PROD0104,SELL039,2,0.25,UPI,Cancelled
ORD010759,2024-01-08,CUST1197,PROD0010,SELL015,3,0.15,Debit Card,Delivered
ORD010760,2025-02-18,CUST0258,PROD0083,SELL059,4,0.2,Debit Card,Cancelled
ORD010761,2025-01-03,CUST1049,PROD0136,SELL052,1,0.25,Net Banking,Returned
ORD010762,2024-09-25,CUST1077,PROD0038,SELL011,3,0.2,Debit Card,Cancelled
ORD010763,2024-02-02,CUST0591,PROD0058,SELL030,4,0.05,Net Banking,Delivered
ORD010764,2024-03-02,CUST0529,PROD0113,SELL023,2,0.1,Debit Card,Cancelled
ORD010765,2025-07-02,CUST0220,PROD0167,SELL051,4,0.1,Debit Card,Cancelled
ORD010766,2025-08-27,CUST0189,PROD0062,SELL007,1,0.0,UPI,Cancelled
ORD010767,2024-11-02,CUST0914,PROD0095,SELL012,2,0.15,Debit Card,Cancelled
ORD010768,2025-11-17,CUST0295,PROD0106,SELL046,4,0.15,UPI,Cancelled
ORD010769,2025-11-09,CUST0687,PROD0016,SELL016,2,0.1,COD,Returned
ORD010770,2025-05-01,CUST0596,PROD0019,SELL070,2,0.1,Credit Card,Delivered
ORD010771,2025-02-28,CUST0877,PROD0087,SELL055,1,0.0,Credit Card,Returned
ORD010772,2025-12-06,CUST0570,PROD0068,SELL001,3,0.15,COD,Delivered
ORD010773,2025-03-21,CUST0778,PROD0170,SELL071,2,0.1,Credit Card,Cancelled
ORD010774,2025-11-13,CUST0735,PROD0001,SELL011,3,0.2,Credit Card,Cancelled
ORD010775,2025-12-16,CUST1130,PROD0169,SELL023,4,0.05,Net Banking,Shipped
ORD010776,2024-05-22,CUST0506,PROD0154,SELL048,4,0.2,Credit Card,Shipped
ORD010777,2025-04-27,CUST0420,PROD0007,SELL009,3,0.1,Debit Card,Cancelled
ORD010778,2025-06-18,CUST0506,PROD0024,SELL008,3,0.1,Debit Card,Delivered
ORD010779,2025-08-22,CUST0722,PROD0051,SELL052,3,0.15,Debit Card,Cancelled
ORD010780,2024-09-12,CUST0612,PROD0134,SELL060,2,0.1,Credit Card,Delivered
ORD010781,2025-09-21,CUST0287,PROD0133,SELL027,4,0.05,COD,Delivered
ORD010782,2024-12-22,CUST0760,PROD0022,SELL058,3,0.1,Debit Card,Delivered
ORD010783,2024-10-09,CUST1083,PROD0172,SELL028,1,0.2,Credit Card,Shipped
ORD010784,2024-04-24,CUST0539,PROD0013,SELL058,4,0.15,Debit Card,Delivered
ORD010785,2024-08-22,CUST0491,PROD0179,SELL042,2,0.1,Credit Card,Shipped
ORD010786,2025-12-13,CUST0677,PROD0062,SELL004,4,0.1,Debit Card,Delivered
ORD010787,2025-06-07,CUST0793,PROD0141,SELL011,3,0.25,Net Banking,Delivered
ORD010788,2025-06-14,CUST0048,PROD0158,SELL074,4,0.25,UPI,Delivered
ORD010789,2025-10-16,CUST0717,PROD0111,SELL069,3,0.1,Net Banking,Delivered
ORD010790,2024-07-14,CUST0978,PROD0127,SELL059,1,0.0,UPI,Delivered
ORD010791,2025-04-28,CUST1065,PROD0017,SELL011,1,0.15,Debit Card,Delivered
ORD010792,2024-09-28,CUST0262,PROD0048,SELL014,1,0.2,Credit Card,Cancelled
ORD010793,2025-09-11,CUST0600,PROD0163,SELL071,2,0.05,Credit Card,Cancelled
ORD010794,2024-11-04,CUST0324,PROD0160,SELL028,2,0.05,Debit Card,Delivered
ORD010795,2025-09-16,CUST0345,PROD0039,SELL012,1,0.15,Credit Card,Delivered
ORD010796,2025-06-30,CUST1031,PROD0020,SELL061,4,0.1,Credit Card,Shipped
ORD010797,2025-07-18,CUST1185,PROD0105,SELL066,2,0.05,UPI,Returned
ORD010798,2025-11-07,CUST1128,PROD0055,SELL036,1,0.2,Credit Card,Delivered
ORD010799,2025-07-31,CUST0709,PROD0144,SELL071,2,0.1,COD,Delivered
ORD010800,2024-08-22,CUST0876,PROD0026,SELL033,3,0.1,Credit Card,Shipped
ORD010801,2025-01-16,CUST0763,PROD0125,SELL057,2,0.15,UPI,Shipped
ORD010802,2024-12-11,CUST1084,PROD0177,SELL047,3,0.1,COD,Delivered
ORD010803,2024-02-17,CUST0639,PROD0171,SELL030,1,0.1,COD,Cancelled
ORD010804,2025-03-09,CUST0353,PROD0007,SELL048,1,0.2,Net Banking,Delivered
ORD010805,2024-11-15,CUST0583,PROD0026,SELL052,1,0.1,Net Banking,Delivered
ORD010806,2024-10-14,CUST0936,PROD0047,SELL024,4,0.15,Debit Card,Returned
ORD010807,2024-03-21,CUST0180,PROD0010,SELL070,2,0.2,UPI,Returned
ORD010808,2025-01-03,CUST0091,PROD0061,SELL001,4,0.15,UPI,Delivered
ORD010809,2025-02-27,CUST0634,PROD0102,SELL034,1,0.0,COD,Delivered
ORD010810,2024-03-18,CUST0845,PROD0120,SELL065,2,0.15,UPI,Delivered
ORD010811,2025-04-09,CUST0006,PROD0090,SELL031,2,0.15,Net Banking,Cancelled
ORD010812,2024-05-02,CUST0379,PROD0170,SELL045,3,0.0,UPI,Delivered
ORD010813,2024-04-15,CUST0019,PROD0125,SELL019,1,0.2,Debit Card,Delivered
ORD010814,2024-10-20,CUST1078,PROD0098,SELL048,4,0.15,COD,Delivered
ORD010815,2024-10-11,CUST0161,PROD0093,SELL057,1,0.0,UPI,Delivered
ORD010816,2025-10-30,CUST0023,PROD0034,SELL079,3,0.1,Credit Card,Delivered
ORD010817,2024-02-19,CUST0575,PROD0072,SELL032,2,0.0,Credit Card,Cancelled
ORD010818,2024-09-12,CUST1037,PROD0022,SELL077,3,0.2,COD,Returned
ORD010819,2025-06-20,CUST1015,PROD0038,SELL040,3,0.2,COD,Returned
ORD010820,2024-07-01,CUST0965,PROD0015,SELL002,3,0.1,Credit Card,Shipped
ORD010821,2025-12-18,CUST0520,PROD0027,SELL009,4,0.2,Debit Card,Delivered
ORD010822,2025-06-27,CUST0232,PROD0159,SELL075,2,0.05,Debit Card,Shipped
ORD010823,2025-11-22,CUST0085,PROD0065,SELL072,3,0.1,COD,Delivered
ORD010824,2025-11-24,CUST0077,PROD0087,SELL020,1,0.2,Credit Card,Delivered
ORD010825,2024-03-20,CUST0662,PROD0041,SELL037,1,0.15,COD,Delivered
ORD010826,2024-12-01,CUST0461,PROD0021,SELL036,3,0.0,Debit Card,Delivered
ORD010827,2025-06-28,CUST1003,PROD0161,SELL024,3,0.1,COD,Delivered
ORD010828,2024-01-07,CUST0869,PROD0158,SELL069,2,0.15,Debit Card,Delivered
ORD010829,2024-11-26,CUST0424,PROD0123,SELL076,1,0.05,COD,Delivered
ORD010830,2025-05-18,CUST1148,PROD0086,SELL039,3,0.15,COD,Delivered
ORD010831,2025-08-02,CUST0438,PROD0066,SELL067,2,0.25,Debit Card,Returned
ORD010832,2024-10-30,CUST0185,PROD0023,SELL057,4,0.05,Debit Card,Returned
ORD010833,2025-09-22,CUST1051,PROD0010,SELL028,3,0.2,Net Banking,Delivered
ORD010834,2025-05-07,CUST0043,PROD0170,SELL034,3,0.15,COD,Cancelled
ORD010835,2024-02-03,CUST1092,PROD0030,SELL004,4,0.1,COD,Shipped
ORD010836,2024-07-22,CUST0256,PROD0048,SELL055,1,0.1,Debit Card,Shipped
ORD010837,2025-11-16,CUST0179,PROD0073,SELL036,3,0.05,Net Banking,Delivered
ORD010838,2024-01-02,CUST1028,PROD0166,SELL015,1,0.05,Net Banking,Delivered
ORD010839,2024-03-19,CUST0359,PROD0097,SELL059,4,0.0,COD,Delivered
ORD010840,2024-09-08,CUST0738,PROD0035,SELL059,2,0.15,Net Banking,Delivered
ORD010841,2025-12-27,CUST0617,PROD0076,SELL048,2,0.15,Debit Card,Shipped
ORD010842,2025-05-30,CUST0072,PROD0124,SELL063,2,0.1,COD,Delivered
ORD010843,2024-04-17,CUST0911,PROD0146,SELL045,4,0.2,Debit Card,Delivered
ORD010844,2024-10-14,CUST0954,PROD0151,SELL080,1,0.0,Credit Card,Returned
ORD010845,2025-11-17,CUST0492,PROD0120,SELL028,4,0.15,COD,Delivered
ORD010846,2024-06-09,CUST0021,PROD0009,SELL003,2,0.1,Debit Card,Cancelled
ORD010847,2025-02-24,CUST1084,PROD0158,SELL004,1,0.15,Debit Card,Shipped
ORD010848,2024-12-05,CUST0424,PROD0097,SELL038,1,0.0,Debit Card,Cancelled
ORD010849,2025-07-09,CUST1017,PROD0178,SELL059,3,0.15,Credit Card,Cancelled
ORD010850,2025-07-03,CUST0316,PROD0112,SELL021,1,0.15,Credit Card,Delivered
ORD010851,2025-09-01,CUST1052,PROD0154,SELL075,2,0.05,Debit Card,Delivered
ORD010852,2024-03-28,CUST0726,PROD0123,SELL038,3,0.0,UPI,Shipped
ORD010853,2024-11-27,CUST0686,PROD0154,SELL079,3,0.0,Credit Card,Delivered
ORD010854,2025-05-20,CUST0761,PROD0137,SELL066,3,0.05,Net Banking,Delivered
ORD010855,2024-11-02,CUST0042,PROD0145,SELL018,2,0.0,COD,Shipped
ORD010856,2025-05-02,CUST0823,PROD0154,SELL031,1,0.0,COD,Returned
ORD010857,2025-04-09,CUST0034,PROD0172,SELL028,2,0.05,COD,Returned
ORD010858,2024-09-28,CUST1005,PROD0015,SELL016,2,0.0,Credit Card,Cancelled
ORD010859,2024-03-14,CUST0132,PROD0140,SELL071,1,0.05,COD,Delivered
ORD010860,2025-12-10,CUST0135,PROD0090,SELL024,2,0.1,COD,Delivered
ORD010861,2025-08-26,CUST0039,PROD0026,SELL039,4,0.15,Debit Card,Delivered
ORD010862,2025-10-16,CUST0490,PROD0123,SELL022,3,0.15,COD,Delivered
ORD010863,2024-08-07,CUST0998,PROD0149,SELL065,4,0.05,COD,Delivered
ORD010864,2024-08-19,CUST0221,PROD0088,SELL064,3,0.15,Credit Card,Delivered
ORD010865,2024-08-24,CUST0426,PROD0076,SELL027,2,0.15,Credit Card,Cancelled
ORD010866,2024-01-23,CUST0664,PROD0160,SELL032,3,0.15,Debit Card,Cancelled
ORD010867,2024-05-04,CUST0822,PROD0177,SELL057,3,0.2,Debit Card,Delivered
ORD010868,2024-08-13,CUST0656,PROD0118,SELL042,4,0.2,COD,Delivered
ORD010869,2025-12-22,CUST0967,PROD0017,SELL056,4,0.05,COD,Delivered
ORD010870,2024-05-29,CUST0499,PROD0137,SELL078,3,0.25,COD,Cancelled
ORD010871,2025-01-06,CUST0905,PROD0071,SELL007,4,0.15,Credit Card,Returned
ORD010872,2025-02-04,CUST0687,PROD0034,SELL067,2,0.0,COD,Shipped
ORD010873,2024-09-20,CUST0276,PROD0127,SELL050,3,0.2,UPI,Shipped
ORD010874,2025-11-02,CUST0792,PROD0147,SELL042,1,0.1,UPI,Delivered
ORD010875,2024-03-09,CUST0360,PROD0017,SELL015,4,0.1,UPI,Returned
ORD010876,2025-09-28,CUST0239,PROD0064,SELL042,4,0.1,Net Banking,Delivered
ORD010877,2025-06-27,CUST0674,PROD0084,SELL041,3,0.1,Debit Card,Delivered
ORD010878,2024-08-11,CUST1003,PROD0078,SELL053,1,0.1,COD,Returned
ORD010879,2025-07-15,CUST1080,PROD0136,SELL003,3,0.05,Credit Card,Delivered
ORD010880,2024-11-09,CUST0504,PROD0081,SELL073,4,0.1,UPI,Returned
ORD010881,2025-12-10,CUST0877,PROD0004,SELL054,1,0.15,Credit Card,Returned
ORD010882,2024-01-27,CUST0916,PROD0137,SELL048,3,0.0,Net Banking,Shipped
ORD010883,2024-01-22,CUST1084,PROD0097,SELL058,2,0.1,Credit Card,Delivered
ORD010884,2025-02-01,CUST0642,PROD0074,SELL033,1,0.1,COD,Delivered
ORD010885,2025-11-11,CUST0958,PROD0093,SELL021,4,0.0,Debit Card,Delivered
ORD010886,2024-02-16,CUST0138,PROD0100,SELL080,1,0.0,Credit Card,Shipped
ORD010887,2025-07-22,CUST0977,PROD0112,SELL021,2,0.2,Credit Card,Delivered
ORD010888,2025-11-17,CUST0227,PROD0048,SELL016,2,0.15,Credit Card,Delivered
ORD010889,2024-12-21,CUST0529,PROD0043,SELL012,1,0.15,COD,Delivered
ORD010890,2025-09-25,CUST1165,PROD0104,SELL065,2,0.05,Net Banking,Returned
ORD010891,2025-07-07,CUST0251,PROD0155,SELL060,1,0.15,COD,Delivered
ORD010892,2024-06-05,CUST0501,PROD0091,SELL020,2,0.15,Credit Card,Shipped
ORD010893,2025-09-16,CUST0890,PROD0112,SELL039,4,0.15,COD,Delivered
ORD010894,2025-05-26,CUST0921,PROD0078,SELL033,4,0.1,Debit Card,Cancelled
ORD010895,2024-01-10,CUST0589,PROD0079,SELL005,1,0.15,Credit Card,Delivered
ORD010896,2025-02-19,CUST0416,PROD0097,SELL011,2,0.1,Debit Card,Cancelled
ORD010897,2025-04-23,CUST1091,PROD0093,SELL080,3,0.25,UPI,Shipped
ORD010898,2025-08-08,CUST0186,PROD0122,SELL024,4,0.15,Net Banking,Delivered
ORD010899,2025-07-17,CUST0815,PROD0063,SELL062,1,0.15,COD,Delivered
ORD010900,2024-12-13,CUST0537,PROD0013,SELL005,3,0.15,COD,Returned
ORD010901,2024-08-06,CUST0856,PROD0063,SELL073,4,0.05,UPI,Delivered
ORD010902,2024-05-20,CUST0163,PROD0006,SELL062,2,0.05,Credit Card,Delivered
ORD010903,2024-03-06,CUST0102,PROD0079,SELL054,1,0.05,Net Banking,Delivered
ORD010904,2025-04-12,CUST0357,PROD0113,SELL019,1,0.05,Net Banking,Delivered
ORD010905,2025-12-02,CUST0513,PROD0180,SELL048,4,0.05,UPI,Returned
ORD010906,2024-02-28,CUST0596,PROD0099,SELL048,3,0.2,COD,Delivered
ORD010907,2025-05-28,CUST1184,PROD0096,SELL067,2,0.1,Net Banking,Returned
ORD010908,2025-03-03,CUST0489,PROD0026,SELL046,4,0.1,UPI,Returned
ORD010909,2024-05-05,CUST0040,PROD0031,SELL069,4,0.2,Net Banking,Cancelled
ORD010910,2024-06-04,CUST0810,PROD0020,SELL058,3,0.05,Debit Card,Delivered
ORD010911,2024-07-26,CUST0587,PROD0105,SELL004,2,0.15,UPI,Returned
ORD010912,2025-05-15,CUST0605,PROD0082,SELL063,4,0.15,Credit Card,Delivered
ORD010913,2024-08-06,CUST0424,PROD0045,SELL035,3,0.0,UPI,Returned
ORD010914,2025-08-28,CUST0983,PROD0044,SELL017,1,0.1,Credit Card,Delivered
ORD010915,2024-09-27,CUST1180,PROD0153,SELL006,3,0.15,Debit Card,Returned
ORD010916,2024-03-21,CUST0328,PROD0157,SELL011,2,0.05,Credit Card,Delivered
ORD010917,2024-03-10,CUST0094,PROD0149,SELL053,4,0.05,COD,Returned
ORD010918,2024-10-19,CUST0582,PROD0024,SELL002,2,0.0,Net Banking,Cancelled
ORD010919,2024-10-25,CUST0336,PROD0040,SELL057,3,0.15,COD,Cancelled
ORD010920,2025-06-20,CUST0334,PROD0149,SELL055,3,0.2,Debit Card,Shipped
ORD010921,2024-12-15,CUST0364,PROD0108,SELL058,1,0.1,Credit Card,Delivered
ORD010922,2024-04-29,CUST0413,PROD0170,SELL034,3,0.25,Net Banking,Delivered
ORD010923,2024-06-04,CUST0799,PROD0040,SELL007,4,0.1,UPI,Shipped
ORD010924,2025-02-18,CUST0543,PROD0066,SELL053,3,0.15,Net Banking,Delivered
ORD010925,2024-09-01,CUST0621,PROD0074,SELL032,2,0.05,Debit Card,Shipped
ORD010926,2025-05-06,CUST0832,PROD0082,SELL005,3,0.05,Credit Card,Cancelled
ORD010927,2025-11-05,CUST0090,PROD0032,SELL049,3,0.05,Net Banking,Returned
ORD010928,2024-09-16,CUST0970,PROD0169,SELL019,3,0.0,Credit Card,Delivered
ORD010929,2025-02-07,CUST0217,PROD0051,SELL062,1,0.1,COD,Delivered
ORD010930,2025-08-31,CUST1102,PROD0122,SELL022,4,0.2,UPI,Cancelled
ORD010931,2024-06-02,CUST0623,PROD0056,SELL064,1,0.1,Credit Card,Delivered
ORD010932,2025-01-08,CUST0517,PROD0076,SELL060,1,0.0,COD,Returned
ORD010933,2024-08-11,CUST0291,PROD0094,SELL079,1,0.2,UPI,Delivered
ORD010934,2025-04-03,CUST0262,PROD0037,SELL007,4,0.2,COD,Cancelled
ORD010935,2025-06-27,CUST0966,PROD0155,SELL059,1,0.15,Net Banking,Returned
ORD010936,2024-04-12,CUST0567,PROD0049,SELL028,1,0.1,Debit Card,Delivered
ORD010937,2024-05-17,CUST1039,PROD0055,SELL059,2,0.05,Debit Card,Cancelled
ORD010938,2024-01-17,CUST0300,PROD0037,SELL011,1,0.05,COD,Shipped
ORD010939,2024-01-09,CUST0528,PROD0055,SELL051,3,0.0,Credit Card,Shipped
ORD010940,2024-02-07,CUST0790,PROD0155,SELL006,3,0.15,Net Banking,Returned
ORD010941,2025-05-31,CUST0256,PROD0102,SELL001,4,0.2,COD,Returned
ORD010942,2025-10-22,CUST0976,PROD0031,SELL069,3,0.15,Debit Card,Shipped
ORD010943,2024-10-26,CUST1155,PROD0095,SELL076,1,0.15,UPI,Delivered
ORD010944,2025-10-07,CUST1107,PROD0093,SELL071,1,0.1,Net Banking,Shipped
ORD010945,2025-06-17,CUST0574,PROD0164,SELL007,3,0.1,Credit Card,Delivered
ORD010946,2025-08-13,CUST1015,PROD0044,SELL033,4,0.1,Debit Card,Delivered
ORD010947,2025-06-24,CUST0561,PROD0045,SELL070,4,0.15,Credit Card,Shipped
ORD010948,2024-05-25,CUST0598,PROD0042,SELL073,1,0.2,COD,Cancelled
ORD010949,2025-01-17,CUST0218,PROD0123,SELL058,2,0.15,Debit Card,Delivered
ORD010950,2025-01-19,CUST0306,PROD0119,SELL042,2,0.05,Debit Card,Delivered
ORD010951,2025-04-14,CUST1149,PROD0009,SELL004,4,0.1,COD,Delivered
ORD010952,2025-08-04,CUST0475,PROD0130,SELL043,4,0.15,UPI,Cancelled
ORD010953,2024-03-23,CUST0091,PROD0013,SELL022,2,0.1,Net Banking,Shipped
ORD010954,2025-05-08,CUST0170,PROD0119,SELL060,4,0.2,COD,Delivered
ORD010955,2025-08-31,CUST0195,PROD0107,SELL032,1,0.15,UPI,Cancelled
ORD010956,2024-03-25,CUST1063,PROD0123,SELL004,4,0.15,Debit Card,Shipped
ORD010957,2024-10-30,CUST0155,PROD0065,SELL073,3,0.1,UPI,Cancelled
ORD010958,2025-10-16,CUST0342,PROD0046,SELL050,2,0.1,UPI,Shipped
ORD010959,2024-01-18,CUST0633,PROD0021,SELL069,4,0.05,UPI,Returned
ORD010960,2024-04-27,CUST0563,PROD0066,SELL024,2,0.2,Credit Card,Delivered
ORD010961,2025-08-10,CUST0292,PROD0167,SELL046,1,0.0,Debit Card,Delivered
ORD010962,2024-05-05,CUST0322,PROD0125,SELL017,4,0.1,Debit Card,Returned
ORD010963,2025-05-28,CUST0244,PROD0163,SELL046,1,0.1,COD,Shipped
ORD010964,2025-10-20,CUST0608,PROD0005,SELL035,3,0.2,Credit Card,Returned
ORD010965,2024-12-30,CUST0272,PROD0155,SELL033,2,0.2,COD,Shipped
ORD010966,2024-12-20,CUST0114,PROD0045,SELL013,4,0.0,Debit Card,Shipped
ORD010967,2024-11-09,CUST0175,PROD0129,SELL002,3,0.05,Net Banking,Delivered
ORD010968,2024-09-29,CUST0060,PROD0163,SELL003,2,0.15,Credit Card,Cancelled
ORD010969,2024-10-04,CUST0507,PROD0085,SELL011,2,0.1,Net Banking,Cancelled
ORD010970,2025-02-08,CUST0809,PROD0006,SELL021,2,0.05,Credit Card,Cancelled
ORD010971,2025-10-16,CUST1108,PROD0072,SELL018,1,0.05,UPI,Delivered
ORD010972,2025-12-18,CUST0756,PROD0094,SELL046,4,0.15,Net Banking,Delivered
ORD010973,2025-09-24,CUST0925,PROD0161,SELL009,4,0.1,UPI,Delivered
ORD010974,2024-03-28,CUST0643,PROD0151,SELL074,4,0.1,Credit Card,Delivered
ORD010975,2024-08-12,CUST0885,PROD0001,SELL072,1,0.15,Debit Card,Cancelled
ORD010976,2025-07-07,CUST1165,PROD0004,SELL070,3,0.0,Credit Card,Delivered
ORD010977,2025-02-02,CUST0488,PROD0178,SELL059,2,0.15,Credit Card,Delivered
ORD010978,2024-09-01,CUST0878,PROD0061,SELL066,3,0.15,Debit Card,Cancelled
ORD010979,2024-08-15,CUST0263,PROD0124,SELL024,1,0.0,Net Banking,Delivered
ORD010980,2024-03-26,CUST1148,PROD0010,SELL018,4,0.0,Net Banking,Returned
ORD010981,2024-08-30,CUST1064,PROD0167,SELL020,1,0.1,Net Banking,Returned
ORD010982,2024-11-04,CUST0566,PROD0087,SELL068,4,0.1,COD,Delivered
ORD010983,2024-10-31,CUST0193,PROD0138,SELL023,1,0.15,COD,Shipped
ORD010984,2025-02-05,CUST0490,PROD0162,SELL022,4,0.05,COD,Delivered
ORD010985,2024-07-18,CUST1092,PROD0020,SELL050,4,0.15,COD,Returned
ORD010986,2024-05-30,CUST0151,PROD0063,SELL064,4,0.2,Debit Card,Cancelled
ORD010987,2025-10-10,CUST0405,PROD0180,SELL053,3,0.15,Net Banking,Delivered
ORD010988,2024-10-23,CUST0167,PROD0147,SELL059,2,0.1,Net Banking,Delivered
ORD010989,2024-07-05,CUST1073,PROD0036,SELL005,2,0.1,Debit Card,Shipped
ORD010990,2025-04-09,CUST0199,PROD0096,SELL004,4,0.1,Net Banking,Cancelled
ORD010991,2025-01-31,CUST0659,PROD0083,SELL042,4,0.0,Credit Card,Shipped
ORD010992,2025-02-25,CUST0503,PROD0104,SELL024,1,0.1,Debit Card,Cancelled
ORD010993,2024-06-10,CUST0592,PROD0054,SELL049,4,0.05,COD,Delivered
ORD010994,2025-06-12,CUST0201,PROD0169,SELL061,4,0.0,UPI,Delivered
ORD010995,2024-05-20,CUST0009,PROD0151,SELL058,2,0.1,Credit Card,Delivered
ORD010996,2025-09-03,CUST0920,PROD0146,SELL077,2,0.0,Debit Card,Cancelled
ORD010997,2024-11-05,CUST0206,PROD0010,SELL078,1,0.15,COD,Shipped
ORD010998,2024-10-26,CUST0907,PROD0113,SELL073,3,0.2,COD,Shipped
ORD010999,2024-10-10,CUST0781,PROD0090,SELL067,3,0.15,COD,Delivered
ORD011000,2024-11-05,CUST0720,PROD0152,SELL017,3,0.0,UPI,Delivered
ORD011001,2025-05-01,CUST1084,PROD0172,SELL018,3,0.15,Debit Card,Cancelled
ORD011002,2024-12-29,CUST0019,PROD0137,SELL068,1,0.15,Debit Card,Cancelled
ORD011003,2024-04-02,CUST0756,PROD0024,SELL031,2,0.1,Debit Card,Delivered
ORD011004,2025-02-18,CUST0488,PROD0086,SELL041,3,0.0,UPI,Returned
ORD011005,2024-07-14,CUST0928,PROD0042,SELL001,2,0.15,Debit Card,Shipped
ORD011006,2024-03-20,CUST0436,PROD0043,SELL002,4,0.0,UPI,Shipped
ORD011007,2025-09-05,CUST0491,PROD0052,SELL012,3,0.05,COD,Cancelled
ORD011008,2024-08-16,CUST1035,PROD0040,SELL047,4,0.2,UPI,Shipped
ORD011009,2025-03-10,CUST0959,PROD0023,SELL024,4,0.05,COD,Delivered
ORD011010,2024-05-05,CUST0042,PROD0120,SELL016,4,0.1,UPI,Delivered
ORD011011,2024-09-05,CUST0271,PROD0081,SELL059,4,0.1,Net Banking,Delivered
ORD011012,2024-10-09,CUST0177,PROD0153,SELL033,4,0.05,COD,Cancelled
ORD011013,2024-04-07,CUST1112,PROD0157,SELL063,2,0.1,COD,Shipped
ORD011014,2025-12-12,CUST0888,PROD0100,SELL030,2,0.1,UPI,Delivered
ORD011015,2024-08-15,CUST1106,PROD0126,SELL065,4,0.15,Net Banking,Delivered
ORD011016,2025-03-01,CUST0724,PROD0081,SELL072,1,0.0,Debit Card,Delivered
ORD011017,2025-02-17,CUST0621,PROD0089,SELL019,2,0.0,Net Banking,Delivered
ORD011018,2024-11-09,CUST0117,PROD0103,SELL034,2,0.15,Debit Card,Shipped
ORD011019,2025-03-04,CUST0152,PROD0043,SELL013,3,0.05,UPI,Returned
ORD011020,2025-02-17,CUST0741,PROD0129,SELL015,4,0.15,UPI,Cancelled
ORD011021,2024-02-28,CUST0209,PROD0175,SELL065,2,0.0,UPI,Delivered
ORD011022,2025-05-04,CUST0303,PROD0132,SELL026,1,0.1,UPI,Delivered
ORD011023,2024-03-24,CUST0293,PROD0152,SELL004,1,0.1,COD,Delivered
ORD011024,2024-11-13,CUST0100,PROD0063,SELL053,2,0.0,Net Banking,Delivered
ORD011025,2024-09-23,CUST0437,PROD0059,SELL034,3,0.15,Credit Card,Shipped
ORD011026,2024-11-23,CUST0707,PROD0046,SELL024,2,0.1,COD,Cancelled
ORD011027,2024-02-22,CUST0086,PROD0020,SELL010,2,0.1,UPI,Shipped
ORD011028,2025-05-27,CUST1090,PROD0175,SELL007,1,0.05,Debit Card,Cancelled
ORD011029,2024-11-01,CUST0989,PROD0012,SELL070,2,0.1,COD,Returned
ORD011030,2024-02-14,CUST1146,PROD0114,SELL063,3,0.0,Debit Card,Delivered
ORD011031,2024-01-03,CUST0154,PROD0095,SELL019,2,0.1,Debit Card,Shipped
ORD011032,2025-01-29,CUST1196,PROD0169,SELL005,2,0.15,Debit Card,Delivered
ORD011033,2025-05-02,CUST0222,PROD0070,SELL017,3,0.2,Credit Card,Shipped
ORD011034,2025-02-04,CUST0576,PROD0124,SELL032,3,0.15,COD,Returned
ORD011035,2025-06-10,CUST0196,PROD0001,SELL057,3,0.0,Net Banking,Delivered
ORD011036,2025-07-07,CUST0363,PROD0082,SELL007,1,0.15,COD,Delivered
ORD011037,2025-09-29,CUST0482,PROD0055,SELL068,2,0.15,COD,Cancelled
ORD011038,2025-12-19,CUST0760,PROD0178,SELL056,4,0.1,UPI,Returned
ORD011039,2025-10-08,CUST0340,PROD0174,SELL078,3,0.05,Credit Card,Returned
ORD011040,2025-08-04,CUST0652,PROD0117,SELL079,3,0.15,Debit Card,Delivered
ORD011041,2024-11-11,CUST0262,PROD0087,SELL018,2,0.15,Debit Card,Cancelled
ORD011042,2025-01-03,CUST0219,PROD0027,SELL003,1,0.15,Credit Card,Delivered
ORD011043,2025-03-26,CUST0493,PROD0134,SELL001,1,0.1,UPI,Shipped
ORD011044,2024-05-03,CUST0042,PROD0133,SELL009,2,0.15,Net Banking,Returned
ORD011045,2025-05-10,CUST0286,PROD0079,SELL034,2,0.0,Net Banking,Returned
ORD011046,2025-03-06,CUST0079,PROD0018,SELL065,4,0.15,Debit Card,Delivered
ORD011047,2025-01-15,CUST0264,PROD0093,SELL024,3,0.0,Debit Card,Cancelled
ORD011048,2025-09-01,CUST0721,PROD0144,SELL033,4,0.15,Net Banking,Shipped
ORD011049,2025-05-17,CUST0589,PROD0080,SELL070,3,0.0,UPI,Returned
ORD011050,2025-11-12,CUST0209,PROD0070,SELL075,1,0.0,COD,Delivered
ORD011051,2025-12-14,CUST0335,PROD0015,SELL013,3,0.1,Net Banking,Delivered
ORD011052,2025-08-26,CUST0412,PROD0080,SELL026,1,0.2,Net Banking,Delivered
ORD011053,2024-08-05,CUST0436,PROD0033,SELL051,1,0.2,Net Banking,Delivered
ORD011054,2024-05-18,CUST1197,PROD0026,SELL071,2,0.0,COD,Delivered
ORD011055,2024-08-06,CUST0703,PROD0059,SELL073,1,0.05,Net Banking,Cancelled
ORD011056,2025-06-04,CUST0054,PROD0133,SELL048,1,0.1,Net Banking,Cancelled
ORD011057,2025-09-23,CUST1129,PROD0052,SELL035,2,0.15,Net Banking,Shipped
ORD011058,2025-10-05,CUST0756,PROD0120,SELL023,1,0.15,Credit Card,Delivered
ORD011059,2025-05-14,CUST0593,PROD0104,SELL004,2,0.0,Debit Card,Delivered
ORD011060,2025-05-12,CUST0417,PROD0144,SELL046,1,0.1,Debit Card,Delivered
ORD011061,2025-11-26,CUST0665,PROD0135,SELL003,4,0.2,Debit Card,Delivered
ORD011062,2025-05-16,CUST0663,PROD0045,SELL067,3,0.1,Credit Card,Delivered
ORD011063,2024-04-13,CUST0633,PROD0150,SELL049,4,0.15,UPI,Shipped
ORD011064,2024-12-31,CUST1174,PROD0034,SELL078,4,0.05,Net Banking,Cancelled
ORD011065,2024-09-19,CUST0631,PROD0127,SELL049,1,0.15,UPI,Shipped
ORD011066,2025-04-10,CUST0826,PROD0075,SELL038,4,0.05,COD,Returned
ORD011067,2025-04-09,CUST0327,PROD0075,SELL080,2,0.1,Debit Card,Delivered
ORD011068,2024-08-03,CUST1064,PROD0036,SELL078,3,0.1,COD,Returned
ORD011069,2024-08-07,CUST0715,PROD0010,SELL060,1,0.1,Credit Card,Cancelled
ORD011070,2024-03-05,CUST0756,PROD0136,SELL058,1,0.1,Debit Card,Delivered
ORD011071,2024-08-02,CUST0941,PROD0075,SELL066,3,0.2,Debit Card,Returned
ORD011072,2025-08-28,CUST0957,PROD0126,SELL062,4,0.15,Net Banking,Cancelled
ORD011073,2025-04-23,CUST0117,PROD0089,SELL066,3,0.15,UPI,Delivered
ORD011074,2025-11-20,CUST0187,PROD0128,SELL022,2,0.1,Debit Card,Shipped
ORD011075,2025-11-08,CUST0673,PROD0052,SELL027,1,0.2,COD,Returned
ORD011076,2025-09-18,CUST1030,PROD0047,SELL051,2,0.0,Credit Card,Returned
ORD011077,2024-05-11,CUST0785,PROD0088,SELL019,4,0.1,Net Banking,Delivered
ORD011078,2024-09-01,CUST0457,PROD0118,SELL034,1,0.1,Debit Card,Delivered
ORD011079,2024-02-12,CUST0114,PROD0163,SELL078,1,0.15,COD,Cancelled
ORD011080,2024-03-09,CUST0940,PROD0009,SELL038,2,0.1,Credit Card,Cancelled
ORD011081,2024-06-17,CUST1131,PROD0108,SELL074,1,0.05,UPI,Delivered
ORD011082,2024-07-23,CUST1190,PROD0115,SELL063,1,0.15,Credit Card,Cancelled
ORD011083,2024-01-12,CUST0939,PROD0033,SELL067,2,0.1,Net Banking,Delivered
ORD011084,2025-09-08,CUST0115,PROD0035,SELL037,3,0.25,UPI,Delivered
ORD011085,2025-01-20,CUST1009,PROD0082,SELL001,2,0.05,UPI,Delivered
ORD011086,2025-04-24,CUST0883,PROD0023,SELL063,1,0.1,Debit Card,Delivered
ORD011087,2025-04-22,CUST0168,PROD0115,SELL078,1,0.0,UPI,Cancelled
ORD011088,2025-12-07,CUST0548,PROD0049,SELL008,2,0.2,Debit Card,Delivered
ORD011089,2024-04-17,CUST1165,PROD0048,SELL078,4,0.25,COD,Delivered
ORD011090,2024-09-07,CUST0202,PROD0073,SELL029,2,0.1,Net Banking,Returned
ORD011091,2024-08-13,CUST0650,PROD0171,SELL047,4,0.05,Credit Card,Cancelled
ORD011092,2025-02-07,CUST0782,PROD0106,SELL035,1,0.15,Debit Card,Shipped
ORD011093,2025-01-19,CUST0231,PROD0141,SELL063,2,0.15,Debit Card,Returned
ORD011094,2025-07-31,CUST0501,PROD0117,SELL066,3,0.05,COD,Delivered
ORD011095,2025-02-13,CUST0015,PROD0127,SELL021,2,0.05,Debit Card,Delivered
ORD011096,2024-06-20,CUST1159,PROD0061,SELL034,4,0.1,Debit Card,Delivered
ORD011097,2025-02-16,CUST1153,PROD0097,SELL078,3,0.05,UPI,Delivered
ORD011098,2025-12-05,CUST0212,PROD0075,SELL069,4,0.05,COD,Returned
ORD011099,2025-02-27,CUST0896,PROD0047,SELL033,4,0.05,Debit Card,Delivered
ORD011100,2025-03-09,CUST0536,PROD0081,SELL055,2,0.1,Debit Card,Shipped
ORD011101,2024-05-08,CUST0120,PROD0110,SELL059,1,0.2,Net Banking,Cancelled
ORD011102,2024-01-06,CUST0635,PROD0113,SELL043,1,0.0,UPI,Shipped
ORD011103,2024-06-02,CUST0340,PROD0115,SELL031,3,0.0,UPI,Cancelled
ORD011104,2024-01-19,CUST0856,PROD0037,SELL003,2,0.05,Credit Card,Delivered
ORD011105,2024-11-26,CUST0095,PROD0163,SELL041,3,0.0,COD,Returned
ORD011106,2025-10-06,CUST0541,PROD0018,SELL016,3,0.05,Net Banking,Shipped
ORD011107,2024-11-22,CUST1103,PROD0057,SELL027,2,0.05,UPI,Cancelled
ORD011108,2025-04-16,CUST1127,PROD0109,SELL026,1,0.05,COD,Returned
ORD011109,2025-09-17,CUST0323,PROD0012,SELL067,1,0.05,Debit Card,Delivered
ORD011110,2025-07-11,CUST0247,PROD0168,SELL073,4,0.1,UPI,Delivered
ORD011111,2025-04-20,CUST0993,PROD0167,SELL070,3,0.15,UPI,Delivered
ORD011112,2025-07-27,CUST0749,PROD0160,SELL026,4,0.25,Debit Card,Delivered
ORD011113,2024-07-24,CUST0519,PROD0177,SELL075,4,0.0,Credit Card,Delivered
ORD011114,2024-11-03,CUST0879,PROD0147,SELL060,2,0.0,UPI,Delivered
ORD011115,2024-10-18,CUST0201,PROD0171,SELL026,4,0.15,Debit Card,Delivered
ORD011116,2025-08-06,CUST1092,PROD0055,SELL059,2,0.15,COD,Shipped
ORD011117,2024-10-25,CUST0943,PROD0176,SELL035,3,0.25,Debit Card,Delivered
ORD011118,2025-11-16,CUST0008,PROD0150,SELL041,3,0.0,Credit Card,Delivered
ORD011119,2024-05-16,CUST0189,PROD0116,SELL066,2,0.15,COD,Cancelled
ORD011120,2024-05-05,CUST0184,PROD0079,SELL068,2,0.0,UPI,Delivered
ORD011121,2025-06-07,CUST0837,PROD0009,SELL031,3,0.1,COD,Delivered
ORD011122,2025-07-12,CUST0636,PROD0175,SELL001,4,0.1,Credit Card,Delivered
ORD011123,2025-05-11,CUST0594,PROD0140,SELL014,1,0.05,Debit Card,Cancelled
ORD011124,2024-08-12,CUST0194,PROD0028,SELL025,3,0.1,COD,Delivered
ORD011125,2024-01-07,CUST0660,PROD0140,SELL050,1,0.05,Credit Card,Shipped
ORD011126,2024-08-23,CUST0789,PROD0029,SELL003,4,0.15,Credit Card,Shipped
ORD011127,2024-12-07,CUST0090,PROD0021,SELL026,1,0.0,UPI,Returned
ORD011128,2024-10-28,CUST0037,PROD0023,SELL065,3,0.1,UPI,Cancelled
ORD011129,2025-11-05,CUST0742,PROD0004,SELL041,4,0.0,UPI,Cancelled
ORD011130,2025-09-23,CUST0566,PROD0160,SELL036,1,0.0,Credit Card,Delivered
ORD011131,2025-07-20,CUST0676,PROD0088,SELL065,4,0.0,Net Banking,Delivered
ORD011132,2024-01-17,CUST0023,PROD0157,SELL003,2,0.0,COD,Delivered
ORD011133,2024-04-03,CUST0979,PROD0166,SELL042,1,0.05,Debit Card,Shipped
ORD011134,2024-11-13,CUST0026,PROD0062,SELL067,3,0.2,UPI,Returned
ORD011135,2025-03-30,CUST0008,PROD0002,SELL022,2,0.2,Net Banking,Shipped
ORD011136,2025-05-12,CUST0962,PROD0001,SELL074,3,0.1,Debit Card,Returned
ORD011137,2024-08-04,CUST0909,PROD0041,SELL039,1,0.15,Debit Card,Returned
ORD011138,2024-03-21,CUST1082,PROD0175,SELL015,3,0.15,Net Banking,Delivered
ORD011139,2024-08-27,CUST0234,PROD0023,SELL050,3,0.2,Debit Card,Delivered
ORD011140,2025-08-02,CUST1118,PROD0137,SELL029,1,0.05,COD,Delivered
ORD011141,2025-12-22,CUST0095,PROD0035,SELL062,3,0.1,COD,Shipped
ORD011142,2025-11-19,CUST0874,PROD0043,SELL032,3,0.0,Credit Card,Cancelled
ORD011143,2025-03-09,CUST0865,PROD0153,SELL027,1,0.15,Debit Card,Delivered
ORD011144,2024-03-07,CUST0862,PROD0006,SELL067,2,0.15,UPI,Delivered
ORD011145,2025-12-08,CUST1033,PROD0070,SELL030,1,0.05,Debit Card,Cancelled
ORD011146,2024-04-21,CUST0401,PROD0050,SELL040,2,0.0,Net Banking,Delivered
ORD011147,2024-07-15,CUST0552,PROD0079,SELL049,2,0.05,Credit Card,Returned
ORD011148,2025-12-13,CUST0672,PROD0003,SELL029,1,0.0,Debit Card,Delivered
ORD011149,2025-01-03,CUST0341,PROD0093,SELL070,4,0.05,UPI,Delivered
ORD011150,2024-05-24,CUST0054,PROD0066,SELL074,3,0.05,COD,Returned
ORD011151,2025-01-02,CUST0133,PROD0086,SELL070,1,0.05,COD,Delivered
ORD011152,2024-02-27,CUST0795,PROD0125,SELL001,1,0.1,Net Banking,Returned
ORD011153,2024-08-18,CUST0818,PROD0046,SELL022,4,0.0,Credit Card,Delivered
ORD011154,2025-11-27,CUST0277,PROD0080,SELL007,4,0.2,Credit Card,Delivered
ORD011155,2024-08-06,CUST0369,PROD0115,SELL052,3,0.2,Credit Card,Shipped
ORD011156,2025-10-14,CUST0919,PROD0011,SELL034,3,0.0,Debit Card,Delivered
ORD011157,2025-01-31,CUST0251,PROD0101,SELL069,4,0.05,Credit Card,Delivered
ORD011158,2025-04-24,CUST0343,PROD0139,SELL002,1,0.15,Debit Card,Delivered
ORD011159,2025-05-28,CUST1109,PROD0164,SELL025,3,0.05,UPI,Returned
ORD011160,2025-02-07,CUST0468,PROD0102,SELL031,2,0.1,COD,Delivered
ORD011161,2024-01-26,CUST1187,PROD0088,SELL053,1,0.15,Credit Card,Cancelled
ORD011162,2025-11-02,CUST0667,PROD0067,SELL047,3,0.2,Debit Card,Shipped
ORD011163,2024-12-13,CUST0326,PROD0124,SELL070,2,0.15,Credit Card,Delivered
ORD011164,2025-04-24,CUST0846,PROD0114,SELL007,2,0.15,Credit Card,Cancelled
ORD011165,2025-02-08,CUST0592,PROD0064,SELL015,4,0.1,COD,Returned
ORD011166,2025-04-26,CUST0638,PROD0178,SELL013,1,0.05,Debit Card,Delivered
ORD011167,2024-09-16,CUST0086,PROD0094,SELL067,2,0.1,COD,Shipped
ORD011168,2025-09-08,CUST0262,PROD0008,SELL055,3,0.25,COD,Returned
ORD011169,2024-06-12,CUST0250,PROD0178,SELL003,4,0.2,Net Banking,Shipped
ORD011170,2025-04-22,CUST0056,PROD0137,SELL044,4,0.2,COD,Returned
ORD011171,2025-02-26,CUST0750,PROD0140,SELL047,1,0.1,Debit Card,Delivered
ORD011172,2025-01-03,CUST0133,PROD0057,SELL003,4,0.2,Net Banking,Cancelled
ORD011173,2024-01-17,CUST0155,PROD0164,SELL044,3,0.2,UPI,Delivered
ORD011174,2024-10-11,CUST0777,PROD0151,SELL074,1,0.15,Debit Card,Returned
ORD011175,2024-02-04,CUST1046,PROD0009,SELL021,2,0.15,UPI,Returned
ORD011176,2025-01-02,CUST0772,PROD0015,SELL045,4,0.15,Net Banking,Shipped
ORD011177,2025-05-17,CUST0756,PROD0016,SELL028,3,0.2,COD,Delivered
ORD011178,2025-01-16,CUST0899,PROD0035,SELL028,3,0.15,Credit Card,Returned
ORD011179,2025-07-07,CUST0593,PROD0179,SELL044,1,0.2,COD,Cancelled
ORD011180,2024-09-20,CUST0663,PROD0117,SELL017,1,0.15,COD,Shipped
ORD011181,2024-08-11,CUST0703,PROD0173,SELL070,3,0.1,UPI,Returned
ORD011182,2024-11-23,CUST0968,PROD0097,SELL066,3,0.05,COD,Returned
ORD011183,2024-06-16,CUST0974,PROD0047,SELL065,4,0.15,Net Banking,Returned
ORD011184,2025-08-09,CUST0588,PROD0057,SELL057,2,0.15,COD,Delivered
ORD011185,2025-08-14,CUST0848,PROD0097,SELL044,3,0.0,COD,Delivered
ORD011186,2024-10-31,CUST0255,PROD0067,SELL077,1,0.1,UPI,Cancelled
ORD011187,2025-08-02,CUST0086,PROD0128,SELL005,1,0.15,Net Banking,Returned
ORD011188,2024-01-19,CUST0556,PROD0033,SELL014,3,0.15,Debit Card,Returned
ORD011189,2024-04-23,CUST1185,PROD0002,SELL037,3,0.1,Net Banking,Shipped
ORD011190,2024-07-25,CUST0746,PROD0119,SELL028,2,0.15,COD,Delivered
ORD011191,2024-10-10,CUST0808,PROD0104,SELL003,4,0.15,UPI,Returned
ORD011192,2024-06-18,CUST0619,PROD0072,SELL045,4,0.1,Net Banking,Cancelled
ORD011193,2025-01-09,CUST0058,PROD0110,SELL025,3,0.05,Debit Card,Delivered
ORD011194,2025-08-03,CUST1140,PROD0021,SELL073,3,0.1,Net Banking,Cancelled
ORD011195,2024-11-29,CUST0557,PROD0130,SELL051,3,0.05,Credit Card,Delivered
ORD011196,2024-11-24,CUST0859,PROD0175,SELL053,3,0.05,UPI,Shipped
ORD011197,2024-02-13,CUST0262,PROD0164,SELL065,4,0.25,Credit Card,Cancelled
ORD011198,2024-07-23,CUST0995,PROD0006,SELL047,1,0.2,COD,Delivered
ORD011199,2025-08-13,CUST0211,PROD0049,SELL044,2,0.1,Credit Card,Cancelled
ORD011200,2025-08-15,CUST0009,PROD0011,SELL025,2,0.15,Debit Card,Shipped
ORD011201,2024-03-17,CUST0282,PROD0066,SELL029,1,0.15,Debit Card,Delivered
ORD011202,2024-01-15,CUST0597,PROD0067,SELL020,3,0.1,Credit Card,Delivered
ORD011203,2025-08-30,CUST0946,PROD0163,SELL046,4,0.15,COD,Delivered
ORD011204,2024-05-07,CUST1170,PROD0054,SELL055,1,0.25,Credit Card,Delivered
ORD011205,2025-02-23,CUST0853,PROD0064,SELL069,2,0.05,COD,Delivered
ORD011206,2025-08-27,CUST0135,PROD0070,SELL003,2,0.05,Credit Card,Delivered
ORD011207,2025-07-29,CUST1029,PROD0144,SELL050,1,0.15,COD,Returned
ORD011208,2025-02-06,CUST0770,PROD0179,SELL036,3,0.15,UPI,Delivered
ORD011209,2024-10-02,CUST0002,PROD0113,SELL003,1,0.25,COD,Delivered
ORD011210,2025-07-19,CUST0751,PROD0077,SELL047,2,0.1,Credit Card,Delivered
ORD011211,2025-05-22,CUST0226,PROD0006,SELL078,2,0.05,COD,Shipped
ORD011212,2025-09-04,CUST0501,PROD0053,SELL065,4,0.05,UPI,Delivered
ORD011213,2025-01-10,CUST0297,PROD0091,SELL006,4,0.05,Net Banking,Delivered
ORD011214,2025-11-19,CUST0388,PROD0109,SELL067,2,0.1,Credit Card,Delivered
ORD011215,2025-07-16,CUST0504,PROD0136,SELL047,2,0.25,Debit Card,Cancelled
ORD011216,2024-02-16,CUST1058,PROD0110,SELL073,4,0.1,Debit Card,Cancelled
ORD011217,2024-08-02,CUST0565,PROD0102,SELL043,3,0.15,Credit Card,Delivered
ORD011218,2025-08-07,CUST0609,PROD0022,SELL030,1,0.25,UPI,Cancelled
ORD011219,2024-03-25,CUST0145,PROD0160,SELL050,1,0.15,COD,Shipped
ORD011220,2025-06-02,CUST1073,PROD0161,SELL039,3,0.15,UPI,Cancelled
ORD011221,2024-09-05,CUST0493,PROD0074,SELL035,3,0.05,COD,Delivered
ORD011222,2024-05-31,CUST0906,PROD0164,SELL020,3,0.2,Credit Card,Returned
ORD011223,2025-01-29,CUST0249,PROD0046,SELL030,4,0.25,Credit Card,Shipped
ORD011224,2025-11-12,CUST0102,PROD0109,SELL013,2,0.15,UPI,Shipped
ORD011225,2025-10-18,CUST0354,PROD0124,SELL040,2,0.15,Credit Card,Delivered
ORD011226,2024-10-22,CUST0631,PROD0107,SELL015,3,0.15,COD,Cancelled
ORD011227,2024-01-03,CUST0207,PROD0064,SELL036,1,0.0,UPI,Shipped
ORD011228,2025-10-10,CUST0530,PROD0130,SELL028,1,0.15,UPI,Cancelled
ORD011229,2025-10-17,CUST1145,PROD0150,SELL057,1,0.05,Debit Card,Cancelled
ORD011230,2025-03-18,CUST1047,PROD0160,SELL078,1,0.15,Debit Card,Returned
ORD011231,2025-04-04,CUST0552,PROD0043,SELL052,3,0.1,COD,Shipped
ORD011232,2025-01-20,CUST0040,PROD0137,SELL017,1,0.1,UPI,Shipped
ORD011233,2024-01-10,CUST0148,PROD0106,SELL014,1,0.15,Debit Card,Delivered
ORD011234,2024-04-26,CUST0906,PROD0073,SELL042,4,0.25,COD,Shipped
ORD011235,2024-04-14,CUST0423,PROD0063,SELL049,3,0.0,UPI,Delivered
ORD011236,2025-10-30,CUST1025,PROD0171,SELL015,2,0.1,Debit Card,Delivered
ORD011237,2024-02-06,CUST0971,PROD0164,SELL029,4,0.2,COD,Returned
ORD011238,2025-02-10,CUST0779,PROD0091,SELL066,1,0.25,COD,Returned
ORD011239,2024-09-22,CUST0469,PROD0180,SELL051,4,0.15,COD,Cancelled
ORD011240,2024-01-05,CUST0104,PROD0032,SELL002,2,0.1,Debit Card,Cancelled
ORD011241,2025-11-02,CUST0198,PROD0035,SELL011,3,0.1,Net Banking,Delivered
ORD011242,2024-01-14,CUST0785,PROD0042,SELL071,4,0.0,Net Banking,Delivered
ORD011243,2025-09-17,CUST1054,PROD0086,SELL067,3,0.25,Debit Card,Returned
ORD011244,2025-07-22,CUST1195,PROD0081,SELL029,4,0.2,UPI,Shipped
ORD011245,2025-08-03,CUST0237,PROD0177,SELL019,3,0.15,COD,Shipped
ORD011246,2024-04-28,CUST0501,PROD0059,SELL007,1,0.2,Debit Card,Cancelled
ORD011247,2025-10-06,CUST0047,PROD0009,SELL071,1,0.25,COD,Returned
ORD011248,2025-03-13,CUST0723,PROD0097,SELL036,4,0.25,UPI,Shipped
ORD011249,2024-10-20,CUST0763,PROD0103,SELL079,4,0.0,Debit Card,Returned
ORD011250,2025-05-12,CUST0929,PROD0093,SELL007,1,0.1,COD,Delivered
ORD011251,2024-09-06,CUST0069,PROD0088,SELL057,1,0.05,Credit Card,Delivered
ORD011252,2024-07-23,CUST1145,PROD0114,SELL035,4,0.2,Debit Card,Delivered
ORD011253,2024-07-29,CUST0049,PROD0040,SELL011,2,0.15,Net Banking,Delivered
ORD011254,2025-02-20,CUST0555,PROD0064,SELL060,3,0.25,Debit Card,Delivered
ORD011255,2025-03-15,CUST0935,PROD0121,SELL024,4,0.15,UPI,Shipped
ORD011256,2024-06-24,CUST1175,PROD0097,SELL012,4,0.05,Net Banking,Returned
ORD011257,2024-06-28,CUST0096,PROD0070,SELL021,4,0.2,COD,Cancelled
ORD011258,2025-11-22,CUST1033,PROD0112,SELL066,1,0.25,Debit Card,Delivered
ORD011259,2025-01-11,CUST0626,PROD0112,SELL061,4,0.0,Credit Card,Cancelled
ORD011260,2025-09-20,CUST0883,PROD0049,SELL046,1,0.0,Debit Card,Shipped
ORD011261,2024-08-29,CUST0406,PROD0180,SELL018,2,0.15,COD,Delivered
ORD011262,2024-07-29,CUST0258,PROD0142,SELL003,1,0.05,Debit Card,Delivered
ORD011263,2024-07-25,CUST0162,PROD0045,SELL032,4,0.0,COD,Delivered
ORD011264,2025-01-21,CUST0964,PROD0027,SELL012,1,0.1,COD,Delivered
ORD011265,2025-07-23,CUST1159,PROD0091,SELL070,1,0.0,Debit Card,Delivered
ORD011266,2024-12-31,CUST0452,PROD0094,SELL002,4,0.2,Debit Card,Returned
ORD011267,2024-08-03,CUST0155,PROD0076,SELL018,3,0.0,UPI,Shipped
ORD011268,2025-12-02,CUST0237,PROD0085,SELL014,2,0.1,Debit Card,Shipped
ORD011269,2025-02-22,CUST0629,PROD0059,SELL030,2,0.0,Credit Card,Delivered
ORD011270,2024-10-15,CUST0810,PROD0133,SELL079,1,0.15,Net Banking,Cancelled
ORD011271,2024-01-08,CUST0291,PROD0023,SELL033,4,0.25,Net Banking,Delivered
ORD011272,2025-02-14,CUST0170,PROD0122,SELL080,1,0.15,COD,Delivered
ORD011273,2025-03-29,CUST0214,PROD0052,SELL047,2,0.1,UPI,Cancelled
ORD011274,2025-11-09,CUST0046,PROD0046,SELL078,4,0.1,COD,Cancelled
ORD011275,2024-06-17,CUST1147,PROD0024,SELL029,4,0.1,COD,Cancelled
ORD011276,2024-04-29,CUST0876,PROD0046,SELL063,3,0.2,UPI,Delivered
ORD011277,2025-12-31,CUST0756,PROD0050,SELL048,2,0.25,UPI,Delivered
ORD011278,2025-02-06,CUST0585,PROD0126,SELL054,3,0.15,Debit Card,Delivered
ORD011279,2024-01-20,CUST0567,PROD0178,SELL028,4,0.1,Credit Card,Delivered
ORD011280,2024-03-18,CUST1029,PROD0014,SELL049,2,0.1,COD,Delivered
ORD011281,2024-12-13,CUST0255,PROD0013,SELL033,2,0.05,UPI,Delivered
ORD011282,2025-03-27,CUST0585,PROD0017,SELL028,3,0.0,Credit Card,Delivered
ORD011283,2024-06-27,CUST0373,PROD0018,SELL057,1,0.0,Debit Card,Returned
ORD011284,2024-09-24,CUST0647,PROD0010,SELL038,4,0.15,Net Banking,Cancelled
ORD011285,2025-06-22,CUST0343,PROD0133,SELL009,3,0.1,Credit Card,Cancelled
ORD011286,2025-12-08,CUST1077,PROD0067,SELL014,3,0.05,Debit Card,Delivered
ORD011287,2024-12-24,CUST0318,PROD0023,SELL058,1,0.1,UPI,Shipped
ORD011288,2024-10-30,CUST0858,PROD0097,SELL032,2,0.2,Credit Card,Cancelled
ORD011289,2024-09-20,CUST0476,PROD0002,SELL066,2,0.15,UPI,Shipped
ORD011290,2024-04-09,CUST0410,PROD0170,SELL047,2,0.1,Net Banking,Shipped
ORD011291,2024-02-08,CUST0758,PROD0068,SELL062,3,0.0,Credit Card,Shipped
ORD011292,2025-09-01,CUST0959,PROD0029,SELL075,2,0.2,COD,Cancelled
ORD011293,2024-01-28,CUST0193,PROD0116,SELL028,4,0.1,Credit Card,Returned
ORD011294,2025-08-23,CUST1111,PROD0071,SELL065,4,0.25,Debit Card,Cancelled
ORD011295,2024-06-29,CUST0696,PROD0068,SELL057,3,0.05,UPI,Shipped
ORD011296,2025-05-22,CUST0991,PROD0068,SELL039,1,0.2,COD,Shipped
ORD011297,2025-11-26,CUST0288,PROD0038,SELL074,1,0.05,UPI,Shipped
ORD011298,2025-07-01,CUST0222,PROD0060,SELL027,3,0.1,UPI,Delivered
ORD011299,2025-06-17,CUST0381,PROD0090,SELL060,1,0.2,Net Banking,Delivered
ORD011300,2024-07-12,CUST0424,PROD0020,SELL056,1,0.0,Debit Card,Delivered
ORD011301,2025-03-13,CUST0145,PROD0053,SELL051,3,0.05,Debit Card,Returned
ORD011302,2025-04-14,CUST0472,PROD0108,SELL041,1,0.05,Debit Card,Cancelled
ORD011303,2024-11-06,CUST0823,PROD0043,SELL025,3,0.05,Debit Card,Delivered
ORD011304,2024-01-28,CUST0051,PROD0128,SELL032,3,0.15,UPI,Returned
ORD011305,2025-10-28,CUST0980,PROD0115,SELL045,4,0.25,UPI,Shipped
ORD011306,2024-05-23,CUST1075,PROD0072,SELL007,1,0.1,Credit Card,Cancelled
ORD011307,2025-12-12,CUST0267,PROD0133,SELL039,2,0.2,UPI,Returned
ORD011308,2025-11-12,CUST0647,PROD0017,SELL057,4,0.05,Net Banking,Delivered
ORD011309,2024-01-14,CUST1177,PROD0128,SELL018,2,0.1,UPI,Shipped
ORD011310,2025-06-24,CUST1153,PROD0113,SELL043,1,0.1,Debit Card,Returned
ORD011311,2025-04-08,CUST0781,PROD0019,SELL073,3,0.0,Debit Card,Cancelled
ORD011312,2024-06-17,CUST0896,PROD0158,SELL038,3,0.15,UPI,Cancelled
ORD011313,2025-08-17,CUST0200,PROD0056,SELL078,1,0.05,COD,Shipped
ORD011314,2024-03-22,CUST0224,PROD0171,SELL004,2,0.15,Credit Card,Cancelled
ORD011315,2024-06-30,CUST1005,PROD0056,SELL044,2,0.1,UPI,Delivered
ORD011316,2025-11-24,CUST0913,PROD0146,SELL019,3,0.0,UPI,Returned
ORD011317,2025-06-27,CUST0206,PROD0166,SELL053,2,0.0,Debit Card,Delivered
ORD011318,2024-03-23,CUST0382,PROD0179,SELL022,4,0.05,COD,Cancelled
ORD011319,2024-04-15,CUST1106,PROD0055,SELL059,1,0.2,UPI,Delivered
ORD011320,2024-07-06,CUST0595,PROD0088,SELL017,4,0.0,UPI,Delivered
ORD011321,2024-02-21,CUST0288,PROD0052,SELL065,2,0.1,Debit Card,Delivered
ORD011322,2024-05-13,CUST0058,PROD0147,SELL051,3,0.15,Net Banking,Shipped
ORD011323,2025-02-21,CUST1160,PROD0110,SELL050,4,0.0,UPI,Cancelled
ORD011324,2024-01-06,CUST0865,PROD0092,SELL070,1,0.05,Net Banking,Returned
ORD011325,2024-07-29,CUST0554,PROD0119,SELL047,2,0.1,COD,Delivered
ORD011326,2024-08-17,CUST0106,PROD0179,SELL005,4,0.05,Credit Card,Delivered
ORD011327,2025-12-10,CUST0071,PROD0170,SELL080,1,0.0,UPI,Delivered
ORD011328,2025-12-13,CUST0782,PROD0080,SELL012,1,0.1,Debit Card,Cancelled
ORD011329,2025-09-10,CUST0436,PROD0171,SELL047,1,0.05,UPI,Delivered
ORD011330,2024-09-06,CUST0355,PROD0008,SELL005,2,0.1,COD,Returned
ORD011331,2025-01-20,CUST0282,PROD0015,SELL035,3,0.0,Credit Card,Shipped
ORD011332,2025-01-03,CUST1116,PROD0057,SELL015,4,0.05,Credit Card,Delivered
ORD011333,2025-09-20,CUST1179,PROD0150,SELL046,3,0.1,Credit Card,Returned
ORD011334,2025-06-29,CUST1074,PROD0099,SELL030,1,0.1,COD,Cancelled
ORD011335,2025-10-24,CUST0562,PROD0129,SELL053,1,0.15,UPI,Delivered
ORD011336,2025-02-06,CUST0676,PROD0178,SELL038,4,0.05,COD,Returned
ORD011337,2025-11-02,CUST0488,PROD0007,SELL020,3,0.05,Debit Card,Delivered
ORD011338,2025-06-27,CUST0756,PROD0112,SELL011,1,0.1,COD,Cancelled
ORD011339,2025-06-24,CUST0421,PROD0020,SELL052,4,0.1,UPI,Delivered
ORD011340,2025-04-28,CUST0426,PROD0036,SELL050,3,0.1,UPI,Delivered
ORD011341,2024-09-02,CUST0202,PROD0053,SELL043,4,0.0,COD,Delivered
ORD011342,2025-03-20,CUST1177,PROD0030,SELL019,3,0.05,UPI,Delivered
ORD011343,2024-09-17,CUST0500,PROD0159,SELL001,3,0.0,Debit Card,Delivered
ORD011344,2025-04-19,CUST0051,PROD0057,SELL062,1,0.1,Debit Card,Cancelled
ORD011345,2024-07-05,CUST0807,PROD0040,SELL015,2,0.1,UPI,Shipped
ORD011346,2025-08-07,CUST0001,PROD0018,SELL073,2,0.1,Net Banking,Shipped
ORD011347,2025-02-21,CUST1156,PROD0018,SELL041,3,0.15,UPI,Delivered
ORD011348,2025-06-03,CUST0980,PROD0042,SELL066,2,0.1,UPI,Cancelled
ORD011349,2024-06-11,CUST0562,PROD0079,SELL002,3,0.05,Net Banking,Returned
ORD011350,2025-08-01,CUST1112,PROD0046,SELL002,3,0.05,Debit Card,Delivered
ORD011351,2025-08-09,CUST0354,PROD0066,SELL052,1,0.05,Credit Card,Delivered
ORD011352,2024-04-16,CUST0271,PROD0132,SELL054,2,0.1,Debit Card,Delivered
ORD011353,2024-09-12,CUST1030,PROD0008,SELL027,4,0.05,Net Banking,Delivered
ORD011354,2025-05-10,CUST0769,PROD0005,SELL049,1,0.1,COD,Returned
ORD011355,2025-09-30,CUST0523,PROD0141,SELL037,4,0.1,UPI,Delivered
ORD011356,2025-06-22,CUST0885,PROD0025,SELL063,4,0.1,Credit Card,Delivered
ORD011357,2024-12-10,CUST0927,PROD0100,SELL039,1,0.1,Net Banking,Delivered
ORD011358,2024-08-07,CUST0954,PROD0082,SELL059,2,0.2,COD,Shipped
ORD011359,2025-10-27,CUST0657,PROD0025,SELL020,3,0.0,UPI,Returned
ORD011360,2025-10-01,CUST0654,PROD0103,SELL002,1,0.1,Debit Card,Delivered
ORD011361,2025-10-17,CUST0751,PROD0125,SELL059,4,0.2,Net Banking,Delivered
ORD011362,2024-08-10,CUST0471,PROD0115,SELL004,1,0.15,Net Banking,Delivered
ORD011363,2024-11-15,CUST0924,PROD0060,SELL062,3,0.15,Credit Card,Delivered
ORD011364,2024-06-27,CUST0603,PROD0103,SELL042,1,0.15,COD,Returned
ORD011365,2025-11-28,CUST0321,PROD0120,SELL048,2,0.1,Credit Card,Delivered
ORD011366,2025-09-25,CUST0992,PROD0041,SELL023,4,0.05,COD,Cancelled
ORD011367,2024-05-06,CUST0338,PROD0025,SELL070,2,0.15,Debit Card,Delivered
ORD011368,2024-06-29,CUST0094,PROD0159,SELL065,3,0.2,UPI,Shipped
ORD011369,2025-02-07,CUST1087,PROD0082,SELL022,2,0.05,COD,Cancelled
ORD011370,2024-10-30,CUST0171,PROD0082,SELL067,1,0.05,UPI,Delivered
ORD011371,2024-12-02,CUST0693,PROD0173,SELL040,1,0.0,Credit Card,Delivered
ORD011372,2024-09-25,CUST0712,PROD0177,SELL039,3,0.1,Net Banking,Delivered
ORD011373,2025-05-07,CUST0150,PROD0055,SELL024,4,0.1,Net Banking,Delivered
ORD011374,2025-10-18,CUST0282,PROD0060,SELL056,4,0.2,UPI,Delivered
ORD011375,2025-11-01,CUST0522,PROD0014,SELL020,1,0.0,COD,Returned
ORD011376,2024-11-28,CUST0643,PROD0145,SELL007,2,0.05,COD,Returned
ORD011377,2025-08-28,CUST0194,PROD0043,SELL011,1,0.1,UPI,Returned
ORD011378,2025-05-22,CUST0996,PROD0110,SELL063,3,0.25,COD,Delivered
ORD011379,2024-05-23,CUST0219,PROD0017,SELL033,1,0.05,Net Banking,Delivered
ORD011380,2025-08-03,CUST0710,PROD0011,SELL048,4,0.2,COD,Returned
ORD011381,2024-09-13,CUST0526,PROD0096,SELL049,2,0.15,Credit Card,Shipped
ORD011382,2025-04-03,CUST0077,PROD0060,SELL076,4,0.15,Net Banking,Returned
ORD011383,2025-06-10,CUST0300,PROD0091,SELL028,4,0.15,UPI,Returned
ORD011384,2025-11-20,CUST0312,PROD0096,SELL040,1,0.0,Debit Card,Delivered
ORD011385,2025-11-24,CUST1040,PROD0055,SELL049,4,0.05,Debit Card,Cancelled
ORD011386,2025-08-09,CUST0094,PROD0086,SELL015,1,0.2,Net Banking,Delivered
ORD011387,2025-01-04,CUST1165,PROD0096,SELL055,2,0.15,COD,Cancelled
ORD011388,2024-10-19,CUST0842,PROD0147,SELL024,1,0.0,Net Banking,Cancelled
ORD011389,2024-11-18,CUST0374,PROD0134,SELL077,4,0.0,Net Banking,Shipped
ORD011390,2025-11-26,CUST1125,PROD0176,SELL040,1,0.1,Net Banking,Delivered
ORD011391,2024-05-29,CUST0006,PROD0146,SELL074,2,0.05,UPI,Delivered
ORD011392,2025-01-18,CUST0106,PROD0053,SELL014,1,0.05,Net Banking,Shipped
ORD011393,2025-05-11,CUST0027,PROD0061,SELL024,1,0.15,Debit Card,Delivered
ORD011394,2024-01-17,CUST0562,PROD0121,SELL026,2,0.05,Net Banking,Delivered
ORD011395,2025-04-09,CUST1041,PROD0166,SELL068,2,0.1,Debit Card,Delivered
ORD011396,2024-07-09,CUST0990,PROD0174,SELL002,1,0.25,Net Banking,Cancelled
ORD011397,2024-07-24,CUST0605,PROD0025,SELL030,3,0.1,Net Banking,Delivered
ORD011398,2025-03-30,CUST0656,PROD0164,SELL015,4,0.2,Debit Card,Cancelled
ORD011399,2024-01-07,CUST0057,PROD0142,SELL020,2,0.05,UPI,Delivered
ORD011400,2024-04-24,CUST0779,PROD0114,SELL044,3,0.0,Debit Card,Returned
ORD011401,2024-11-28,CUST0229,PROD0082,SELL075,4,0.15,UPI,Delivered
ORD011402,2025-03-02,CUST1046,PROD0174,SELL001,1,0.0,COD,Delivered
ORD011403,2024-03-20,CUST0187,PROD0120,SELL071,4,0.2,Debit Card,Delivered
ORD011404,2024-09-21,CUST0442,PROD0079,SELL055,2,0.05,UPI,Returned
ORD011405,2024-08-12,CUST1085,PROD0154,SELL038,1,0.05,Debit Card,Delivered
ORD011406,2025-01-25,CUST0742,PROD0058,SELL019,4,0.25,Credit Card,Returned
ORD011407,2024-08-07,CUST1106,PROD0124,SELL051,4,0.2,Net Banking,Shipped
ORD011408,2024-01-02,CUST0720,PROD0005,SELL054,1,0.2,COD,Returned
ORD011409,2025-01-22,CUST1111,PROD0089,SELL022,3,0.1,Net Banking,Delivered
ORD011410,2025-09-12,CUST0466,PROD0062,SELL068,1,0.15,COD,Shipped
ORD011411,2025-03-03,CUST1016,PROD0005,SELL013,4,0.1,Debit Card,Delivered
ORD011412,2024-09-21,CUST0022,PROD0154,SELL002,4,0.1,COD,Delivered
ORD011413,2024-12-18,CUST1051,PROD0109,SELL011,2,0.15,Credit Card,Delivered
ORD011414,2024-04-12,CUST1140,PROD0151,SELL062,3,0.15,UPI,Cancelled
ORD011415,2024-06-21,CUST0898,PROD0162,SELL028,3,0.15,Net Banking,Delivered
ORD011416,2024-11-16,CUST0844,PROD0041,SELL028,2,0.2,Debit Card,Delivered
ORD011417,2025-03-08,CUST0918,PROD0005,SELL038,4,0.0,Credit Card,Returned
ORD011418,2024-12-21,CUST0149,PROD0008,SELL040,3,0.1,Debit Card,Shipped
ORD011419,2025-12-04,CUST0147,PROD0098,SELL068,3,0.0,COD,Shipped
ORD011420,2025-04-10,CUST0643,PROD0074,SELL003,3,0.1,Debit Card,Cancelled
ORD011421,2024-01-17,CUST0209,PROD0145,SELL065,3,0.1,UPI,Cancelled
ORD011422,2025-01-18,CUST1025,PROD0064,SELL063,4,0.05,UPI,Delivered
ORD011423,2025-03-02,CUST0918,PROD0091,SELL067,4,0.1,Debit Card,Cancelled
ORD011424,2024-02-01,CUST0177,PROD0173,SELL028,1,0.0,Debit Card,Cancelled
ORD011425,2024-10-08,CUST0706,PROD0079,SELL056,3,0.0,UPI,Shipped
ORD011426,2025-09-29,CUST0641,PROD0006,SELL039,3,0.1,Debit Card,Shipped
ORD011427,2024-09-17,CUST0503,PROD0012,SELL011,4,0.15,COD,Delivered
ORD011428,2024-11-29,CUST1074,PROD0145,SELL003,2,0.1,Debit Card,Delivered
ORD011429,2024-06-10,CUST1148,PROD0143,SELL073,1,0.0,Net Banking,Shipped
ORD011430,2024-02-26,CUST0531,PROD0042,SELL062,4,0.05,Net Banking,Delivered
ORD011431,2024-08-20,CUST0260,PROD0156,SELL047,4,0.15,Net Banking,Delivered
ORD011432,2025-07-18,CUST0195,PROD0074,SELL077,2,0.05,Net Banking,Delivered
ORD011433,2025-12-19,CUST0322,PROD0062,SELL036,3,0.05,Debit Card,Delivered
ORD011434,2025-04-27,CUST0892,PROD0078,SELL036,1,0.15,UPI,Delivered
ORD011435,2025-08-30,CUST1146,PROD0062,SELL024,4,0.05,COD,Delivered
ORD011436,2025-04-19,CUST0715,PROD0041,SELL079,4,0.2,Credit Card,Shipped
ORD011437,2025-04-26,CUST0587,PROD0088,SELL033,1,0.05,Net Banking,Delivered
ORD011438,2024-11-08,CUST1125,PROD0023,SELL011,2,0.05,Credit Card,Cancelled
ORD011439,2024-02-14,CUST0508,PROD0156,SELL071,4,0.15,Debit Card,Delivered
ORD011440,2024-10-27,CUST0450,PROD0129,SELL052,3,0.15,Debit Card,Returned
ORD011441,2025-09-24,CUST0835,PROD0058,SELL012,4,0.05,UPI,Delivered
ORD011442,2025-01-27,CUST0042,PROD0124,SELL008,3,0.05,Credit Card,Delivered
ORD011443,2025-07-10,CUST0088,PROD0054,SELL037,4,0.1,UPI,Delivered
ORD011444,2024-02-06,CUST0488,PROD0135,SELL007,2,0.2,Net Banking,Shipped
ORD011445,2024-05-27,CUST0949,PROD0147,SELL038,2,0.2,COD,Delivered
ORD011446,2024-08-06,CUST0794,PROD0078,SELL080,3,0.1,UPI,Shipped
ORD011447,2024-09-19,CUST0288,PROD0074,SELL022,4,0.15,Net Banking,Delivered
ORD011448,2025-12-23,CUST0818,PROD0171,SELL033,1,0.0,Debit Card,Cancelled
ORD011449,2024-12-03,CUST0302,PROD0014,SELL052,1,0.1,Debit Card,Returned
ORD011450,2025-04-29,CUST0767,PROD0109,SELL046,1,0.2,Net Banking,Delivered
ORD011451,2025-04-16,CUST0951,PROD0104,SELL019,1,0.15,Credit Card,Returned
ORD011452,2024-11-02,CUST0035,PROD0033,SELL011,3,0.25,Credit Card,Returned
ORD011453,2025-12-07,CUST0076,PROD0130,SELL029,1,0.1,Debit Card,Shipped
ORD011454,2024-06-11,CUST0223,PROD0132,SELL007,1,0.2,Net Banking,Returned
ORD011455,2024-01-26,CUST1099,PROD0014,SELL009,1,0.2,COD,Delivered
ORD011456,2025-06-28,CUST0621,PROD0149,SELL033,2,0.25,COD,Cancelled
ORD011457,2025-04-22,CUST1150,PROD0162,SELL006,4,0.2,COD,Delivered
ORD011458,2024-07-09,CUST0451,PROD0157,SELL035,1,0.1,COD,Delivered
ORD011459,2025-09-26,CUST0753,PROD0016,SELL006,4,0.2,Credit Card,Cancelled
ORD011460,2024-04-28,CUST0518,PROD0153,SELL012,3,0.2,UPI,Cancelled
ORD011461,2024-07-02,CUST0368,PROD0061,SELL018,1,0.15,COD,Delivered
ORD011462,2024-04-22,CUST1158,PROD0079,SELL057,4,0.2,Credit Card,Shipped
ORD011463,2024-05-16,CUST1118,PROD0089,SELL058,2,0.1,Credit Card,Delivered
ORD011464,2025-06-17,CUST0837,PROD0122,SELL004,1,0.1,Net Banking,Delivered
ORD011465,2025-05-29,CUST0081,PROD0177,SELL001,1,0.2,Net Banking,Delivered
ORD011466,2025-04-14,CUST0001,PROD0038,SELL039,2,0.05,UPI,Delivered
ORD011467,2025-09-21,CUST0063,PROD0073,SELL028,1,0.15,COD,Returned
ORD011468,2024-02-21,CUST0370,PROD0158,SELL007,2,0.0,Credit Card,Cancelled
ORD011469,2025-03-29,CUST0878,PROD0055,SELL018,4,0.05,UPI,Returned
ORD011470,2024-03-25,CUST0849,PROD0173,SELL017,2,0.1,Debit Card,Cancelled
ORD011471,2025-11-29,CUST0504,PROD0047,SELL034,2,0.1,Credit Card,Returned
ORD011472,2025-04-08,CUST0001,PROD0016,SELL002,1,0.1,UPI,Delivered
ORD011473,2025-07-09,CUST0332,PROD0060,SELL040,2,0.1,UPI,Delivered
ORD011474,2025-02-21,CUST1051,PROD0167,SELL080,1,0.2,Net Banking,Delivered
ORD011475,2024-10-07,CUST0215,PROD0174,SELL070,1,0.0,Net Banking,Shipped
ORD011476,2025-05-16,CUST1167,PROD0051,SELL011,3,0.2,Debit Card,Delivered
ORD011477,2025-09-02,CUST0683,PROD0124,SELL065,4,0.1,Credit Card,Delivered
ORD011478,2024-05-10,CUST0864,PROD0069,SELL050,3,0.05,Credit Card,Cancelled
ORD011479,2025-09-29,CUST0259,PROD0097,SELL023,1,0.05,Credit Card,Delivered
ORD011480,2025-06-15,CUST0189,PROD0130,SELL017,1,0.0,Net Banking,Shipped
ORD011481,2024-03-03,CUST0833,PROD0070,SELL015,1,0.15,Credit Card,Delivered
ORD011482,2025-11-15,CUST0679,PROD0095,SELL023,4,0.1,COD,Cancelled
ORD011483,2024-05-11,CUST0937,PROD0062,SELL011,1,0.2,Net Banking,Returned
ORD011484,2025-03-15,CUST0414,PROD0057,SELL023,4,0.2,Net Banking,Delivered
ORD011485,2024-04-04,CUST0138,PROD0172,SELL028,1,0.1,Credit Card,Delivered
ORD011486,2024-05-23,CUST0413,PROD0033,SELL047,1,0.1,COD,Cancelled
ORD011487,2025-04-15,CUST0538,PROD0139,SELL042,2,0.1,Credit Card,Delivered
ORD011488,2025-05-11,CUST0433,PROD0107,SELL011,1,0.1,COD,Returned
ORD011489,2025-05-17,CUST0078,PROD0133,SELL053,3,0.15,COD,Delivered
ORD011490,2024-09-07,CUST1152,PROD0146,SELL041,4,0.2,Credit Card,Delivered
ORD011491,2025-08-22,CUST0629,PROD0109,SELL047,3,0.1,Debit Card,Returned
ORD011492,2024-02-06,CUST0519,PROD0106,SELL029,1,0.15,COD,Shipped
ORD011493,2025-09-16,CUST0731,PROD0039,SELL049,2,0.1,Debit Card,Delivered
ORD011494,2024-08-09,CUST0695,PROD0131,SELL055,1,0.05,UPI,Returned
ORD011495,2025-03-29,CUST0692,PROD0157,SELL014,2,0.05,UPI,Cancelled
ORD011496,2025-10-23,CUST0922,PROD0095,SELL020,1,0.1,Credit Card,Delivered
ORD011497,2024-07-05,CUST0544,PROD0106,SELL025,1,0.15,COD,Cancelled
ORD011498,2024-10-27,CUST0755,PROD0004,SELL073,2,0.1,Credit Card,Shipped
ORD011499,2025-08-28,CUST1147,PROD0061,SELL020,2,0.0,COD,Shipped
ORD011500,2025-09-24,CUST0599,PROD0144,SELL059,1,0.2,UPI,Shipped
ORD011501,2024-06-20,CUST1117,PROD0138,SELL059,2,0.1,Debit Card,Delivered
ORD011502,2025-01-06,CUST0078,PROD0074,SELL057,2,0.05,UPI,Delivered
ORD011503,2024-08-31,CUST0803,PROD0034,SELL067,1,0.1,COD,Cancelled
ORD011504,2025-01-12,CUST1172,PROD0179,SELL052,4,0.0,Net Banking,Delivered
ORD011505,2024-10-04,CUST0203,PROD0023,SELL055,2,0.15,COD,Returned
ORD011506,2024-01-04,CUST0881,PROD0038,SELL019,1,0.2,Credit Card,Shipped
ORD011507,2025-11-06,CUST0240,PROD0132,SELL080,1,0.1,Debit Card,Shipped
ORD011508,2025-04-10,CUST0817,PROD0035,SELL060,2,0.1,Debit Card,Delivered
ORD011509,2024-12-03,CUST0040,PROD0091,SELL061,1,0.05,Debit Card,Shipped
ORD011510,2024-03-19,CUST0530,PROD0077,SELL035,1,0.2,COD,Cancelled
ORD011511,2024-02-22,CUST0093,PROD0178,SELL070,2,0.2,Net Banking,Shipped
ORD011512,2024-12-15,CUST0713,PROD0096,SELL073,4,0.1,Net Banking,Returned
ORD011513,2025-04-19,CUST1009,PROD0054,SELL046,2,0.1,COD,Delivered
ORD011514,2024-07-09,CUST0823,PROD0025,SELL034,1,0.1,Net Banking,Returned
ORD011515,2025-06-28,CUST0560,PROD0178,SELL003,1,0.0,Net Banking,Cancelled
ORD011516,2024-10-13,CUST0849,PROD0136,SELL026,3,0.1,Credit Card,Delivered
ORD011517,2024-01-09,CUST0671,PROD0076,SELL038,4,0.1,COD,Delivered
ORD011518,2025-01-27,CUST0640,PROD0159,SELL078,3,0.0,Credit Card,Returned
ORD011519,2024-05-12,CUST0414,PROD0020,SELL037,4,0.1,Debit Card,Shipped
ORD011520,2024-01-11,CUST0547,PROD0175,SELL069,4,0.2,UPI,Cancelled
ORD011521,2024-04-05,CUST0024,PROD0068,SELL022,3,0.15,Credit Card,Cancelled
ORD011522,2024-07-27,CUST0517,PROD0125,SELL053,3,0.15,Credit Card,Returned
ORD011523,2025-01-11,CUST0390,PROD0165,SELL005,4,0.1,COD,Delivered
ORD011524,2025-12-24,CUST1153,PROD0103,SELL026,3,0.1,Debit Card,Cancelled
ORD011525,2024-06-08,CUST0267,PROD0132,SELL009,3,0.05,Net Banking,Delivered
ORD011526,2024-02-11,CUST0165,PROD0016,SELL028,1,0.05,Credit Card,Delivered
ORD011527,2024-05-19,CUST0160,PROD0095,SELL079,3,0.15,UPI,Shipped
ORD011528,2024-08-21,CUST1065,PROD0091,SELL019,4,0.0,UPI,Shipped
ORD011529,2024-05-30,CUST0689,PROD0129,SELL064,2,0.1,Credit Card,Returned
ORD011530,2024-08-22,CUST0766,PROD0016,SELL033,3,0.2,Debit Card,Shipped
ORD011531,2025-12-09,CUST0127,PROD0131,SELL014,1,0.15,Debit Card,Shipped
ORD011532,2024-10-04,CUST0905,PROD0158,SELL051,3,0.1,Net Banking,Cancelled
ORD011533,2025-04-08,CUST0418,PROD0164,SELL016,1,0.25,Net Banking,Shipped
ORD011534,2025-05-15,CUST0009,PROD0042,SELL054,2,0.15,UPI,Shipped
ORD011535,2024-04-05,CUST0039,PROD0110,SELL041,1,0.1,COD,Delivered
ORD011536,2024-06-30,CUST0310,PROD0118,SELL031,1,0.15,Net Banking,Delivered
ORD011537,2024-10-30,CUST0881,PROD0049,SELL012,1,0.25,Net Banking,Delivered
ORD011538,2024-12-02,CUST0311,PROD0148,SELL065,4,0.1,UPI,Delivered
ORD011539,2024-01-10,CUST0691,PROD0169,SELL015,3,0.2,COD,Returned
ORD011540,2025-04-16,CUST0920,PROD0167,SELL036,4,0.0,Debit Card,Cancelled
ORD011541,2024-08-07,CUST0576,PROD0158,SELL028,1,0.1,Net Banking,Returned
ORD011542,2024-08-23,CUST0828,PROD0092,SELL059,3,0.0,Debit Card,Delivered
ORD011543,2025-03-16,CUST0911,PROD0094,SELL026,4,0.15,UPI,Returned
ORD011544,2025-11-24,CUST1133,PROD0045,SELL055,4,0.0,Debit Card,Shipped
ORD011545,2025-09-24,CUST0365,PROD0045,SELL032,3,0.05,Debit Card,Cancelled
ORD011546,2025-12-17,CUST0225,PROD0078,SELL009,4,0.0,UPI,Delivered
ORD011547,2024-10-29,CUST0159,PROD0037,SELL075,2,0.15,Credit Card,Shipped
ORD011548,2024-03-28,CUST0571,PROD0033,SELL050,4,0.1,Credit Card,Delivered
ORD011549,2024-06-06,CUST0504,PROD0003,SELL040,4,0.05,UPI,Cancelled
ORD011550,2024-09-08,CUST0591,PROD0011,SELL020,3,0.0,Net Banking,Delivered
ORD011551,2024-08-07,CUST0340,PROD0100,SELL048,3,0.0,Net Banking,Delivered
ORD011552,2024-06-01,CUST0431,PROD0127,SELL072,1,0.0,COD,Delivered
ORD011553,2024-04-20,CUST0456,PROD0010,SELL006,1,0.1,Credit Card,Returned
ORD011554,2024-05-16,CUST0592,PROD0156,SELL022,1,0.1,Net Banking,Cancelled
ORD011555,2025-04-26,CUST0429,PROD0010,SELL011,4,0.0,UPI,Returned
ORD011556,2024-12-24,CUST1199,PROD0139,SELL041,3,0.15,Credit Card,Delivered
ORD011557,2024-01-28,CUST0914,PROD0093,SELL063,4,0.0,UPI,Returned
ORD011558,2025-02-16,CUST1040,PROD0171,SELL025,1,0.05,UPI,Shipped
ORD011559,2025-09-07,CUST0490,PROD0046,SELL011,2,0.05,UPI,Delivered
ORD011560,2024-11-07,CUST0501,PROD0119,SELL041,3,0.15,Debit Card,Shipped
ORD011561,2024-08-20,CUST0084,PROD0153,SELL010,2,0.2,Credit Card,Shipped
ORD011562,2024-07-18,CUST1026,PROD0088,SELL046,4,0.05,UPI,Cancelled
ORD011563,2024-10-04,CUST0101,PROD0009,SELL079,1,0.15,UPI,Delivered
ORD011564,2024-07-22,CUST1143,PROD0126,SELL011,3,0.25,Credit Card,Shipped
ORD011565,2025-11-06,CUST0243,PROD0160,SELL048,1,0.15,UPI,Cancelled
ORD011566,2025-12-26,CUST1051,PROD0146,SELL032,1,0.1,COD,Delivered
ORD011567,2024-09-07,CUST0734,PROD0040,SELL017,4,0.0,Net Banking,Delivered
ORD011568,2025-11-06,CUST0715,PROD0144,SELL017,2,0.25,Net Banking,Delivered
ORD011569,2025-09-15,CUST0195,PROD0052,SELL062,1,0.2,Credit Card,Delivered
ORD011570,2024-02-25,CUST0557,PROD0030,SELL037,1,0.1,COD,Shipped
ORD011571,2024-12-24,CUST0232,PROD0152,SELL002,2,0.0,Credit Card,Delivered
ORD011572,2025-04-24,CUST0746,PROD0174,SELL054,3,0.0,UPI,Delivered
ORD011573,2024-11-04,CUST0927,PROD0101,SELL035,3,0.0,Debit Card,Returned
ORD011574,2024-11-29,CUST0500,PROD0174,SELL078,2,0.15,COD,Delivered
ORD011575,2024-12-27,CUST0545,PROD0104,SELL008,4,0.0,Credit Card,Delivered
ORD011576,2025-05-18,CUST0125,PROD0082,SELL029,4,0.05,Net Banking,Returned
ORD011577,2024-08-02,CUST0441,PROD0034,SELL068,4,0.15,COD,Delivered
ORD011578,2025-03-12,CUST0777,PROD0171,SELL063,1,0.0,COD,Returned
ORD011579,2024-06-26,CUST0853,PROD0094,SELL062,1,0.15,Debit Card,Cancelled
ORD011580,2025-10-12,CUST0373,PROD0065,SELL026,1,0.1,UPI,Shipped
ORD011581,2024-03-02,CUST0004,PROD0046,SELL020,1,0.05,Debit Card,Shipped
ORD011582,2024-02-18,CUST0400,PROD0056,SELL008,4,0.15,Net Banking,Delivered
ORD011583,2024-01-28,CUST0799,PROD0045,SELL046,1,0.0,COD,Delivered
ORD011584,2024-09-12,CUST0844,PROD0001,SELL060,3,0.05,Debit Card,Cancelled
ORD011585,2025-03-19,CUST0335,PROD0039,SELL069,3,0.05,COD,Delivered
ORD011586,2025-12-21,CUST0594,PROD0160,SELL045,4,0.15,COD,Delivered
ORD011587,2024-11-28,CUST0623,PROD0012,SELL022,2,0.0,Debit Card,Cancelled
ORD011588,2024-05-13,CUST0247,PROD0145,SELL032,3,0.0,Debit Card,Delivered
ORD011589,2024-09-26,CUST0021,PROD0008,SELL007,2,0.1,Debit Card,Delivered
ORD011590,2024-04-03,CUST1169,PROD0068,SELL013,1,0.0,Debit Card,Delivered
ORD011591,2024-12-11,CUST0261,PROD0161,SELL023,1,0.05,COD,Delivered
ORD011592,2025-06-16,CUST0662,PROD0180,SELL041,2,0.05,COD,Delivered
ORD011593,2024-01-26,CUST0322,PROD0058,SELL012,4,0.1,Net Banking,Shipped
ORD011594,2025-07-22,CUST1195,PROD0045,SELL034,2,0.2,UPI,Shipped
ORD011595,2024-06-16,CUST0372,PROD0015,SELL023,3,0.05,Credit Card,Returned
ORD011596,2025-05-06,CUST1079,PROD0144,SELL075,4,0.1,Debit Card,Cancelled
ORD011597,2025-08-19,CUST0724,PROD0158,SELL047,2,0.05,Debit Card,Delivered
ORD011598,2025-07-21,CUST0415,PROD0114,SELL001,3,0.0,Debit Card,Delivered
ORD011599,2025-05-04,CUST0614,PROD0136,SELL008,1,0.2,Credit Card,Returned
ORD011600,2025-05-22,CUST0882,PROD0091,SELL017,1,0.0,Net Banking,Delivered
ORD011601,2024-05-17,CUST0561,PROD0087,SELL060,2,0.1,COD,Cancelled
ORD011602,2024-04-09,CUST1169,PROD0168,SELL010,1,0.1,COD,Returned
ORD011603,2024-10-05,CUST0199,PROD0117,SELL077,3,0.0,COD,Shipped
ORD011604,2025-03-20,CUST0585,PROD0023,SELL078,2,0.2,Debit Card,Cancelled
ORD011605,2025-03-27,CUST0084,PROD0101,SELL056,1,0.1,COD,Cancelled
ORD011606,2025-07-21,CUST0235,PROD0012,SELL004,4,0.15,COD,Delivered
ORD011607,2024-08-13,CUST0034,PROD0001,SELL080,4,0.1,COD,Shipped
ORD011608,2025-09-24,CUST0633,PROD0174,SELL037,4,0.0,Debit Card,Delivered
ORD011609,2024-11-24,CUST1036,PROD0114,SELL016,3,0.25,COD,Returned
ORD011610,2024-06-28,CUST0866,PROD0134,SELL032,2,0.1,Debit Card,Delivered
ORD011611,2025-06-21,CUST0732,PROD0091,SELL077,2,0.1,Credit Card,Delivered
ORD011612,2024-04-03,CUST1192,PROD0152,SELL051,4,0.1,COD,Shipped
ORD011613,2024-10-23,CUST1077,PROD0067,SELL065,4,0.15,Debit Card,Cancelled
ORD011614,2025-07-24,CUST0069,PROD0007,SELL070,1,0.05,Credit Card,Returned
ORD011615,2025-07-17,CUST0854,PROD0055,SELL079,4,0.2,COD,Shipped
ORD011616,2024-07-06,CUST0898,PROD0117,SELL050,4,0.05,UPI,Shipped
ORD011617,2024-05-01,CUST1076,PROD0006,SELL068,1,0.15,COD,Shipped
ORD011618,2024-01-24,CUST0427,PROD0059,SELL053,4,0.05,Credit Card,Delivered
ORD011619,2024-03-06,CUST0019,PROD0081,SELL079,1,0.1,Debit Card,Returned
ORD011620,2025-08-26,CUST0077,PROD0165,SELL023,2,0.1,Debit Card,Cancelled
ORD011621,2025-07-26,CUST0330,PROD0166,SELL053,4,0.2,COD,Delivered
ORD011622,2025-01-04,CUST0454,PROD0144,SELL034,3,0.05,Net Banking,Returned
ORD011623,2025-02-20,CUST1169,PROD0033,SELL004,3,0.0,UPI,Returned
ORD011624,2024-08-26,CUST0492,PROD0051,SELL056,1,0.15,Credit Card,Delivered
ORD011625,2024-05-20,CUST0759,PROD0121,SELL009,3,0.0,Debit Card,Delivered
ORD011626,2024-01-09,CUST0991,PROD0039,SELL012,2,0.1,UPI,Delivered
ORD011627,2025-05-06,CUST0791,PROD0131,SELL053,4,0.15,UPI,Delivered
ORD011628,2024-01-26,CUST0372,PROD0040,SELL024,4,0.15,COD,Delivered
ORD011629,2024-03-17,CUST0721,PROD0133,SELL068,1,0.2,COD,Shipped
ORD011630,2025-08-02,CUST0231,PROD0073,SELL007,1,0.0,Debit Card,Delivered
ORD011631,2025-03-02,CUST0818,PROD0116,SELL052,3,0.05,Debit Card,Delivered
ORD011632,2024-12-23,CUST1008,PROD0098,SELL027,3,0.15,UPI,Delivered
ORD011633,2024-06-08,CUST1030,PROD0112,SELL039,1,0.15,Credit Card,Returned
ORD011634,2024-04-19,CUST0118,PROD0117,SELL003,1,0.25,Credit Card,Delivered
ORD011635,2024-12-07,CUST0534,PROD0137,SELL005,4,0.1,Net Banking,Shipped
ORD011636,2024-09-19,CUST1025,PROD0118,SELL056,4,0.0,Net Banking,Delivered
ORD011637,2025-01-25,CUST0753,PROD0075,SELL046,2,0.15,UPI,Shipped
ORD011638,2024-04-30,CUST0215,PROD0065,SELL044,3,0.15,Credit Card,Delivered
ORD011639,2024-06-18,CUST0810,PROD0176,SELL063,4,0.0,COD,Cancelled
ORD011640,2024-03-23,CUST0353,PROD0173,SELL043,4,0.05,COD,Shipped
ORD011641,2024-11-06,CUST1088,PROD0128,SELL079,3,0.0,Net Banking,Shipped
ORD011642,2024-07-20,CUST0073,PROD0039,SELL076,3,0.05,Debit Card,Cancelled
ORD011643,2024-06-12,CUST0341,PROD0111,SELL062,4,0.1,COD,Returned
ORD011644,2025-02-05,CUST1039,PROD0126,SELL072,4,0.1,Credit Card,Delivered
ORD011645,2024-12-29,CUST0562,PROD0142,SELL075,3,0.2,UPI,Delivered
ORD011646,2024-06-02,CUST0467,PROD0124,SELL063,4,0.25,UPI,Returned
ORD011647,2025-05-25,CUST0053,PROD0148,SELL037,4,0.25,Debit Card,Delivered
ORD011648,2024-09-08,CUST0665,PROD0015,SELL028,1,0.25,Debit Card,Delivered
ORD011649,2024-09-06,CUST0833,PROD0138,SELL027,4,0.2,UPI,Delivered
ORD011650,2024-12-15,CUST0024,PROD0124,SELL016,1,0.2,Credit Card,Shipped
ORD011651,2024-04-11,CUST0778,PROD0122,SELL070,2,0.1,COD,Cancelled
ORD011652,2024-11-03,CUST1129,PROD0136,SELL079,2,0.2,UPI,Delivered
ORD011653,2025-03-01,CUST0381,PROD0161,SELL044,1,0.05,Debit Card,Delivered
ORD011654,2024-04-04,CUST0170,PROD0122,SELL079,3,0.0,Net Banking,Delivered
ORD011655,2025-02-16,CUST0043,PROD0155,SELL054,4,0.2,Net Banking,Delivered
ORD011656,2024-01-29,CUST0781,PROD0002,SELL020,3,0.1,Debit Card,Returned
ORD011657,2025-03-17,CUST1045,PROD0060,SELL007,3,0.15,Net Banking,Delivered
ORD011658,2024-01-26,CUST0135,PROD0178,SELL008,3,0.0,Credit Card,Returned
ORD011659,2024-05-07,CUST0872,PROD0156,SELL053,2,0.0,Net Banking,Delivered
ORD011660,2024-09-12,CUST0293,PROD0123,SELL069,3,0.0,Net Banking,Delivered
ORD011661,2025-03-25,CUST0460,PROD0165,SELL075,4,0.1,COD,Cancelled
ORD011662,2025-06-09,CUST0289,PROD0052,SELL052,2,0.2,Debit Card,Delivered
ORD011663,2024-12-08,CUST0064,PROD0115,SELL064,3,0.1,Debit Card,Delivered
ORD011664,2024-04-05,CUST0907,PROD0138,SELL039,3,0.2,Debit Card,Delivered
ORD011665,2024-10-10,CUST0406,PROD0030,SELL044,2,0.2,COD,Delivered
ORD011666,2025-07-29,CUST0172,PROD0029,SELL044,4,0.1,COD,Delivered
ORD011667,2024-03-07,CUST0996,PROD0156,SELL030,1,0.15,COD,Delivered
ORD011668,2025-06-07,CUST0855,PROD0027,SELL071,4,0.0,Net Banking,Shipped
ORD011669,2024-10-09,CUST0743,PROD0058,SELL006,4,0.0,Debit Card,Cancelled
ORD011670,2024-01-03,CUST1184,PROD0148,SELL002,3,0.2,Credit Card,Delivered
ORD011671,2025-05-22,CUST0842,PROD0054,SELL073,3,0.05,Debit Card,Returned
ORD011672,2024-01-20,CUST0434,PROD0044,SELL076,4,0.15,Net Banking,Delivered
ORD011673,2024-09-27,CUST0763,PROD0058,SELL050,4,0.1,Debit Card,Cancelled
ORD011674,2024-05-22,CUST0401,PROD0106,SELL031,3,0.0,Debit Card,Delivered
ORD011675,2025-03-02,CUST0507,PROD0108,SELL029,4,0.2,Debit Card,Delivered
ORD011676,2024-02-11,CUST0320,PROD0173,SELL017,3,0.15,Credit Card,Shipped
ORD011677,2024-03-07,CUST0711,PROD0179,SELL033,4,0.0,Credit Card,Shipped
ORD011678,2025-01-23,CUST1040,PROD0062,SELL062,2,0.2,Credit Card,Delivered
ORD011679,2025-12-27,CUST0482,PROD0115,SELL043,4,0.0,COD,Shipped
ORD011680,2024-01-29,CUST0264,PROD0031,SELL067,4,0.0,UPI,Shipped
ORD011681,2024-12-02,CUST0317,PROD0101,SELL016,3,0.05,COD,Cancelled
ORD011682,2025-08-09,CUST0641,PROD0178,SELL009,3,0.1,Debit Card,Shipped
ORD011683,2024-07-31,CUST0806,PROD0136,SELL021,4,0.15,Debit Card,Delivered
ORD011684,2024-12-26,CUST0476,PROD0017,SELL045,4,0.15,Credit Card,Cancelled
ORD011685,2025-09-05,CUST0539,PROD0164,SELL011,1,0.25,UPI,Delivered
ORD011686,2025-06-16,CUST0611,PROD0007,SELL029,2,0.05,Credit Card,Delivered
ORD011687,2024-08-02,CUST0687,PROD0134,SELL075,1,0.0,Debit Card,Delivered
ORD011688,2025-07-02,CUST0888,PROD0113,SELL017,3,0.25,UPI,Delivered
ORD011689,2025-05-08,CUST0619,PROD0034,SELL058,2,0.05,Net Banking,Delivered
ORD011690,2025-01-05,CUST0173,PROD0135,SELL013,3,0.05,Credit Card,Delivered
ORD011691,2024-11-18,CUST0949,PROD0105,SELL023,3,0.15,COD,Shipped
ORD011692,2025-11-07,CUST0028,PROD0133,SELL027,3,0.0,COD,Returned
ORD011693,2025-10-01,CUST1013,PROD0097,SELL069,2,0.1,Net Banking,Delivered
ORD011694,2025-12-24,CUST1091,PROD0065,SELL074,1,0.2,Credit Card,Delivered
ORD011695,2025-05-08,CUST0958,PROD0179,SELL028,2,0.25,Debit Card,Shipped
ORD011696,2024-09-19,CUST0540,PROD0073,SELL031,2,0.05,COD,Cancelled
ORD011697,2024-03-21,CUST0531,PROD0028,SELL065,2,0.15,Debit Card,Delivered
ORD011698,2024-04-02,CUST0233,PROD0092,SELL035,2,0.0,COD,Delivered
ORD011699,2025-11-26,CUST0569,PROD0093,SELL007,1,0.0,COD,Returned
ORD011700,2024-09-22,CUST0590,PROD0144,SELL080,4,0.2,COD,Delivered
ORD011701,2024-03-21,CUST0668,PROD0023,SELL053,3,0.05,Net Banking,Delivered
ORD011702,2024-06-12,CUST0350,PROD0025,SELL027,2,0.2,COD,Cancelled
ORD011703,2024-01-16,CUST0614,PROD0062,SELL030,4,0.05,Net Banking,Delivered
ORD011704,2025-01-23,CUST0245,PROD0054,SELL032,3,0.0,Credit Card,Cancelled
ORD011705,2025-03-07,CUST0192,PROD0061,SELL053,3,0.15,Credit Card,Cancelled
ORD011706,2024-10-03,CUST1110,PROD0096,SELL035,4,0.15,Debit Card,Returned
ORD011707,2025-06-27,CUST0082,PROD0067,SELL005,2,0.05,COD,Delivered
ORD011708,2024-12-17,CUST0132,PROD0164,SELL030,2,0.1,UPI,Shipped
ORD011709,2025-12-02,CUST0127,PROD0055,SELL004,3,0.05,Credit Card,Delivered
ORD011710,2025-07-11,CUST1007,PROD0079,SELL055,2,0.0,Debit Card,Returned
ORD011711,2024-02-25,CUST0887,PROD0126,SELL052,3,0.1,Debit Card,Shipped
ORD011712,2024-07-19,CUST0424,PROD0080,SELL014,2,0.15,UPI,Shipped
ORD011713,2025-07-05,CUST0760,PROD0030,SELL002,4,0.1,UPI,Delivered
ORD011714,2025-01-27,CUST0796,PROD0162,SELL076,4,0.05,Debit Card,Returned
ORD011715,2025-07-04,CUST0237,PROD0039,SELL032,4,0.05,Debit Card,Cancelled
ORD011716,2024-09-02,CUST0708,PROD0112,SELL031,2,0.2,Net Banking,Delivered
ORD011717,2024-01-28,CUST0409,PROD0057,SELL029,2,0.15,COD,Shipped
ORD011718,2025-07-27,CUST0365,PROD0055,SELL020,1,0.0,Debit Card,Delivered
ORD011719,2025-07-27,CUST0385,PROD0024,SELL038,1,0.2,COD,Delivered
ORD011720,2025-04-12,CUST0251,PROD0017,SELL068,3,0.2,Net Banking,Shipped
ORD011721,2024-10-22,CUST0367,PROD0092,SELL041,3,0.1,Credit Card,Returned
ORD011722,2024-01-07,CUST0529,PROD0137,SELL065,1,0.15,Credit Card,Delivered
ORD011723,2025-06-16,CUST0483,PROD0111,SELL039,3,0.1,Net Banking,Shipped
ORD011724,2025-04-27,CUST0163,PROD0131,SELL031,1,0.1,COD,Delivered
ORD011725,2025-05-03,CUST0142,PROD0123,SELL030,1,0.15,Net Banking,Returned
ORD011726,2024-05-04,CUST0739,PROD0088,SELL070,4,0.2,Net Banking,Returned
ORD011727,2025-06-18,CUST0393,PROD0088,SELL063,1,0.15,Net Banking,Returned
ORD011728,2025-06-13,CUST1066,PROD0132,SELL052,1,0.2,UPI,Delivered
ORD011729,2025-09-18,CUST0638,PROD0076,SELL040,4,0.1,Debit Card,Cancelled
ORD011730,2025-02-18,CUST0279,PROD0152,SELL071,4,0.0,Debit Card,Delivered
ORD011731,2025-06-18,CUST0042,PROD0053,SELL022,1,0.05,UPI,Cancelled
ORD011732,2024-10-20,CUST0249,PROD0143,SELL020,1,0.2,UPI,Shipped
ORD011733,2025-05-24,CUST0735,PROD0049,SELL046,3,0.15,COD,Delivered
ORD011734,2025-05-22,CUST0218,PROD0061,SELL046,1,0.0,Credit Card,Returned
ORD011735,2025-07-23,CUST0717,PROD0055,SELL058,4,0.15,Net Banking,Delivered
ORD011736,2025-09-18,CUST0192,PROD0035,SELL061,3,0.0,Net Banking,Shipped
ORD011737,2024-01-03,CUST0631,PROD0101,SELL013,3,0.15,Credit Card,Delivered
ORD011738,2025-07-23,CUST0629,PROD0030,SELL071,4,0.05,Debit Card,Delivered
ORD011739,2025-08-02,CUST0435,PROD0003,SELL045,1,0.1,UPI,Shipped
ORD011740,2025-02-02,CUST0529,PROD0007,SELL077,1,0.15,Credit Card,Delivered
ORD011741,2025-01-14,CUST0046,PROD0008,SELL032,3,0.25,UPI,Delivered
ORD011742,2025-06-12,CUST0429,PROD0140,SELL018,4,0.0,Net Banking,Delivered
ORD011743,2024-11-28,CUST1187,PROD0029,SELL016,2,0.1,Net Banking,Shipped
ORD011744,2024-10-29,CUST0072,PROD0068,SELL056,2,0.0,Debit Card,Delivered
ORD011745,2025-08-10,CUST0782,PROD0118,SELL044,4,0.05,Credit Card,Returned
ORD011746,2025-07-30,CUST0856,PROD0033,SELL055,2,0.2,UPI,Shipped
ORD011747,2024-05-31,CUST0142,PROD0125,SELL073,2,0.15,Debit Card,Shipped
ORD011748,2025-08-29,CUST1070,PROD0162,SELL024,3,0.2,Credit Card,Cancelled
ORD011749,2024-08-26,CUST1103,PROD0148,SELL006,4,0.1,UPI,Delivered
ORD011750,2024-04-10,CUST1183,PROD0104,SELL058,2,0.15,Credit Card,Returned
ORD011751,2025-10-04,CUST0435,PROD0066,SELL018,2,0.05,Credit Card,Shipped
ORD011752,2024-06-23,CUST0970,PROD0105,SELL071,3,0.1,COD,Shipped
ORD011753,2024-05-28,CUST0556,PROD0177,SELL059,1,0.15,Debit Card,Shipped
ORD011754,2024-07-16,CUST0287,PROD0078,SELL065,3,0.05,Net Banking,Delivered
ORD011755,2024-12-25,CUST0359,PROD0127,SELL018,4,0.15,Net Banking,Delivered
ORD011756,2024-05-01,CUST0864,PROD0080,SELL015,3,0.1,Credit Card,Delivered
ORD011757,2024-04-26,CUST0002,PROD0157,SELL037,4,0.1,Credit Card,Cancelled
ORD011758,2024-10-13,CUST0217,PROD0083,SELL065,2,0.05,COD,Delivered
ORD011759,2024-06-08,CUST0658,PROD0118,SELL053,1,0.15,COD,Cancelled
ORD011760,2024-05-21,CUST0453,PROD0059,SELL023,3,0.15,Credit Card,Delivered
ORD011761,2025-10-28,CUST1117,PROD0090,SELL053,2,0.15,Debit Card,Shipped
ORD011762,2025-03-11,CUST0262,PROD0163,SELL040,2,0.0,COD,Delivered
ORD011763,2024-01-11,CUST0324,PROD0074,SELL029,4,0.05,UPI,Delivered
ORD011764,2024-03-15,CUST0029,PROD0041,SELL006,4,0.0,Debit Card,Delivered
ORD011765,2025-08-17,CUST0242,PROD0060,SELL059,1,0.15,Debit Card,Shipped
ORD011766,2024-07-16,CUST0786,PROD0050,SELL061,4,0.2,Net Banking,Returned
ORD011767,2024-04-21,CUST0164,PROD0037,SELL053,1,0.25,Credit Card,Shipped
ORD011768,2025-05-01,CUST0660,PROD0117,SELL060,3,0.15,Credit Card,Returned
ORD011769,2025-09-04,CUST0180,PROD0134,SELL005,1,0.05,Net Banking,Returned
ORD011770,2024-10-18,CUST0483,PROD0127,SELL009,4,0.1,Net Banking,Returned
ORD011771,2025-06-27,CUST1062,PROD0094,SELL059,2,0.1,Debit Card,Returned
ORD011772,2024-11-04,CUST0055,PROD0133,SELL034,1,0.15,Net Banking,Shipped
ORD011773,2024-03-20,CUST0365,PROD0158,SELL013,2,0.2,COD,Delivered
ORD011774,2025-08-06,CUST1112,PROD0177,SELL058,1,0.05,UPI,Delivered
ORD011775,2025-11-02,CUST0113,PROD0058,SELL008,2,0.15,COD,Shipped
ORD011776,2025-12-20,CUST1128,PROD0142,SELL062,2,0.1,Debit Card,Returned
ORD011777,2024-03-14,CUST0164,PROD0082,SELL054,3,0.0,Net Banking,Delivered
ORD011778,2025-02-17,CUST0586,PROD0172,SELL068,1,0.15,UPI,Shipped
ORD011779,2025-03-31,CUST1170,PROD0027,SELL077,2,0.1,COD,Returned
ORD011780,2024-02-27,CUST0540,PROD0060,SELL037,4,0.1,Debit Card,Delivered
ORD011781,2025-11-26,CUST0069,PROD0126,SELL004,4,0.1,Credit Card,Shipped
ORD011782,2024-03-16,CUST0303,PROD0016,SELL013,1,0.05,Net Banking,Cancelled
ORD011783,2024-07-15,CUST0657,PROD0104,SELL065,2,0.1,COD,Returned
ORD011784,2025-12-08,CUST0269,PROD0091,SELL026,3,0.0,Credit Card,Shipped
ORD011785,2025-02-10,CUST0881,PROD0179,SELL011,1,0.15,UPI,Shipped
ORD011786,2025-05-11,CUST0975,PROD0029,SELL068,2,0.0,UPI,Delivered
ORD011787,2024-12-26,CUST0523,PROD0103,SELL049,2,0.1,Net Banking,Delivered
ORD011788,2025-07-04,CUST0126,PROD0155,SELL024,2,0.0,Debit Card,Delivered
ORD011789,2024-02-29,CUST0748,PROD0068,SELL006,4,0.15,Debit Card,Delivered
ORD011790,2025-05-08,CUST0193,PROD0102,SELL019,4,0.0,Debit Card,Cancelled
ORD011791,2024-02-18,CUST0978,PROD0154,SELL076,1,0.05,COD,Shipped
ORD011792,2024-05-11,CUST0984,PROD0129,SELL048,2,0.1,Credit Card,Delivered
ORD011793,2025-01-05,CUST0877,PROD0109,SELL005,3,0.15,Net Banking,Delivered
ORD011794,2024-11-23,CUST0307,PROD0020,SELL058,1,0.15,UPI,Cancelled
ORD011795,2024-04-21,CUST0773,PROD0059,SELL006,4,0.1,COD,Cancelled
ORD011796,2025-08-06,CUST1194,PROD0102,SELL077,2,0.0,Credit Card,Shipped
ORD011797,2024-08-08,CUST0106,PROD0057,SELL050,1,0.0,Credit Card,Cancelled
ORD011798,2025-09-25,CUST0551,PROD0178,SELL026,3,0.1,Net Banking,Returned
ORD011799,2024-01-11,CUST1048,PROD0083,SELL065,1,0.0,Debit Card,Returned
ORD011800,2024-06-22,CUST0012,PROD0008,SELL049,2,0.0,Credit Card,Shipped
ORD011801,2024-08-04,CUST0540,PROD0137,SELL074,4,0.15,Credit Card,Delivered
ORD011802,2025-03-11,CUST0612,PROD0018,SELL039,3,0.05,Debit Card,Shipped
ORD011803,2024-10-20,CUST0561,PROD0081,SELL032,3,0.0,UPI,Shipped
ORD011804,2024-04-24,CUST0708,PROD0029,SELL009,3,0.05,Net Banking,Cancelled
ORD011805,2025-02-21,CUST1020,PROD0036,SELL053,3,0.15,Credit Card,Returned
ORD011806,2025-12-01,CUST0367,PROD0086,SELL022,1,0.15,Credit Card,Delivered
ORD011807,2024-04-07,CUST1011,PROD0069,SELL047,2,0.0,UPI,Delivered
ORD011808,2024-07-03,CUST0189,PROD0018,SELL055,3,0.0,Net Banking,Shipped
ORD011809,2024-12-15,CUST0829,PROD0143,SELL034,2,0.1,Net Banking,Delivered
ORD011810,2025-06-15,CUST0084,PROD0176,SELL042,2,0.1,Net Banking,Cancelled
ORD011811,2024-04-09,CUST1171,PROD0133,SELL022,4,0.1,Net Banking,Delivered
ORD011812,2024-06-17,CUST0581,PROD0021,SELL078,3,0.2,COD,Cancelled
ORD011813,2024-06-20,CUST1033,PROD0048,SELL048,2,0.2,Credit Card,Delivered
ORD011814,2025-03-26,CUST0297,PROD0014,SELL064,4,0.0,UPI,Cancelled
ORD011815,2024-03-01,CUST0178,PROD0135,SELL010,4,0.2,Credit Card,Returned
ORD011816,2025-04-26,CUST0336,PROD0027,SELL017,2,0.05,UPI,Delivered
ORD011817,2024-11-07,CUST1008,PROD0164,SELL022,1,0.0,UPI,Returned
ORD011818,2024-08-28,CUST1112,PROD0014,SELL044,2,0.15,UPI,Cancelled
ORD011819,2025-09-22,CUST0635,PROD0129,SELL069,3,0.0,COD,Delivered
ORD011820,2025-08-21,CUST0387,PROD0171,SELL042,4,0.15,Net Banking,Shipped
ORD011821,2025-08-09,CUST0451,PROD0092,SELL015,3,0.1,COD,Cancelled
ORD011822,2025-10-09,CUST0507,PROD0134,SELL029,1,0.0,Net Banking,Shipped
ORD011823,2024-06-19,CUST1150,PROD0173,SELL068,4,0.0,UPI,Delivered
ORD011824,2025-09-17,CUST0236,PROD0127,SELL013,4,0.0,COD,Delivered
ORD011825,2024-05-08,CUST0830,PROD0014,SELL042,2,0.15,Credit Card,Cancelled
ORD011826,2024-08-29,CUST0687,PROD0168,SELL075,4,0.05,UPI,Returned
ORD011827,2025-02-10,CUST0486,PROD0131,SELL025,3,0.1,Credit Card,Returned
ORD011828,2025-06-28,CUST0584,PROD0178,SELL066,3,0.2,UPI,Shipped
ORD011829,2025-02-26,CUST1130,PROD0028,SELL063,3,0.0,UPI,Cancelled
ORD011830,2025-02-12,CUST0686,PROD0114,SELL052,3,0.1,Credit Card,Returned
ORD011831,2024-10-02,CUST0333,PROD0135,SELL035,3,0.2,Credit Card,Delivered
ORD011832,2025-03-09,CUST0835,PROD0015,SELL006,1,0.1,Debit Card,Delivered
ORD011833,2024-12-13,CUST1011,PROD0140,SELL066,3,0.1,UPI,Returned
ORD011834,2024-12-14,CUST0355,PROD0098,SELL065,3,0.15,UPI,Cancelled
ORD011835,2025-03-04,CUST1154,PROD0042,SELL056,4,0.05,UPI,Cancelled
ORD011836,2025-03-14,CUST0410,PROD0013,SELL055,4,0.1,COD,Returned
ORD011837,2024-08-29,CUST1074,PROD0128,SELL051,1,0.2,Net Banking,Returned
ORD011838,2024-04-09,CUST0461,PROD0010,SELL042,4,0.15,Credit Card,Cancelled
ORD011839,2024-08-06,CUST0938,PROD0156,SELL058,3,0.2,Debit Card,Delivered
ORD011840,2024-10-25,CUST1088,PROD0103,SELL030,4,0.2,UPI,Delivered
ORD011841,2024-04-27,CUST0333,PROD0177,SELL042,2,0.05,Net Banking,Delivered
ORD011842,2024-05-09,CUST0216,PROD0166,SELL040,2,0.1,Net Banking,Delivered
ORD011843,2025-11-26,CUST0311,PROD0045,SELL065,4,0.05,UPI,Returned
ORD011844,2024-07-23,CUST0305,PROD0073,SELL019,4,0.0,UPI,Delivered
ORD011845,2025-06-24,CUST0350,PROD0149,SELL048,3,0.05,UPI,Delivered
ORD011846,2024-04-03,CUST0438,PROD0153,SELL037,3,0.1,Credit Card,Shipped
ORD011847,2025-12-11,CUST1137,PROD0010,SELL021,3,0.15,COD,Cancelled
ORD011848,2024-06-04,CUST0614,PROD0117,SELL053,2,0.1,UPI,Shipped
ORD011849,2024-10-14,CUST0623,PROD0131,SELL047,3,0.1,COD,Delivered
ORD011850,2025-07-25,CUST0266,PROD0167,SELL034,2,0.1,COD,Cancelled
ORD011851,2024-05-27,CUST0848,PROD0063,SELL056,3,0.0,COD,Cancelled
ORD011852,2025-02-05,CUST0726,PROD0014,SELL042,3,0.05,UPI,Delivered
ORD011853,2025-07-28,CUST1105,PROD0014,SELL024,2,0.05,Debit Card,Delivered
ORD011854,2024-01-18,CUST0308,PROD0064,SELL063,2,0.15,Net Banking,Shipped
ORD011855,2024-01-19,CUST0562,PROD0021,SELL071,3,0.1,Debit Card,Delivered
ORD011856,2025-07-30,CUST0874,PROD0118,SELL023,3,0.0,UPI,Returned
ORD011857,2024-07-11,CUST0850,PROD0002,SELL007,3,0.2,UPI,Delivered
ORD011858,2025-10-26,CUST1188,PROD0025,SELL077,1,0.0,Net Banking,Returned
ORD011859,2025-11-08,CUST0605,PROD0128,SELL030,2,0.1,COD,Delivered
ORD011860,2025-10-05,CUST1187,PROD0132,SELL010,4,0.15,COD,Returned
ORD011861,2025-12-29,CUST0032,PROD0037,SELL078,4,0.0,UPI,Shipped
ORD011862,2025-08-24,CUST0707,PROD0053,SELL001,4,0.1,Credit Card,Delivered
ORD011863,2024-10-07,CUST1169,PROD0141,SELL022,2,0.0,COD,Returned
ORD011864,2025-12-26,CUST0536,PROD0055,SELL007,4,0.1,Credit Card,Delivered
ORD011865,2024-09-09,CUST0679,PROD0130,SELL061,2,0.0,UPI,Returned
ORD011866,2025-03-04,CUST0244,PROD0082,SELL061,2,0.05,UPI,Cancelled
ORD011867,2024-01-05,CUST0731,PROD0085,SELL013,2,0.05,COD,Delivered
ORD011868,2025-12-04,CUST0172,PROD0072,SELL065,3,0.1,Debit Card,Returned
ORD011869,2025-03-08,CUST0455,PROD0125,SELL001,1,0.15,UPI,Delivered
ORD011870,2025-11-24,CUST0441,PROD0043,SELL015,3,0.15,Credit Card,Delivered
ORD011871,2024-09-14,CUST0959,PROD0171,SELL013,2,0.2,COD,Returned
ORD011872,2024-08-16,CUST0568,PROD0135,SELL064,1,0.1,Credit Card,Delivered
ORD011873,2025-01-16,CUST0818,PROD0133,SELL009,3,0.1,Debit Card,Returned
ORD011874,2025-09-23,CUST0879,PROD0180,SELL080,4,0.0,Credit Card,Cancelled
ORD011875,2025-02-05,CUST1110,PROD0178,SELL001,2,0.15,COD,Delivered
ORD011876,2025-08-02,CUST0965,PROD0082,SELL076,3,0.2,Debit Card,Cancelled
ORD011877,2024-06-05,CUST0587,PROD0123,SELL043,3,0.15,Debit Card,Delivered
ORD011878,2025-07-21,CUST0142,PROD0005,SELL022,2,0.15,UPI,Delivered
ORD011879,2025-06-19,CUST0792,PROD0111,SELL053,4,0.1,COD,Cancelled
ORD011880,2025-10-17,CUST1025,PROD0149,SELL045,2,0.2,UPI,Shipped
ORD011881,2024-02-12,CUST0255,PROD0109,SELL005,1,0.1,Net Banking,Shipped
ORD011882,2024-10-07,CUST0775,PROD0141,SELL049,1,0.0,Debit Card,Returned
ORD011883,2024-03-05,CUST0112,PROD0048,SELL071,1,0.15,COD,Delivered
ORD011884,2024-10-19,CUST0589,PROD0089,SELL036,2,0.05,COD,Delivered
ORD011885,2025-07-08,CUST0490,PROD0020,SELL074,1,0.25,COD,Shipped
ORD011886,2025-04-12,CUST0875,PROD0025,SELL025,2,0.05,Credit Card,Cancelled
ORD011887,2025-07-04,CUST0880,PROD0152,SELL030,1,0.0,Debit Card,Returned
ORD011888,2025-06-23,CUST0424,PROD0008,SELL012,4,0.0,Net Banking,Returned
ORD011889,2025-12-26,CUST0747,PROD0012,SELL043,1,0.0,Net Banking,Delivered
ORD011890,2025-10-05,CUST0347,PROD0057,SELL059,1,0.05,COD,Delivered
ORD011891,2025-03-04,CUST0629,PROD0026,SELL040,2,0.2,UPI,Delivered
ORD011892,2025-10-02,CUST0896,PROD0038,SELL068,4,0.0,Debit Card,Returned
ORD011893,2024-02-05,CUST0330,PROD0030,SELL078,2,0.0,COD,Cancelled
ORD011894,2025-06-11,CUST0135,PROD0140,SELL080,1,0.0,Net Banking,Delivered
ORD011895,2025-01-16,CUST1075,PROD0127,SELL068,3,0.05,Net Banking,Returned
ORD011896,2025-11-30,CUST1167,PROD0043,SELL042,4,0.15,COD,Cancelled
ORD011897,2025-01-03,CUST1060,PROD0005,SELL056,2,0.15,UPI,Delivered
ORD011898,2024-05-10,CUST0026,PROD0179,SELL009,4,0.15,Debit Card,Shipped
ORD011899,2025-06-13,CUST0061,PROD0016,SELL071,2,0.05,Net Banking,Returned
ORD011900,2025-11-25,CUST0583,PROD0112,SELL048,2,0.0,COD,Delivered
ORD011901,2024-01-12,CUST0435,PROD0051,SELL057,4,0.2,COD,Shipped
ORD011902,2024-02-16,CUST0493,PROD0161,SELL067,4,0.1,Debit Card,Delivered
ORD011903,2025-04-28,CUST0162,PROD0180,SELL021,2,0.05,COD,Delivered
ORD011904,2025-02-10,CUST0281,PROD0128,SELL008,2,0.05,Net Banking,Shipped
ORD011905,2025-02-05,CUST0539,PROD0114,SELL065,1,0.1,UPI,Delivered
ORD011906,2024-03-06,CUST0177,PROD0078,SELL080,1,0.15,Credit Card,Delivered
ORD011907,2025-02-22,CUST0002,PROD0048,SELL058,3,0.05,Debit Card,Delivered
ORD011908,2025-02-19,CUST1130,PROD0013,SELL043,1,0.05,Debit Card,Delivered
ORD011909,2025-09-12,CUST0759,PROD0022,SELL022,4,0.15,UPI,Delivered
ORD011910,2024-10-12,CUST1003,PROD0058,SELL041,1,0.0,Net Banking,Returned
ORD011911,2024-09-11,CUST0701,PROD0091,SELL042,2,0.05,UPI,Returned
ORD011912,2024-02-29,CUST0672,PROD0105,SELL011,4,0.15,Debit Card,Delivered
ORD011913,2025-02-18,CUST0719,PROD0079,SELL060,1,0.1,UPI,Delivered
ORD011914,2025-04-18,CUST0098,PROD0115,SELL061,1,0.2,COD,Delivered
ORD011915,2024-07-24,CUST0543,PROD0042,SELL024,4,0.15,UPI,Delivered
ORD011916,2025-06-18,CUST0555,PROD0042,SELL066,4,0.1,COD,Cancelled
ORD011917,2025-11-16,CUST0773,PROD0125,SELL006,2,0.1,UPI,Delivered
ORD011918,2024-05-07,CUST1087,PROD0143,SELL073,4,0.05,COD,Returned
ORD011919,2025-02-22,CUST0205,PROD0066,SELL004,3,0.05,Debit Card,Delivered
ORD011920,2025-05-22,CUST1135,PROD0090,SELL053,1,0.05,UPI,Delivered
ORD011921,2024-01-14,CUST0378,PROD0077,SELL009,4,0.0,Debit Card,Returned
ORD011922,2024-05-10,CUST0461,PROD0064,SELL016,2,0.0,Net Banking,Delivered
ORD011923,2024-10-16,CUST0988,PROD0031,SELL067,1,0.1,Credit Card,Delivered
ORD011924,2024-04-10,CUST0008,PROD0127,SELL052,2,0.05,Debit Card,Returned
ORD011925,2024-09-16,CUST0537,PROD0079,SELL033,4,0.25,Credit Card,Delivered
ORD011926,2024-04-17,CUST0667,PROD0099,SELL037,4,0.0,UPI,Delivered
ORD011927,2025-10-17,CUST0564,PROD0053,SELL007,2,0.2,Credit Card,Delivered
ORD011928,2025-03-13,CUST0533,PROD0033,SELL039,2,0.1,Net Banking,Delivered
ORD011929,2024-08-28,CUST0742,PROD0117,SELL033,4,0.0,Net Banking,Delivered
ORD011930,2025-07-23,CUST1165,PROD0159,SELL061,4,0.25,Debit Card,Shipped
ORD011931,2024-01-14,CUST0806,PROD0123,SELL009,1,0.05,Debit Card,Delivered
ORD011932,2025-03-12,CUST0434,PROD0007,SELL009,3,0.1,Credit Card,Cancelled
ORD011933,2025-05-14,CUST0445,PROD0049,SELL026,4,0.05,Debit Card,Cancelled
ORD011934,2025-08-14,CUST0031,PROD0068,SELL033,4,0.15,Net Banking,Cancelled
ORD011935,2024-06-11,CUST0145,PROD0020,SELL057,4,0.05,COD,Delivered
ORD011936,2025-03-08,CUST0247,PROD0004,SELL056,3,0.2,Debit Card,Delivered
ORD011937,2025-07-15,CUST0319,PROD0072,SELL055,2,0.05,UPI,Delivered
ORD011938,2025-08-05,CUST0921,PROD0007,SELL072,1,0.15,Credit Card,Delivered
ORD011939,2024-05-08,CUST0088,PROD0053,SELL066,2,0.0,Debit Card,Delivered
ORD011940,2025-12-14,CUST0801,PROD0075,SELL071,4,0.05,UPI,Delivered
ORD011941,2024-07-19,CUST0570,PROD0083,SELL078,4,0.1,Net Banking,Delivered
ORD011942,2024-10-12,CUST0107,PROD0046,SELL076,3,0.15,COD,Returned
ORD011943,2024-05-20,CUST0250,PROD0121,SELL073,2,0.05,COD,Delivered
ORD011944,2024-04-19,CUST0867,PROD0100,SELL002,1,0.15,Credit Card,Delivered
ORD011945,2024-07-05,CUST0209,PROD0179,SELL016,3,0.1,UPI,Delivered
ORD011946,2024-04-08,CUST0706,PROD0175,SELL031,2,0.05,Credit Card,Returned
ORD011947,2025-06-19,CUST0624,PROD0164,SELL049,3,0.1,Credit Card,Shipped
ORD011948,2025-03-12,CUST0685,PROD0046,SELL054,4,0.0,Debit Card,Cancelled
ORD011949,2024-10-12,CUST0045,PROD0134,SELL023,2,0.15,COD,Delivered
ORD011950,2025-02-03,CUST0033,PROD0099,SELL019,3,0.1,Net Banking,Delivered
ORD011951,2025-03-17,CUST1131,PROD0159,SELL031,2,0.15,Credit Card,Returned
ORD011952,2024-05-14,CUST0649,PROD0102,SELL038,1,0.2,Debit Card,Shipped
ORD011953,2024-08-05,CUST1147,PROD0177,SELL041,4,0.1,Net Banking,Delivered
ORD011954,2025-10-06,CUST0382,PROD0075,SELL031,4,0.0,COD,Delivered
ORD011955,2024-01-09,CUST1042,PROD0148,SELL013,1,0.2,UPI,Delivered
ORD011956,2025-11-30,CUST0791,PROD0091,SELL008,3,0.0,Net Banking,Delivered
ORD011957,2025-12-05,CUST0104,PROD0084,SELL011,4,0.25,Debit Card,Returned
ORD011958,2024-07-04,CUST1117,PROD0162,SELL003,3,0.25,Debit Card,Delivered
ORD011959,2024-08-22,CUST0816,PROD0100,SELL080,4,0.1,Credit Card,Delivered
ORD011960,2024-05-31,CUST1022,PROD0076,SELL072,3,0.0,COD,Delivered
ORD011961,2025-02-13,CUST0702,PROD0021,SELL052,1,0.1,COD,Delivered
ORD011962,2024-06-05,CUST0285,PROD0005,SELL079,4,0.05,Net Banking,Delivered
ORD011963,2025-07-31,CUST0641,PROD0077,SELL078,4,0.15,Credit Card,Cancelled
ORD011964,2024-10-10,CUST0043,PROD0044,SELL076,4,0.15,UPI,Delivered
ORD011965,2025-12-08,CUST1123,PROD0155,SELL049,2,0.0,COD,Delivered
ORD011966,2025-09-15,CUST1032,PROD0095,SELL007,2,0.15,Credit Card,Shipped
ORD011967,2024-10-20,CUST0161,PROD0171,SELL066,1,0.2,UPI,Returned
ORD011968,2025-03-11,CUST1123,PROD0158,SELL039,2,0.25,UPI,Shipped
ORD011969,2024-01-18,CUST0659,PROD0025,SELL069,1,0.05,Net Banking,Delivered
ORD011970,2024-02-19,CUST0225,PROD0052,SELL078,4,0.1,Debit Card,Delivered
ORD011971,2025-01-04,CUST0432,PROD0138,SELL047,4,0.15,Net Banking,Delivered
ORD011972,2024-12-11,CUST0176,PROD0174,SELL035,2,0.2,Debit Card,Delivered
ORD011973,2024-10-18,CUST0462,PROD0024,SELL044,2,0.1,Credit Card,Delivered
ORD011974,2024-03-07,CUST0587,PROD0060,SELL077,2,0.05,Credit Card,Returned
ORD011975,2025-09-05,CUST0213,PROD0113,SELL067,1,0.15,Net Banking,Delivered
ORD011976,2024-10-23,CUST0255,PROD0123,SELL078,4,0.15,Net Banking,Delivered
ORD011977,2024-12-09,CUST0475,PROD0174,SELL073,3,0.1,Net Banking,Delivered
ORD011978,2024-10-21,CUST0073,PROD0036,SELL012,1,0.2,UPI,Delivered
ORD011979,2024-12-29,CUST1089,PROD0156,SELL061,1,0.0,COD,Cancelled
ORD011980,2025-04-18,CUST0873,PROD0010,SELL060,3,0.2,Debit Card,Delivered
ORD011981,2025-07-12,CUST0715,PROD0003,SELL072,3,0.1,Debit Card,Delivered
ORD011982,2025-02-05,CUST1168,PROD0096,SELL002,4,0.0,Credit Card,Delivered
ORD011983,2024-05-01,CUST0711,PROD0135,SELL019,3,0.05,Net Banking,Shipped
ORD011984,2025-10-01,CUST0499,PROD0057,SELL029,2,0.15,Credit Card,Cancelled
ORD011985,2024-07-27,CUST1086,PROD0140,SELL069,1,0.0,Net Banking,Returned
ORD011986,2024-01-12,CUST0536,PROD0168,SELL078,1,0.15,Net Banking,Returned
ORD011987,2024-01-29,CUST1199,PROD0138,SELL035,4,0.0,Net Banking,Delivered
ORD011988,2025-07-19,CUST0150,PROD0112,SELL048,2,0.0,COD,Delivered
ORD011989,2024-10-09,CUST0298,PROD0162,SELL015,4,0.25,UPI,Delivered
ORD011990,2024-01-17,CUST0156,PROD0155,SELL060,1,0.1,Net Banking,Delivered
ORD011991,2025-08-16,CUST0895,PROD0051,SELL015,2,0.25,Credit Card,Delivered
ORD011992,2024-08-10,CUST0942,PROD0049,SELL045,2,0.15,COD,Cancelled
ORD011993,2025-12-15,CUST0064,PROD0042,SELL045,3,0.05,Credit Card,Delivered
ORD011994,2025-10-05,CUST0782,PROD0171,SELL006,2,0.0,Net Banking,Delivered
ORD011995,2024-02-05,CUST0207,PROD0122,SELL001,1,0.05,UPI,Delivered
ORD011996,2025-05-19,CUST0424,PROD0017,SELL019,4,0.15,Credit Card,Returned
ORD011997,2025-03-16,CUST0221,PROD0034,SELL050,4,0.15,UPI,Shipped
ORD011998,2024-05-05,CUST0729,PROD0164,SELL070,4,0.2,COD,Cancelled
ORD011999,2024-09-07,CUST0734,PROD0175,SELL052,3,0.15,Net Banking,Delivered
ORD012000,2024-12-24,CUST0560,PROD0122,SELL043,1,0.15,Net Banking,Delivered
ORD001001,2024-01-25,CUST0126,PROD0087,SELL037,3,0.05,Net Banking,Delivered
